datetime,actual_pm25,predicted_pm25,lgb_pred,xgb_pred,error,abs_error
2016-07-15 02:00:00,26.875,28.457164764404297,30.349621225342176,28.457165,-1.5821647644042969,1.5821647644042969
2016-07-15 03:00:00,27.166666666666668,28.368194580078125,31.524894587829905,28.368195,-1.2015279134114571,1.2015279134114571
2016-07-15 04:00:00,28.0,31.014236450195312,31.447784450163525,31.014236,-3.0142364501953125,3.0142364501953125
2016-07-15 05:00:00,27.416666666666668,33.06068420410156,33.09160347504871,33.060684,-5.644017537434895,5.644017537434895
2016-07-15 06:00:00,27.375,32.23484802246094,32.22986250091506,32.234848,-4.8598480224609375,4.8598480224609375
2016-07-15 07:00:00,29.166666666666668,32.00892639160156,31.898552513120812,32.008926,-2.8422597249348946,2.8422597249348946
2016-07-15 08:00:00,28.291666666666668,33.410465240478516,33.64243433771982,33.410465,-5.118798573811848,5.118798573811848
2016-07-15 09:00:00,27.583333333333332,33.510135650634766,33.17707013721099,33.510136,-5.9268023173014335,5.9268023173014335
2016-07-15 10:00:00,28.375,32.48546600341797,32.57653135422177,32.485466,-4.110466003417969,4.110466003417969
2016-07-15 11:00:00,29.541666666666668,32.84657287597656,32.06209470596575,32.846573,-3.3049062093098946,3.3049062093098946
2016-07-15 12:00:00,29.666666666666668,30.080078125,29.318627665264174,30.080078,-0.41341145833333215,0.41341145833333215
2016-07-15 13:00:00,30.291666666666668,30.128517150878906,31.37838411074327,30.128517,0.1631495157877616,0.1631495157877616
2016-07-15 14:00:00,31.083333333333332,29.52666473388672,29.9551523188569,29.526665,1.5566685994466134,1.5566685994466134
2016-07-15 15:00:00,31.666666666666668,27.761428833007812,27.3496351409543,27.761429,3.9052378336588554,3.9052378336588554
2016-07-15 16:00:00,31.583333333333332,27.464889526367188,26.610577183134698,27.46489,4.118443806966145,4.118443806966145
2016-07-15 17:00:00,31.958333333333332,26.07675552368164,25.35294667157214,26.076756,5.8815778096516915,5.8815778096516915
2016-07-15 18:00:00,31.916666666666668,26.64673614501953,25.936980560300263,26.646736,5.269930521647137,5.269930521647137
2016-07-15 19:00:00,32.166666666666664,27.352611541748047,26.405183860806016,27.352612,4.814055124918617,4.814055124918617
2016-07-15 20:00:00,32.291666666666664,26.862163543701172,25.624275089334006,26.862164,5.429503122965492,5.429503122965492
2016-07-15 21:00:00,32.5,25.80420684814453,24.967016040062585,25.804207,6.695793151855469,6.695793151855469
2016-07-15 22:00:00,32.666666666666664,26.60344696044922,25.33773480341153,26.603447,6.0632197062174455,6.0632197062174455
2016-07-15 23:00:00,32.833333333333336,25.711414337158203,24.557751769619653,25.711414,7.121918996175133,7.121918996175133
2016-07-16 00:00:00,33.25,26.370262145996094,25.26208395266146,26.370262,6.879737854003906,6.879737854003906
2016-07-16 01:00:00,34.458333333333336,26.047714233398438,25.56769244036835,26.047714,8.410619099934898,8.410619099934898
2016-07-16 02:00:00,33.375,29.20104217529297,29.302178001306856,29.201042,4.173957824707031,4.173957824707031
2016-07-16 03:00:00,32.708333333333336,29.815261840820312,29.473650304702684,29.815262,2.893071492513023,2.893071492513023
2016-07-16 04:00:00,31.583333333333332,30.829280853271484,31.03457125720061,30.82928,0.7540524800618478,0.7540524800618478
2016-07-16 05:00:00,31.791666666666668,25.742191314697266,28.070729530987,25.742191,6.049475351969402,6.049475351969402
2016-07-16 06:00:00,31.708333333333332,26.002216339111328,27.45718478988154,26.002216,5.706116994222004,5.706116994222004
2016-07-16 07:00:00,29.958333333333332,27.01477813720703,29.08843771208196,27.014778,2.943555196126301,2.943555196126301
2016-07-16 08:00:00,30.166666666666668,22.819595336914062,26.66879706138346,22.819595,7.347071329752605,7.347071329752605
2016-07-16 09:00:00,30.708333333333332,23.76364517211914,26.027486810760276,23.763645,6.9446881612141915,6.9446881612141915
2016-07-16 10:00:00,29.833333333333332,25.929832458496094,27.739994985045453,25.929832,3.9035008748372384,3.9035008748372384
2016-07-16 11:00:00,28.791666666666668,28.363975524902344,28.75777202250145,28.363976,0.4276911417643241,0.4276911417643241
2016-07-16 12:00:00,28.958333333333332,27.973480224609375,28.6694012831218,27.97348,0.9848531087239571,0.9848531087239571
2016-07-16 13:00:00,28.083333333333332,28.34368133544922,29.897070121234457,28.343681,-0.2603480021158866,0.2603480021158866
2016-07-16 14:00:00,27.416666666666668,30.16241455078125,31.451158598642415,30.162415,-2.745747884114582,2.745747884114582
2016-07-16 15:00:00,27.125,30.173038482666016,30.26424286458279,30.173038,-3.0480384826660156,3.0480384826660156
2016-07-16 16:00:00,27.291666666666668,29.189125061035156,30.041579419726084,29.189125,-1.8974583943684884,1.8974583943684884
2016-07-16 17:00:00,27.208333333333332,29.50808334350586,30.86797796742155,29.508083,-2.2997500101725272,2.2997500101725272
2016-07-16 18:00:00,27.375,29.07788848876953,30.947864777649286,29.077888,-1.7028884887695312,1.7028884887695312
2016-07-16 19:00:00,27.375,29.632991790771484,31.162089834629757,29.632992,-2.2579917907714844,2.2579917907714844
2016-07-16 20:00:00,27.875,29.27981185913086,31.29523244442134,29.279812,-1.4048118591308594,1.4048118591308594
2016-07-16 21:00:00,28.375,29.442848205566406,30.830508866995675,29.442848,-1.0678482055664062,1.0678482055664062
2016-07-16 22:00:00,28.291666666666668,30.032188415527344,31.1872607357949,30.032188,-1.740521748860676,1.740521748860676
2016-07-16 23:00:00,28.125,28.77660369873047,29.342951625180966,28.776604,-0.6516036987304688,0.6516036987304688
2016-07-17 00:00:00,27.958333333333332,32.09126663208008,31.3187420096759,32.091267,-4.132933298746746,4.132933298746746
2016-07-17 01:00:00,26.458333333333332,31.601940155029297,32.8054059826045,31.60194,-5.143606821695965,5.143606821695965
2016-07-17 02:00:00,26.125,31.145309448242188,32.36148663324036,31.14531,-5.0203094482421875,5.0203094482421875
2016-07-17 03:00:00,25.541666666666668,31.424571990966797,32.04624894293283,31.424572,-5.882905324300129,5.882905324300129
2016-07-17 04:00:00,25.166666666666668,29.330638885498047,30.625992948906234,29.330639,-4.163972218831379,4.163972218831379
2016-07-17 05:00:00,25.166666666666668,30.291767120361328,30.844311320255397,30.291767,-5.12510045369466,5.12510045369466
2016-07-17 06:00:00,25.041666666666668,31.79709243774414,31.725589973187574,31.797092,-6.755425771077473,6.755425771077473
2016-07-17 07:00:00,24.875,34.877803802490234,33.23043927706712,34.877804,-10.002803802490234,10.002803802490234
2016-07-17 08:00:00,25.083333333333332,32.16103744506836,31.202066738858708,32.161037,-7.077704111735027,7.077704111735027
2016-07-17 09:00:00,25.333333333333332,31.201534271240234,31.311784524501608,31.201534,-5.868200937906902,5.868200937906902
2016-07-17 10:00:00,25.666666666666668,32.429256439208984,31.238283148269048,32.429256,-6.7625897725423165,6.7625897725423165
2016-07-17 11:00:00,26.083333333333332,31.814781188964844,31.612567087626775,31.814781,-5.731447855631512,5.731447855631512
2016-07-17 12:00:00,26.458333333333332,31.33293914794922,32.18438786201268,31.33294,-4.874605814615887,4.874605814615887
2016-07-17 13:00:00,26.958333333333332,31.756526947021484,30.714696490940494,31.756527,-4.798193613688152,4.798193613688152
2016-07-17 14:00:00,27.416666666666668,31.373531341552734,29.453894990217368,31.373531,-3.9568646748860665,3.9568646748860665
2016-07-17 15:00:00,28.083333333333332,30.836830139160156,31.162055210756176,30.83683,-2.753496805826824,2.753496805826824
2016-07-17 16:00:00,28.583333333333332,30.33551788330078,29.146869426080716,30.335518,-1.752184549967449,1.752184549967449
2016-07-17 17:00:00,28.875,29.696868896484375,30.365244781077017,29.696869,-0.821868896484375,0.821868896484375
2016-07-17 18:00:00,29.416666666666668,29.091556549072266,29.08132423360761,29.091557,0.3251101175944022,0.3251101175944022
2016-07-17 19:00:00,30.083333333333332,29.07101058959961,30.87704683484609,29.07101,1.0123227437337228,1.0123227437337228
2016-07-17 20:00:00,30.75,30.15191650390625,32.07171030742338,30.151917,0.59808349609375,0.59808349609375
2016-07-17 21:00:00,30.916666666666668,31.222885131835938,32.66922933703313,31.222885,-0.30621846516926965,0.30621846516926965
2016-07-17 22:00:00,31.333333333333332,29.470195770263672,29.685285191829834,29.470196,1.8631375630696603,1.8631375630696603
2016-07-17 23:00:00,31.833333333333332,29.811561584472656,29.220908328123937,29.811562,2.021771748860676,2.021771748860676
2016-07-18 00:00:00,32.083333333333336,29.898799896240234,29.367699430165416,29.8988,2.1845334370931013,2.1845334370931013
2016-07-18 01:00:00,32.375,29.409446716308594,28.117147925848354,29.409447,2.9655532836914062,2.9655532836914062
2016-07-18 02:00:00,32.625,26.121692657470703,25.93369439614696,26.121693,6.503307342529297,6.503307342529297
2016-07-18 03:00:00,32.833333333333336,26.487751007080078,25.65226864388178,26.487751,6.345582326253258,6.345582326253258
2016-07-18 04:00:00,32.958333333333336,26.712276458740234,25.99080670860926,26.712276,6.246056874593101,6.246056874593101
2016-07-18 05:00:00,32.958333333333336,26.894817352294922,26.181135769980656,26.894817,6.063515981038414,6.063515981038414
2016-07-18 06:00:00,33.5,26.983592987060547,26.77148715432877,26.983593,6.516407012939453,6.516407012939453
2016-07-18 07:00:00,33.5,27.22658920288086,27.233683314553133,27.22659,6.273410797119141,6.273410797119141
2016-07-18 08:00:00,33.333333333333336,28.257247924804688,29.09817430224779,28.257248,5.076085408528648,5.076085408528648
2016-07-18 09:00:00,33.208333333333336,27.898578643798828,29.35163307562748,27.898579,5.309754689534508,5.309754689534508
2016-07-18 10:00:00,33.583333333333336,29.82227325439453,30.788932182924572,29.822273,3.7610600789388045,3.7610600789388045
2016-07-18 11:00:00,33.583333333333336,30.02527618408203,31.74160419642674,30.025276,3.5580571492513045,3.5580571492513045
2016-07-18 12:00:00,33.666666666666664,30.014163970947266,31.930777325093366,30.014164,3.6525026957193987,3.6525026957193987
2016-07-18 13:00:00,33.791666666666664,31.651248931884766,32.150180400128846,31.651249,2.1404177347818987,2.1404177347818987
2016-07-18 14:00:00,33.916666666666664,32.191532135009766,34.44019098014675,32.191532,1.7251345316568987,1.7251345316568987
2016-07-18 15:00:00,34.291666666666664,33.43218231201172,33.99634305863017,33.432182,0.8594843546549455,0.8594843546549455
2016-07-18 16:00:00,34.25,34.776973724365234,34.45727994464624,34.776974,-0.5269737243652344,0.5269737243652344
2016-07-18 17:00:00,34.833333333333336,35.84204864501953,35.07945763964571,35.84205,-1.0087153116861955,1.0087153116861955
2016-07-18 18:00:00,35.666666666666664,37.45405578613281,37.30602632264433,37.454056,-1.7873891194661482,1.7873891194661482
2016-07-18 19:00:00,35.625,38.674320220947266,40.01405411451871,38.67432,-3.0493202209472656,3.0493202209472656
2016-07-18 20:00:00,35.041666666666664,36.872032165527344,39.50705049152103,36.872032,-1.8303654988606795,1.8303654988606795
2016-07-18 21:00:00,34.875,38.60557174682617,41.24896151653444,38.60557,-3.730571746826172,3.730571746826172
2016-07-18 22:00:00,35.083333333333336,36.49142074584961,37.90635098119715,36.49142,-1.4080874125162737,1.4080874125162737
2016-07-18 23:00:00,36.083333333333336,36.24456787109375,37.8778735375799,36.244568,-0.1612345377604143,0.1612345377604143
2016-07-19 00:00:00,37.416666666666664,34.38996505737305,37.028949110137916,34.389965,3.0267016092936174,3.0267016092936174
2016-07-19 01:00:00,39.125,33.6749267578125,36.34116366333158,33.674927,5.4500732421875,5.4500732421875
2016-07-19 02:00:00,41.208333333333336,34.101341247558594,36.203913779033485,34.10134,7.106992085774742,7.106992085774742
2016-07-19 03:00:00,41.833333333333336,33.60340118408203,34.525212108419105,33.6034,8.229932149251304,8.229932149251304
2016-07-19 04:00:00,42.5,34.64380645751953,34.184395740567666,34.643806,7.856193542480469,7.856193542480469
2016-07-19 05:00:00,43.0,34.549495697021484,34.36381859833835,34.549496,8.450504302978516,8.450504302978516
2016-07-19 06:00:00,42.75,35.077003479003906,36.46120532335503,35.077003,7.672996520996094,7.672996520996094
2016-07-19 07:00:00,43.25,34.23213195800781,35.70770060801766,34.232132,9.017868041992188,9.017868041992188
2016-07-19 08:00:00,43.583333333333336,34.36335754394531,34.6897926072303,34.363358,9.219975789388023,9.219975789388023
2016-07-19 09:00:00,43.791666666666664,35.23461151123047,36.23297203950235,35.23461,8.557055155436196,8.557055155436196
2016-07-19 10:00:00,43.25,38.142181396484375,39.251831611766626,38.14218,5.107818603515625,5.107818603515625
2016-07-19 11:00:00,43.0,39.07329559326172,39.41392959825336,39.073296,3.9267044067382812,3.9267044067382812
2016-07-19 12:00:00,42.875,40.66643524169922,40.932146984238074,40.666435,2.2085647583007812,2.2085647583007812
2016-07-19 13:00:00,42.458333333333336,41.202632904052734,42.03995401400431,41.202633,1.2557004292806013,1.2557004292806013
2016-07-19 14:00:00,43.208333333333336,40.088050842285156,40.60669864918943,40.08805,3.1202824910481795,3.1202824910481795
2016-07-19 15:00:00,42.666666666666664,40.489830017089844,42.18559666660549,40.48983,2.1768366495768205,2.1768366495768205
2016-07-19 16:00:00,42.541666666666664,39.74739074707031,39.17260936294523,39.74739,2.794275919596352,2.794275919596352
2016-07-19 17:00:00,41.833333333333336,39.1473388671875,40.53236498735133,39.14734,2.6859944661458357,2.6859944661458357
2016-07-19 18:00:00,40.916666666666664,39.74385070800781,41.39499819651821,39.74385,1.1728159586588518,1.1728159586588518
2016-07-19 19:00:00,40.875,40.68182373046875,41.45577995365217,40.681824,0.19317626953125,0.19317626953125
2016-07-19 20:00:00,40.583333333333336,38.322235107421875,38.74183083315445,38.322235,2.2610982259114607,2.2610982259114607
2016-07-19 21:00:00,40.458333333333336,39.51707458496094,41.05843576064027,39.517075,0.9412587483723982,0.9412587483723982
2016-07-19 22:00:00,40.208333333333336,39.57482147216797,40.402387474338,39.57482,0.633511861165367,0.633511861165367
2016-07-19 23:00:00,40.791666666666664,40.24620819091797,42.67405430038923,40.24621,0.5454584757486955,0.5454584757486955
2016-07-20 00:00:00,40.208333333333336,41.07763671875,41.117199095869694,41.077637,-0.8693033854166643,0.8693033854166643
2016-07-20 01:00:00,41.125,38.775169372558594,40.20073516828798,38.77517,2.3498306274414062,2.3498306274414062
2016-07-20 02:00:00,40.354166666666664,39.72569274902344,40.49971649377383,39.725693,0.6284739176432268,0.6284739176432268
2016-07-20 03:00:00,40.104166666666664,34.70845031738281,36.259276038497454,34.70845,5.395716349283852,5.395716349283852
2016-07-20 04:00:00,39.770833333333336,38.9112548828125,40.04143174983773,38.911255,0.8595784505208357,0.8595784505208357
2016-07-20 05:00:00,39.520833333333336,38.666282653808594,39.65725164275765,38.666283,0.854550679524742,0.854550679524742
2016-07-20 06:00:00,40.770833333333336,39.392547607421875,40.408260538686775,39.392548,1.3782857259114607,1.3782857259114607
2016-07-20 07:00:00,41.854166666666664,40.819007873535156,42.05429568789881,40.819008,1.035158793131508,1.035158793131508
2016-07-20 08:00:00,43.4375,40.52161407470703,42.298179387592874,40.521614,2.9158859252929688,2.9158859252929688
2016-07-20 09:00:00,43.5625,41.23724365234375,43.75196568456704,41.237244,2.32525634765625,2.32525634765625
2016-07-20 10:00:00,43.604166666666664,39.77676773071289,41.052760813915846,39.776768,3.8273989359537737,3.8273989359537737
2016-07-20 11:00:00,43.8125,39.64886474609375,41.45353843117678,39.648865,4.16363525390625,4.16363525390625
2016-07-20 12:00:00,43.854166666666664,38.440269470214844,41.18494058329022,38.44027,5.4138971964518205,5.4138971964518205
2016-07-20 13:00:00,44.4375,37.04528045654297,40.068885741383404,37.04528,7.392219543457031,7.392219543457031
2016-07-20 14:00:00,43.1875,40.448875427246094,43.84279351942823,40.448875,2.7386245727539062,2.7386245727539062
2016-07-20 15:00:00,42.4375,39.45147705078125,42.89046750474362,39.451477,2.98602294921875,2.98602294921875
2016-07-20 16:00:00,42.1875,39.70728302001953,41.5854840866113,39.707283,2.4802169799804688,2.4802169799804688
2016-07-20 17:00:00,42.0625,40.15794372558594,40.73782887742824,40.157944,1.9045562744140625,1.9045562744140625
2016-07-20 18:00:00,42.3125,38.10081481933594,40.171898956698456,38.100815,4.2116851806640625,4.2116851806640625
2016-07-20 19:00:00,41.8125,39.78044128417969,41.971843013181065,39.78044,2.0320587158203125,2.0320587158203125
2016-07-20 20:00:00,41.729166666666664,38.46030807495117,40.55291389109342,38.460308,3.2688585917154924,3.2688585917154924
2016-07-20 21:00:00,41.854166666666664,37.74314880371094,40.39643597544734,37.74315,4.111017862955727,4.111017862955727
2016-07-20 22:00:00,42.020833333333336,36.148963928222656,38.81791752928624,36.148964,5.8718694051106795,5.8718694051106795
2016-07-20 23:00:00,40.1875,37.29061508178711,41.532473613815625,37.290615,2.8968849182128906,2.8968849182128906
2016-07-21 00:00:00,39.020833333333336,36.999595642089844,39.36674646454705,36.999596,2.021237691243492,2.021237691243492
2016-07-21 01:00:00,38.520833333333336,37.47834014892578,41.0506345445711,37.47834,1.0424931844075545,1.0424931844075545
2016-07-21 02:00:00,38.208333333333336,40.45984649658203,41.48443834218368,40.459846,-2.2515131632486955,2.2515131632486955
2016-07-21 03:00:00,37.958333333333336,35.828826904296875,37.516833903818075,35.828827,2.1295064290364607,2.1295064290364607
2016-07-21 04:00:00,39.708333333333336,35.1506233215332,36.55620972024938,35.150623,4.557710011800133,4.557710011800133
2016-07-21 05:00:00,40.208333333333336,34.6393928527832,37.89618372556775,34.639393,5.568940480550133,5.568940480550133
2016-07-21 06:00:00,38.5,36.56793212890625,40.43186293014118,36.567932,1.93206787109375,1.93206787109375
2016-07-21 07:00:00,37.041666666666664,39.28085708618164,41.88323115655173,39.280857,-2.2391904195149763,2.2391904195149763
2016-07-21 08:00:00,34.916666666666664,38.35071563720703,41.361926340537536,38.350716,-3.434048970540367,3.434048970540367
2016-07-21 09:00:00,35.291666666666664,38.744972229003906,40.12708404590948,38.744972,-3.453305562337242,3.453305562337242
2016-07-21 10:00:00,35.333333333333336,37.732574462890625,39.20317924510624,37.732574,-2.3992411295572893,2.3992411295572893
2016-07-21 11:00:00,34.958333333333336,39.17778015136719,40.057872551563484,39.17778,-4.219446818033852,4.219446818033852
2016-07-21 12:00:00,34.625,40.39076232910156,40.736952656011375,40.390762,-5.7657623291015625,5.7657623291015625
2016-07-21 13:00:00,33.916666666666664,39.658103942871094,41.12948976566102,39.658104,-5.7414372762044295,5.7414372762044295
2016-07-21 14:00:00,34.208333333333336,36.28366470336914,38.6131969530381,36.283665,-2.075331370035805,2.075331370035805
2016-07-21 15:00:00,34.333333333333336,33.21630096435547,34.90919366826133,33.2163,1.117032368977867,1.117032368977867
2016-07-21 16:00:00,34.458333333333336,34.318275451660156,35.57129312592398,34.318275,0.14005788167317945,0.14005788167317945
2016-07-21 17:00:00,34.583333333333336,35.26097106933594,35.56682470272164,35.26097,-0.6776377360026018,0.6776377360026018
2016-07-21 18:00:00,33.666666666666664,36.23603820800781,37.350704604218365,36.23604,-2.569371541341148,2.569371541341148
2016-07-21 19:00:00,33.333333333333336,37.155067443847656,37.578389039340756,37.155067,-3.8217341105143205,3.8217341105143205
2016-07-21 20:00:00,33.083333333333336,35.725128173828125,35.77834546922676,35.72513,-2.6417948404947893,2.6417948404947893
2016-07-21 21:00:00,32.291666666666664,35.37798309326172,37.557941667766535,35.377983,-3.0863164265950545,3.0863164265950545
2016-07-21 22:00:00,31.583333333333332,36.987060546875,37.57468974267664,36.98706,-5.403727213541668,5.403727213541668
2016-07-21 23:00:00,31.0,35.15309143066406,35.36373584800046,35.15309,-4.1530914306640625,4.1530914306640625
2016-07-22 00:00:00,30.875,34.01264190673828,33.58599357316585,34.01264,-3.1376419067382812,3.1376419067382812
2016-07-22 01:00:00,29.291666666666668,35.246620178222656,37.4558994781532,35.24662,-5.954953511555988,5.954953511555988
2016-07-22 02:00:00,29.583333333333332,34.53765106201172,37.13495068258326,34.53765,-4.954317728678387,4.954317728678387
2016-07-22 03:00:00,30.5,31.12838363647461,32.79456375181175,31.128384,-0.6283836364746094,0.6283836364746094
2016-07-22 04:00:00,29.25,33.60309600830078,37.1489849168061,33.603096,-4.353096008300781,4.353096008300781
2016-07-22 05:00:00,28.75,35.66332244873047,36.9104431069288,35.663322,-6.913322448730469,6.913322448730469
2016-07-22 06:00:00,29.833333333333332,30.060012817382812,30.938816925291047,30.060013,-0.22667948404948035,0.22667948404948035
2016-07-22 07:00:00,30.083333333333332,30.89191436767578,34.02001859060357,30.891914,-0.8085810343424491,0.8085810343424491
2016-07-22 08:00:00,30.5,29.94416046142578,31.18331445948089,29.94416,0.5558395385742188,0.5558395385742188
2016-07-22 09:00:00,30.458333333333332,32.11139678955078,34.94600198578253,32.111397,-1.653063456217449,1.653063456217449
2016-07-22 10:00:00,30.833333333333332,32.892818450927734,35.05966730277124,32.89282,-2.0594851175944022,2.0594851175944022
2016-07-22 11:00:00,31.125,33.36007308959961,34.577456653063514,33.360073,-2.2350730895996094,2.2350730895996094
2016-07-22 12:00:00,31.0,31.734458923339844,34.502066881265876,31.734459,-0.7344589233398438,0.7344589233398438
2016-07-22 13:00:00,30.416666666666668,29.55664825439453,32.669711285826146,29.556648,0.8600184122721366,0.8600184122721366
2016-07-22 14:00:00,30.25,30.849437713623047,32.582920095120855,30.849438,-0.5994377136230469,0.5994377136230469
2016-07-22 15:00:00,29.875,30.470252990722656,32.99854905597042,30.470253,-0.5952529907226562,0.5952529907226562
2016-07-22 16:00:00,29.458333333333332,32.41055679321289,34.28659840726274,32.410557,-2.9522234598795585,2.9522234598795585
2016-07-22 17:00:00,28.75,33.02903747558594,34.3688393162256,33.029037,-4.2790374755859375,4.2790374755859375
2016-07-22 18:00:00,28.75,29.44579315185547,30.552627418251948,29.445793,-0.6957931518554688,0.6957931518554688
2016-07-22 19:00:00,28.625,29.20345687866211,30.893146382603508,29.203457,-0.5784568786621094,0.5784568786621094
2016-07-22 20:00:00,28.583333333333332,28.639686584472656,27.221189213818505,28.639687,-0.0563532511393241,0.0563532511393241
2016-07-22 21:00:00,28.666666666666668,26.32176971435547,26.393600631196243,26.32177,2.344896952311199,2.344896952311199
2016-07-22 22:00:00,29.458333333333332,25.752269744873047,26.316135359105626,25.75227,3.7060635884602853,3.7060635884602853
2016-07-22 23:00:00,30.875,25.016048431396484,24.707752338689357,25.016048,5.858951568603516,5.858951568603516
2016-07-23 00:00:00,31.25,25.501663208007812,25.1993883694984,25.501663,5.7483367919921875,5.7483367919921875
2016-07-23 01:00:00,32.041666666666664,27.559696197509766,27.630343016483103,27.559696,4.481970469156899,4.481970469156899
2016-07-23 02:00:00,32.041666666666664,30.55038070678711,30.608942281743225,30.55038,1.491285959879555,1.491285959879555
2016-07-23 03:00:00,33.041666666666664,29.64657974243164,30.192884629288596,29.64658,3.3950869242350237,3.3950869242350237
2016-07-23 04:00:00,34.041666666666664,31.503829956054688,31.729022644885127,31.50383,2.537836710611977,2.537836710611977
2016-07-23 05:00:00,34.416666666666664,29.666973114013672,30.879605387078787,29.666973,4.749693552652992,4.749693552652992
2016-07-23 06:00:00,34.041666666666664,31.11273956298828,32.18186094224682,31.11274,2.928927103678383,2.928927103678383
2016-07-23 07:00:00,35.333333333333336,32.164772033691406,32.52940206627846,32.164772,3.1685612996419295,3.1685612996419295
2016-07-23 08:00:00,35.916666666666664,33.174373626708984,32.50761744430872,33.174374,2.74229303995768,2.74229303995768
2016-07-23 09:00:00,35.416666666666664,35.83424758911133,36.47451261789074,35.834248,-0.4175809224446638,0.4175809224446638
2016-07-23 10:00:00,35.208333333333336,33.527618408203125,35.30519643601929,33.52762,1.6807149251302107,1.6807149251302107
2016-07-23 11:00:00,34.875,32.042964935302734,33.873801626717054,32.042965,2.8320350646972656,2.8320350646972656
2016-07-23 12:00:00,34.5,33.05882263183594,33.22106099048902,33.058823,1.4411773681640625,1.4411773681640625
2016-07-23 13:00:00,34.666666666666664,31.264564514160156,31.086549356175386,31.264565,3.402102152506508,3.402102152506508
2016-07-23 14:00:00,34.458333333333336,31.12255096435547,31.538115987596196,31.122551,3.335782368977867,3.335782368977867
2016-07-23 15:00:00,34.791666666666664,29.129837036132812,30.030919832609065,29.129837,5.661829630533852,5.661829630533852
2016-07-23 16:00:00,34.666666666666664,26.913551330566406,28.141898943054244,26.913551,7.753115336100258,7.753115336100258
2016-07-23 17:00:00,36.166666666666664,28.64836883544922,28.28449381416439,28.648369,7.5182978312174455,7.5182978312174455
2016-07-23 18:00:00,36.916666666666664,29.060832977294922,28.75540238795035,29.060833,7.855833689371742,7.855833689371742
2016-07-23 19:00:00,36.75,27.974018096923828,27.878077241147267,27.974018,8.775981903076172,8.775981903076172
2016-07-23 20:00:00,36.791666666666664,27.901866912841797,28.074147113632513,27.901867,8.889799753824867,8.889799753824867
2016-07-23 21:00:00,37.333333333333336,28.05550765991211,27.12056255473541,28.055508,9.277825673421226,9.277825673421226
2016-07-23 22:00:00,37.583333333333336,29.321056365966797,29.59056942990665,29.321056,8.262276967366539,8.262276967366539
2016-07-23 23:00:00,37.208333333333336,30.644710540771484,31.42511615188277,30.64471,6.563622792561851,6.563622792561851
2016-07-24 00:00:00,37.083333333333336,31.28936004638672,32.123519897598875,31.28936,5.793973286946617,5.793973286946617
2016-07-24 01:00:00,36.458333333333336,34.38307189941406,34.95763824948362,34.38307,2.075261433919273,2.075261433919273
2016-07-24 02:00:00,35.25,36.78203582763672,36.28344455247655,36.782036,-1.5320358276367188,1.5320358276367188
2016-07-24 03:00:00,33.666666666666664,35.68360137939453,35.63886507437099,35.6836,-2.016934712727867,2.016934712727867
2016-07-24 04:00:00,31.875,37.97114944458008,37.34258398650452,37.97115,-6.096149444580078,6.096149444580078
2016-07-24 05:00:00,31.541666666666668,37.94282531738281,38.009520635888954,37.942825,-6.401158650716145,6.401158650716145
2016-07-24 06:00:00,30.875,38.50630569458008,36.39726043953562,38.506306,-7.631305694580078,7.631305694580078
2016-07-24 07:00:00,30.291666666666668,40.775230407714844,38.09549485378318,40.77523,-10.483563741048176,10.483563741048176
2016-07-24 08:00:00,30.333333333333332,38.67164611816406,37.93897734899867,38.671646,-8.33831278483073,8.33831278483073
2016-07-24 09:00:00,29.958333333333332,37.616661071777344,36.63747094028035,37.61666,-7.658327738444012,7.658327738444012
2016-07-24 10:00:00,29.791666666666668,39.7593994140625,37.14797359142718,39.7594,-9.967732747395832,9.967732747395832
2016-07-24 11:00:00,30.166666666666668,38.80891418457031,35.995117798780434,38.808914,-8.642247517903645,8.642247517903645
2016-07-24 12:00:00,30.416666666666668,34.57853698730469,31.930018401068626,34.578537,-4.16187032063802,4.16187032063802
2016-07-24 13:00:00,30.416666666666668,32.66472625732422,30.58384212359352,32.664726,-2.248059590657551,2.248059590657551
2016-07-24 14:00:00,30.375,33.71746826171875,31.151979155733653,33.71747,-3.34246826171875,3.34246826171875
2016-07-24 15:00:00,30.25,34.159114837646484,31.014728988958417,34.159115,-3.9091148376464844,3.9091148376464844
2016-07-24 16:00:00,30.708333333333332,33.0775146484375,30.875905832434153,33.077515,-2.369181315104168,2.369181315104168
2016-07-24 17:00:00,29.791666666666668,36.07677459716797,34.52468122070294,36.076775,-6.285107930501301,6.285107930501301
2016-07-24 18:00:00,29.25,37.55455780029297,34.869353064540974,37.554558,-8.304557800292969,8.304557800292969
2016-07-24 19:00:00,29.333333333333332,34.65415954589844,31.95629499545636,34.65416,-5.320826212565105,5.320826212565105
2016-07-24 20:00:00,29.041666666666668,34.68178176879883,32.14440658056402,34.68178,-5.64011510213216,5.64011510213216
2016-07-24 21:00:00,28.458333333333332,35.386070251464844,33.59590648487935,35.38607,-6.927736918131512,6.927736918131512
2016-07-24 22:00:00,27.666666666666668,37.11616897583008,35.69349640783843,37.11617,-9.44950230916341,9.44950230916341
2016-07-24 23:00:00,26.791666666666668,36.51386260986328,36.01516773839103,36.513863,-9.722195943196613,9.722195943196613
2016-07-25 00:00:00,26.708333333333332,36.19530487060547,35.83347813441029,36.195305,-9.486971537272137,9.486971537272137
2016-07-25 01:00:00,25.875,39.400787353515625,40.042119811250586,39.400787,-13.525787353515625,13.525787353515625
2016-07-25 02:00:00,26.25,37.70137405395508,37.140863168885474,37.701374,-11.451374053955078,11.451374053955078
2016-07-25 03:00:00,26.666666666666668,35.175872802734375,35.415300299271216,35.175873,-8.509206136067707,8.509206136067707
2016-07-25 04:00:00,27.583333333333332,33.671836853027344,35.029876924334566,33.671837,-6.088503519694012,6.088503519694012
2016-07-25 05:00:00,27.708333333333332,37.162750244140625,36.7449655348837,37.16275,-9.454416910807293,9.454416910807293
2016-07-25 06:00:00,29.125,31.37136459350586,31.48353140331469,31.371365,-2.2463645935058594,2.2463645935058594
2016-07-25 07:00:00,28.208333333333332,34.021018981933594,34.65620687878656,34.02102,-5.812685648600262,5.812685648600262
2016-07-25 08:00:00,27.166666666666668,36.214447021484375,36.16349678922404,36.214447,-9.047780354817707,9.047780354817707
2016-07-25 09:00:00,26.75,33.072837829589844,33.24247910831424,33.072838,-6.322837829589844,6.322837829589844
2016-07-25 10:00:00,26.583333333333332,33.24517822265625,33.977590022927686,33.24518,-6.661844889322918,6.661844889322918
2016-07-25 11:00:00,26.083333333333332,33.885807037353516,34.793589236444966,33.885807,-7.8024737040201835,7.8024737040201835
2016-07-25 12:00:00,25.916666666666668,32.230445861816406,31.855483710421524,32.230446,-6.313779195149738,6.313779195149738
2016-07-25 13:00:00,26.375,29.785320281982422,30.894987777855928,29.78532,-3.410320281982422,3.410320281982422
2016-07-25 14:00:00,26.541666666666668,29.87661361694336,31.068000316936562,29.876614,-3.3349469502766915,3.3349469502766915
2016-07-25 15:00:00,26.75,28.722644805908203,29.832201814197553,28.722645,-1.9726448059082031,1.9726448059082031
2016-07-25 16:00:00,26.375,29.92511749267578,32.008467107772624,29.925117,-3.5501174926757812,3.5501174926757812
2016-07-25 17:00:00,25.916666666666668,30.980873107910156,31.572521191047663,30.980873,-5.064206441243488,5.064206441243488
2016-07-25 18:00:00,25.625,29.22357940673828,29.95426098994485,29.22358,-3.5985794067382812,3.5985794067382812
2016-07-25 19:00:00,25.75,28.782363891601562,28.297134671125594,28.782364,-3.0323638916015625,3.0323638916015625
2016-07-25 20:00:00,26.0,28.56246566772461,28.159592368703706,28.562466,-2.5624656677246094,2.5624656677246094
2016-07-25 21:00:00,26.25,28.901615142822266,28.01214421604929,28.901615,-2.6516151428222656,2.6516151428222656
2016-07-25 22:00:00,26.041666666666668,30.153026580810547,29.383254856352526,30.153027,-4.111359914143879,4.111359914143879
2016-07-25 23:00:00,26.416666666666668,28.485416412353516,27.205336964568218,28.485416,-2.0687497456868478,2.0687497456868478
2016-07-26 00:00:00,26.541666666666668,27.244503021240234,26.09486881919592,27.244503,-0.7028363545735665,0.7028363545735665
2016-07-26 01:00:00,26.5,27.736068725585938,26.255777206162485,27.736069,-1.2360687255859375,1.2360687255859375
2016-07-26 02:00:00,25.833333333333332,27.499385833740234,28.067459387865185,27.499386,-1.6660525004069022,1.6660525004069022
2016-07-26 03:00:00,25.041666666666668,30.324459075927734,30.653441196696033,30.32446,-5.2827924092610665,5.2827924092610665
2016-07-26 04:00:00,26.041666666666668,29.821414947509766,30.61156517245863,29.821415,-3.7797482808430978,3.7797482808430978
2016-07-26 05:00:00,27.458333333333332,30.582443237304688,31.57519414159791,30.582443,-3.1241099039713554,3.1241099039713554
2016-07-26 06:00:00,29.708333333333332,33.353729248046875,33.70531988667936,33.35373,-3.645395914713543,3.645395914713543
2016-07-26 07:00:00,31.458333333333332,34.23006820678711,34.29475126350321,34.23007,-2.7717348734537772,2.7717348734537772
2016-07-26 08:00:00,31.5,31.779151916503906,32.3621976715766,31.779152,-0.27915191650390625,0.27915191650390625
2016-07-26 09:00:00,31.75,30.57883071899414,30.982527323589192,30.57883,1.1711692810058594,1.1711692810058594
2016-07-26 10:00:00,31.416666666666668,29.871055603027344,31.15772192456203,29.871056,1.545611063639324,1.545611063639324
2016-07-26 11:00:00,31.125,29.628189086914062,29.74604163255695,29.62819,1.4968109130859375,1.4968109130859375
2016-07-26 12:00:00,31.083333333333332,29.11273956298828,29.985772450325772,29.11274,1.970593770345051,1.970593770345051
2016-07-26 13:00:00,30.583333333333332,29.771865844726562,30.907068122286685,29.771866,0.8114674886067696,0.8114674886067696
2016-07-26 14:00:00,30.25,31.942325592041016,33.64285817945927,31.942326,-1.6923255920410156,1.6923255920410156
2016-07-26 15:00:00,30.0,31.375125885009766,31.218710300969388,31.375126,-1.3751258850097656,1.3751258850097656
2016-07-26 16:00:00,30.25,31.12030792236328,30.82046255585613,31.120308,-0.8703079223632812,0.8703079223632812
2016-07-26 17:00:00,30.583333333333332,30.276084899902344,30.38757619544733,30.276085,0.3072484334309884,0.3072484334309884
2016-07-26 18:00:00,30.833333333333332,28.322193145751953,28.43141982071523,28.322193,2.511140187581379,2.511140187581379
2016-07-26 19:00:00,31.208333333333332,29.76021957397461,30.900230055824412,29.76022,1.4481137593587228,1.4481137593587228
2016-07-26 20:00:00,31.75,28.888877868652344,30.82194053876763,28.888878,2.8611221313476562,2.8611221313476562
2016-07-26 21:00:00,32.083333333333336,28.858051300048828,31.720255652967563,28.858051,3.2252820332845076,3.2252820332845076
2016-07-26 22:00:00,33.208333333333336,29.18539810180664,30.65334749962543,29.185398,4.022935231526695,4.022935231526695
2016-07-26 23:00:00,34.041666666666664,28.087013244628906,29.96964647167696,28.087013,5.954653422037758,5.954653422037758
2016-07-27 00:00:00,34.666666666666664,32.053627014160156,31.972094825376942,32.053627,2.613039652506508,2.613039652506508
2016-07-27 01:00:00,35.291666666666664,28.99325180053711,30.249444826778934,28.993252,6.298414866129555,6.298414866129555
2016-07-27 02:00:00,35.875,31.296432495117188,30.97164882076938,31.296432,4.5785675048828125,4.5785675048828125
2016-07-27 03:00:00,36.041666666666664,30.877201080322266,31.945767278341243,30.877201,5.164465586344399,5.164465586344399
2016-07-27 04:00:00,34.041666666666664,36.438072204589844,36.03160415961354,36.438072,-2.3964055379231795,2.3964055379231795
2016-07-27 05:00:00,32.083333333333336,40.04542541503906,38.06985485279552,40.045425,-7.962092081705727,7.962092081705727
2016-07-27 06:00:00,28.916666666666668,40.83786392211914,40.29403475383102,40.837864,-11.921197255452473,11.921197255452473
2016-07-27 07:00:00,26.708333333333332,40.241668701171875,39.269223803254796,40.24167,-13.533335367838543,13.533335367838543
2016-07-27 08:00:00,26.958333333333332,31.95147705078125,33.229558060791334,31.951477,-4.993143717447918,4.993143717447918
2016-07-27 09:00:00,27.0,31.417949676513672,33.001927004845456,31.41795,-4.417949676513672,4.417949676513672
2016-07-27 10:00:00,27.166666666666668,30.699005126953125,31.201963343439484,30.699005,-3.532338460286457,3.532338460286457
2016-07-27 11:00:00,27.458333333333332,30.415477752685547,29.84256880157621,30.415478,-2.9571444193522147,2.9571444193522147
2016-07-27 12:00:00,27.666666666666668,29.210094451904297,27.881215513499974,29.210094,-1.543427785237629,1.543427785237629
2016-07-27 13:00:00,28.083333333333332,28.93639373779297,27.966011587001354,28.936394,-0.8530604044596366,0.8530604044596366
2016-07-27 14:00:00,28.666666666666668,28.723358154296875,26.882406835232885,28.723358,-0.05669148763020715,0.05669148763020715
2016-07-27 15:00:00,29.125,31.658409118652344,28.400079899335182,31.65841,-2.5334091186523438,2.5334091186523438
2016-07-27 16:00:00,29.625,32.882110595703125,30.41034990296019,32.88211,-3.257110595703125,3.257110595703125
2016-07-27 17:00:00,30.083333333333332,33.16905212402344,30.604409248253127,33.169052,-3.0857187906901054,3.0857187906901054
2016-07-27 18:00:00,30.75,30.34176254272461,31.237339183820723,30.341763,0.4082374572753906,0.4082374572753906
2016-07-27 19:00:00,30.333333333333332,29.51367950439453,29.775658884365374,29.51368,0.8196538289388009,0.8196538289388009
2016-07-27 20:00:00,30.916666666666668,30.57280731201172,30.651161646602745,30.572807,0.3438593546549491,0.3438593546549491
2016-07-27 21:00:00,31.791666666666668,30.675506591796875,29.662065393314432,30.675507,1.1161600748697929,1.1161600748697929
2016-07-27 22:00:00,32.708333333333336,31.400196075439453,33.32705732553102,31.400196,1.3081372578938826,1.3081372578938826
2016-07-27 23:00:00,33.083333333333336,32.75164794921875,33.88965614681661,32.751648,0.3316853841145857,0.3316853841145857
2016-07-28 00:00:00,34.583333333333336,31.777713775634766,32.165884797460244,31.777714,2.80561955769857,2.80561955769857
2016-07-28 01:00:00,35.375,31.245147705078125,31.000965197382815,31.245148,4.129852294921875,4.129852294921875
2016-07-28 02:00:00,39.833333333333336,30.74649429321289,31.47830284891243,30.746494,9.086839040120445,9.086839040120445
2016-07-28 03:00:00,45.291666666666664,29.809078216552734,31.653269661845822,29.809078,15.48258845011393,15.48258845011393
2016-07-28 04:00:00,47.5,27.146923065185547,30.26297801121274,27.146923,20.353076934814453,20.353076934814453
2016-07-28 05:00:00,49.583333333333336,25.389667510986328,29.306450723210983,25.389668,24.193665822347008,24.193665822347008
2016-07-28 06:00:00,50.625,26.9986572265625,29.204013254431285,26.998657,23.6263427734375,23.6263427734375
2016-07-28 07:00:00,51.708333333333336,24.218463897705078,25.977179721232254,24.218464,27.489869435628258,27.489869435628258
2016-07-28 08:00:00,52.958333333333336,26.635757446289062,26.212214838449185,26.635757,26.322575887044273,26.322575887044273
2016-07-28 09:00:00,54.708333333333336,24.54210662841797,25.28330459506798,24.542107,30.166226704915367,30.166226704915367
2016-07-28 10:00:00,55.625,25.24808120727539,26.61968161513988,25.248081,30.37691879272461,30.37691879272461
2016-07-28 11:00:00,56.0,27.38884735107422,27.660126529644177,27.388847,28.61115264892578,28.61115264892578
2016-07-28 12:00:00,57.291666666666664,26.583213806152344,26.789545508850797,26.583214,30.70845286051432,30.70845286051432
2016-07-28 13:00:00,58.791666666666664,28.206798553466797,28.557622895530297,28.206799,30.584868113199867,30.584868113199867
2016-07-28 14:00:00,59.125,31.809490203857422,30.346374261189318,31.80949,27.315509796142578,27.315509796142578
2016-07-28 15:00:00,60.5,32.25123977661133,30.956283736063348,32.25124,28.248760223388672,28.248760223388672
2016-07-28 16:00:00,62.5,36.783470153808594,33.690350813124276,36.78347,25.716529846191406,25.716529846191406
2016-07-28 17:00:00,65.16666666666667,36.650516510009766,33.613579845414165,36.650517,28.516150156656906,28.516150156656906
2016-07-28 18:00:00,66.375,32.57635498046875,32.40002302130506,32.576355,33.79864501953125,33.79864501953125
2016-07-28 19:00:00,68.58333333333333,29.78155517578125,28.69180603771031,29.781555,38.80177815755208,38.80177815755208
2016-07-28 20:00:00,70.04166666666667,32.68022155761719,33.93847149757803,32.68022,37.361445109049484,37.361445109049484
2016-07-28 21:00:00,70.29166666666667,35.01765060424805,34.95071284787872,35.01765,35.274016062418625,35.274016062418625
2016-07-28 22:00:00,69.33333333333333,34.173492431640625,34.92549995573553,34.173492,35.159840901692704,35.159840901692704
2016-07-28 23:00:00,68.95833333333333,36.067054748535156,36.26376252691429,36.067055,32.89127858479817,32.89127858479817
2016-07-29 00:00:00,67.83333333333333,34.808990478515625,36.816908450527606,34.80899,33.024342854817704,33.024342854817704
2016-07-29 01:00:00,67.375,32.7184944152832,34.69093666117605,32.718494,34.6565055847168,34.6565055847168
2016-08-26 02:00:00,32.708333333333336,31.487144470214844,33.069804013233934,31.487144,1.221188863118492,1.221188863118492
2016-08-26 03:00:00,33.541666666666664,30.248886108398438,32.65382907124739,30.248886,3.292780558268227,3.292780558268227
2016-08-26 04:00:00,34.625,32.422584533691406,34.26918198759071,32.422585,2.2024154663085938,2.2024154663085938
2016-08-26 05:00:00,35.916666666666664,32.646907806396484,34.40145409187977,32.646908,3.26975886027018,3.26975886027018
2016-08-26 06:00:00,36.791666666666664,28.84128189086914,31.791998140853817,28.841282,7.950384775797524,7.950384775797524
2016-08-26 07:00:00,37.125,27.41790771484375,30.37980863422279,27.417908,9.70709228515625,9.70709228515625
2016-08-26 08:00:00,37.083333333333336,30.487548828125,32.86147214368594,30.487549,6.595784505208336,6.595784505208336
2016-08-26 09:00:00,37.666666666666664,33.77127456665039,35.62164164256544,33.771275,3.8953921000162737,3.8953921000162737
2016-08-26 10:00:00,38.375,33.720306396484375,35.78822027248824,33.720306,4.654693603515625,4.654693603515625
2016-08-26 11:00:00,38.0,35.48082733154297,39.7659506630625,35.480827,2.5191726684570312,2.5191726684570312
2016-08-26 12:00:00,37.625,33.943199157714844,37.95622978312664,33.9432,3.6818008422851562,3.6818008422851562
2016-08-26 13:00:00,36.041666666666664,40.12726974487305,42.72687875811499,40.12727,-4.085603078206383,4.085603078206383
2016-08-26 14:00:00,34.666666666666664,40.56371307373047,44.16198061068654,40.563713,-5.8970464070638045,5.8970464070638045
2016-08-26 15:00:00,34.208333333333336,36.49199676513672,39.12097081452814,36.491997,-2.283663431803383,2.283663431803383
2016-08-26 16:00:00,34.291666666666664,32.50828170776367,37.1150305163209,32.50828,1.7833849589029924,1.7833849589029924
2016-08-26 17:00:00,34.625,33.106292724609375,37.52766607060976,33.106293,1.518707275390625,1.518707275390625
2016-08-26 18:00:00,35.375,31.649341583251953,34.22988718424263,31.649342,3.725658416748047,3.725658416748047
2016-08-26 19:00:00,35.708333333333336,35.84635925292969,37.302646442074,35.84636,-0.1380259195963518,0.1380259195963518
2016-08-26 20:00:00,35.958333333333336,35.709571838378906,36.97562395282345,35.70957,0.24876149495442945,0.24876149495442945
2016-08-26 21:00:00,36.125,35.873374938964844,36.14313163420648,35.873375,0.25162506103515625,0.25162506103515625
2016-08-26 22:00:00,35.625,37.286102294921875,38.26125659469723,37.286102,-1.661102294921875,1.661102294921875
2016-08-26 23:00:00,35.416666666666664,36.543724060058594,37.98874775005941,36.543724,-1.1270573933919295,1.1270573933919295
2016-08-27 00:00:00,35.166666666666664,38.77711486816406,39.07421899856569,38.777115,-3.610448201497398,3.610448201497398
2016-08-27 01:00:00,34.708333333333336,39.9749870300293,41.22028391016146,39.974987,-5.266653696695961,5.266653696695961
2016-08-27 02:00:00,34.791666666666664,39.09259033203125,37.639932210902145,39.09259,-4.300923665364586,4.300923665364586
2016-08-27 03:00:00,34.416666666666664,39.851654052734375,37.98275713303994,39.851654,-5.434987386067711,5.434987386067711
2016-08-27 04:00:00,33.916666666666664,40.649749755859375,43.79463782890217,40.64975,-6.733083089192711,6.733083089192711
2016-08-27 05:00:00,32.791666666666664,37.63108825683594,38.62754966091221,37.63109,-4.839421590169273,4.839421590169273
2016-08-27 06:00:00,32.083333333333336,36.53997039794922,35.870297684177274,36.53997,-4.456637064615883,4.456637064615883
2016-08-27 07:00:00,32.375,35.287803649902344,35.76877322905806,35.287804,-2.9128036499023438,2.9128036499023438
2016-08-27 08:00:00,32.75,37.0559196472168,38.67357241895478,37.05592,-4.305919647216797,4.305919647216797
2016-08-27 09:00:00,31.791666666666668,39.372161865234375,42.48408661732933,39.37216,-7.580495198567707,7.580495198567707
2016-08-27 10:00:00,30.666666666666668,40.227561950683594,43.013017812508934,40.227562,-9.560895284016926,9.560895284016926
2016-08-27 11:00:00,32.666666666666664,38.05774688720703,40.661973219898805,38.057747,-5.391080220540367,5.391080220540367
2016-08-27 12:00:00,35.0,31.86017608642578,34.69955981166934,31.860176,3.1398239135742188,3.1398239135742188
2016-08-27 13:00:00,38.916666666666664,35.880191802978516,36.84700993758206,35.88019,3.0364748636881487,3.0364748636881487
2016-08-27 14:00:00,39.958333333333336,33.46562194824219,33.89604250392698,33.465622,6.492711385091148,6.492711385091148
2016-08-27 15:00:00,41.791666666666664,32.567996978759766,33.5867695598309,32.567997,9.223669687906899,9.223669687906899
2016-08-27 16:00:00,43.416666666666664,34.67344665527344,35.26629454041332,34.673447,8.743220011393227,8.743220011393227
2016-08-27 17:00:00,43.958333333333336,37.267173767089844,35.954356532564695,37.267174,6.691159566243492,6.691159566243492
2016-08-27 18:00:00,43.625,37.47776412963867,38.78872840087063,37.477764,6.147235870361328,6.147235870361328
2016-08-27 19:00:00,43.291666666666664,37.609214782714844,37.835191284724175,37.609215,5.6824518839518205,5.6824518839518205
2016-08-27 20:00:00,43.083333333333336,35.73015594482422,36.2796079296478,35.730156,7.353177388509117,7.353177388509117
2016-08-27 21:00:00,42.708333333333336,36.59556579589844,37.36177932672712,36.595566,6.112767537434898,6.112767537434898
2016-08-27 22:00:00,43.958333333333336,34.857818603515625,34.4119439858009,34.85782,9.10051472981771,9.10051472981771
2016-08-27 23:00:00,46.541666666666664,35.63665008544922,34.3573339331718,35.63665,10.905016581217446,10.905016581217446
2016-08-28 00:00:00,47.875,37.27520751953125,36.26221799896746,37.275208,10.59979248046875,10.59979248046875
2016-08-28 01:00:00,47.791666666666664,38.062957763671875,37.145849704442384,38.062958,9.72870890299479,9.72870890299479
2016-08-28 02:00:00,47.875,37.7407341003418,35.787982035843775,37.740734,10.134265899658203,10.134265899658203
2016-08-28 03:00:00,47.916666666666664,36.165557861328125,36.00155434042102,36.165558,11.75110880533854,11.75110880533854
2016-08-28 04:00:00,48.666666666666664,38.26799011230469,38.373174929818305,38.26799,10.398676554361977,10.398676554361977
2016-08-28 05:00:00,49.208333333333336,36.00801086425781,37.29951502620895,36.00801,13.200322469075523,13.200322469075523
2016-08-28 06:00:00,50.0,35.80902099609375,36.36834726305734,35.80902,14.19097900390625,14.19097900390625
2016-08-28 07:00:00,50.5,38.23759460449219,37.98495805003825,38.237595,12.262405395507812,12.262405395507812
2016-08-28 08:00:00,50.25,38.856407165527344,38.83864231418088,38.856407,11.393592834472656,11.393592834472656
2016-08-28 09:00:00,50.416666666666664,34.66423034667969,36.48515523703871,34.66423,15.752436319986977,15.752436319986977
2016-08-28 10:00:00,50.708333333333336,33.8369255065918,35.81816182546283,33.836926,16.87140782674154,16.87140782674154
2016-08-28 11:00:00,48.541666666666664,37.31620788574219,38.67538169473605,37.316208,11.225458780924477,11.225458780924477
2016-08-28 12:00:00,46.958333333333336,38.717262268066406,41.482074307062874,38.717262,8.24107106526693,8.24107106526693
2016-08-28 13:00:00,44.0,34.31084442138672,34.91591352410334,34.310844,9.689155578613281,9.689155578613281
2016-08-28 14:00:00,44.25,25.495891571044922,28.925983569123925,25.495892,18.754108428955078,18.754108428955078
2016-08-28 15:00:00,43.458333333333336,30.64604949951172,33.98265524941058,30.64605,12.812283833821617,12.812283833821617
2016-08-28 16:00:00,42.708333333333336,40.65052795410156,43.06399761321764,40.650528,2.057805379231773,2.057805379231773
2016-08-28 17:00:00,42.958333333333336,36.7969856262207,40.22182146070899,36.796986,6.161347707112633,6.161347707112633
2016-08-28 18:00:00,44.916666666666664,33.96440505981445,36.93847804986902,33.964405,10.952261606852211,10.952261606852211
2016-08-28 19:00:00,45.875,32.17294692993164,36.90417748913128,32.172947,13.70205307006836,13.70205307006836
2016-08-28 20:00:00,46.333333333333336,32.61503982543945,35.81919839385502,32.61504,13.718293507893883,13.718293507893883
2016-08-28 21:00:00,46.541666666666664,30.21917724609375,33.514422450984405,30.219177,16.322489420572914,16.322489420572914
2016-08-28 22:00:00,45.416666666666664,34.796871185302734,37.70680735746609,34.79687,10.61979548136393,10.61979548136393
2016-08-28 23:00:00,42.916666666666664,40.85138702392578,44.33348937837125,40.851387,2.065279642740883,2.065279642740883
2016-08-29 00:00:00,41.375,44.262550354003906,45.774348040174736,44.26255,-2.8875503540039062,2.8875503540039062
2016-08-29 01:00:00,40.958333333333336,38.0086669921875,40.86334432570745,38.008667,2.9496663411458357,2.9496663411458357
2016-08-29 02:00:00,40.916666666666664,40.089935302734375,41.23888701160714,40.089935,0.8267313639322893,0.8267313639322893
2016-08-29 03:00:00,40.75,37.941246032714844,39.420508268476816,37.941246,2.8087539672851562,2.8087539672851562
2016-08-29 04:00:00,40.125,39.55730056762695,42.3426110221421,39.5573,0.5676994323730469,0.5676994323730469
2016-08-29 05:00:00,39.833333333333336,40.15266036987305,42.00680584412831,40.15266,-0.3193270365397112,0.3193270365397112
2016-08-29 06:00:00,39.25,41.438453674316406,44.18319237333198,41.438454,-2.1884536743164062,2.1884536743164062
2016-08-29 07:00:00,38.708333333333336,43.203617095947266,44.79922738433783,43.203617,-4.49528376261393,4.49528376261393
2016-08-29 08:00:00,38.291666666666664,41.26836395263672,41.840301681273175,41.268364,-2.9766972859700545,2.9766972859700545
2016-08-29 09:00:00,38.041666666666664,39.224700927734375,41.7385598182717,39.2247,-1.1830342610677107,1.1830342610677107
2016-08-29 10:00:00,38.166666666666664,39.016441345214844,41.46379762671592,39.01644,-0.8497746785481795,0.8497746785481795
2016-08-29 11:00:00,38.25,38.90069580078125,41.60033665581188,38.900696,-0.65069580078125,0.65069580078125
2016-08-29 12:00:00,38.5,43.1318473815918,44.95110984001927,43.131847,-4.631847381591797,4.631847381591797
2016-08-29 13:00:00,38.208333333333336,47.37172317504883,48.964762285239864,47.371723,-9.163389841715492,9.163389841715492
2016-08-29 14:00:00,37.875,48.558040618896484,50.759161529670315,48.55804,-10.683040618896484,10.683040618896484
2016-08-29 15:00:00,37.5,49.03839874267578,49.77714056035115,49.0384,-11.538398742675781,11.538398742675781
2016-08-29 16:00:00,36.333333333333336,48.119712829589844,49.50179750952726,48.119713,-11.786379496256508,11.786379496256508
2016-08-29 17:00:00,35.416666666666664,48.969993591308594,51.28239476282479,48.969994,-13.55332692464193,13.55332692464193
2016-08-29 18:00:00,33.166666666666664,47.21648406982422,52.49573962460904,47.216484,-14.049817403157554,14.049817403157554
2016-08-29 19:00:00,31.875,47.050025939941406,51.12633146731982,47.050026,-15.175025939941406,15.175025939941406
2016-08-29 20:00:00,31.041666666666668,43.298377990722656,46.970081058425855,43.298378,-12.256711324055988,12.256711324055988
2016-08-29 21:00:00,30.666666666666668,40.587318420410156,43.260385772356656,40.58732,-9.920651753743488,9.920651753743488
2016-08-29 22:00:00,30.208333333333332,38.5150260925293,39.384966330504106,38.515026,-8.306692759195965,8.306692759195965
2016-08-29 23:00:00,29.708333333333332,37.00239181518555,38.733812417294004,37.00239,-7.294058481852215,7.294058481852215
2016-08-30 00:00:00,29.5,33.93626403808594,36.251974409822516,33.936264,-4.4362640380859375,4.4362640380859375
2016-08-30 01:00:00,29.291666666666668,34.76051330566406,37.2033584834731,34.760513,-5.468846638997395,5.468846638997395
2016-08-30 02:00:00,28.833333333333332,36.730857849121094,38.3652190191583,36.730858,-7.897524515787762,7.897524515787762
2016-08-30 03:00:00,28.541666666666668,37.574363708496094,39.06752130477584,37.574364,-9.032697041829426,9.032697041829426
2016-08-30 04:00:00,28.083333333333332,36.43741989135742,37.31684701793025,36.43742,-8.35408655802409,8.35408655802409
2016-08-30 05:00:00,27.75,37.39610290527344,38.78044382756585,37.396103,-9.646102905273438,9.646102905273438
2016-08-30 06:00:00,27.416666666666668,37.16993713378906,37.3948232712027,37.169937,-9.753270467122395,9.753270467122395
2016-08-30 07:00:00,27.041666666666668,34.36109161376953,36.50599967871002,34.36109,-7.319424947102863,7.319424947102863
2016-08-30 08:00:00,27.125,31.93609619140625,32.61723695969904,31.936096,-4.81109619140625,4.81109619140625
2016-08-30 09:00:00,27.208333333333332,31.249462127685547,31.122415065306985,31.249462,-4.041128794352215,4.041128794352215
2016-08-30 10:00:00,27.791666666666668,33.83551025390625,34.57128085066492,33.83551,-6.043843587239582,6.043843587239582
2016-08-30 11:00:00,27.541666666666668,30.657848358154297,32.565473680766786,30.657848,-3.116181691487629,3.116181691487629
2016-08-30 12:00:00,26.833333333333332,32.83833312988281,36.23176161793634,32.838333,-6.00499979654948,6.00499979654948
2016-08-30 13:00:00,26.208333333333332,33.389522552490234,36.05063189502745,33.389523,-7.181189219156902,7.181189219156902
2016-08-30 14:00:00,25.708333333333332,32.389190673828125,36.085577789752136,32.38919,-6.680857340494793,6.680857340494793
2016-08-30 15:00:00,24.958333333333332,32.1812744140625,35.14683337207434,32.181274,-7.222941080729168,7.222941080729168
2016-08-30 16:00:00,25.041666666666668,31.85104751586914,32.13202842370412,31.851048,-6.809380849202473,6.809380849202473
2016-08-30 17:00:00,24.416666666666668,33.69378662109375,33.90611102839425,33.693787,-9.277119954427082,9.277119954427082
2016-08-30 18:00:00,23.958333333333332,31.374675750732422,33.40540378982579,31.374676,-7.41634241739909,7.41634241739909
2016-08-30 19:00:00,23.708333333333332,30.211612701416016,31.399445217794515,30.211613,-6.5032793680826835,6.5032793680826835
2016-08-30 20:00:00,23.583333333333332,29.815746307373047,32.50493258989313,29.815746,-6.232412974039715,6.232412974039715
2016-08-30 21:00:00,23.666666666666668,31.738887786865234,33.44147277069163,31.738888,-8.072221120198567,8.072221120198567
2016-08-30 22:00:00,23.666666666666668,30.323699951171875,30.671921105442507,30.3237,-6.657033284505207,6.657033284505207
2016-08-30 23:00:00,23.541666666666668,30.922428131103516,28.627571695224667,30.922428,-7.380761464436848,7.380761464436848
2016-08-31 00:00:00,23.375,30.70301055908203,29.909653253566905,30.70301,-7.328010559082031,7.328010559082031
2016-08-31 01:00:00,23.416666666666668,29.675018310546875,28.06325580692687,29.675018,-6.258351643880207,6.258351643880207
2016-08-31 02:00:00,23.46759259259259,27.33243179321289,26.91660472294942,27.332432,-3.864839200620299,3.864839200620299
2016-08-31 03:00:00,23.777777777777775,26.608108520507812,25.958818586188098,26.608109,-2.8303307427300375,2.8303307427300375
2016-08-31 04:00:00,24.01388888888889,28.064815521240234,27.349006350277353,28.064816,-4.050926632351345,4.050926632351345
2016-08-31 05:00:00,24.34259259259259,27.221343994140625,27.26359762439066,27.221344,-2.8787514015480333,2.8787514015480333
2016-08-31 06:00:00,24.63888888888889,27.023746490478516,26.07577042325483,27.023746,-2.3848576015896263,2.3848576015896263
2016-08-31 07:00:00,24.777777777777775,25.203407287597656,25.066029035123776,25.203407,-0.42562950981988124,0.42562950981988124
2016-08-31 08:00:00,24.84259259259259,26.377418518066406,24.5299712142415,26.377419,-1.5348259254738146,1.5348259254738146
2016-08-31 09:00:00,24.875,25.226810455322266,24.00423188178472,25.22681,-0.3518104553222656,0.3518104553222656
2016-08-31 10:00:00,24.208333333333332,26.968730926513672,26.96443004360085,26.96873,-2.7603975931803397,2.7603975931803397
2016-08-31 11:00:00,24.875,25.072154998779297,24.814420354612682,25.072155,-0.19715499877929688,0.19715499877929688
2016-08-31 12:00:00,25.583333333333332,23.570274353027344,22.375780529261927,23.570274,2.0130589803059884,2.0130589803059884
2016-08-31 13:00:00,26.125,22.112831115722656,22.218417243832686,22.112831,4.012168884277344,4.012168884277344
2016-08-31 14:00:00,26.166666666666668,23.147937774658203,23.472757415117048,23.147938,3.0187288920084647,3.0187288920084647
2016-08-31 15:00:00,26.458333333333332,23.07833480834961,22.712548531294058,23.078335,3.3799985249837228,3.3799985249837228
2016-08-31 16:00:00,26.25,23.239768981933594,22.986747171317262,23.239769,3.0102310180664062,3.0102310180664062
2016-08-31 17:00:00,26.875,21.165935516357422,20.908117777917628,21.165936,5.709064483642578,5.709064483642578
2016-08-31 18:00:00,29.0,21.954349517822266,23.108210791730254,21.95435,7.045650482177734,7.045650482177734
2016-08-31 19:00:00,30.25,24.901927947998047,23.62638267156196,24.901928,5.348072052001953,5.348072052001953
2016-08-31 20:00:00,30.791666666666668,26.4593505859375,25.678209497176542,26.45935,4.332316080729168,4.332316080729168
2016-08-31 21:00:00,31.666666666666668,25.87883758544922,25.187183520473166,25.878838,5.787829081217449,5.787829081217449
2016-08-31 22:00:00,31.541666666666668,24.728771209716797,23.85206066984848,24.728771,6.812895456949871,6.812895456949871
2016-08-31 23:00:00,31.541666666666668,23.738590240478516,22.29199387437169,23.73859,7.803076426188152,7.803076426188152
2016-09-01 00:00:00,31.583333333333332,25.016746520996094,23.8280967415473,25.016747,6.566586812337238,6.566586812337238
2016-09-01 01:00:00,32.833333333333336,26.756118774414062,24.768572247636033,26.756119,6.077214558919273,6.077214558919273
2016-09-01 02:00:00,33.574074074074076,28.916229248046875,27.134671534945735,28.91623,4.657844826027201,4.657844826027201
2016-09-01 03:00:00,33.43055555555556,28.121417999267578,26.41287644978059,28.121418,5.309137556287979,5.309137556287979
2016-09-01 04:00:00,33.23611111111111,27.650421142578125,26.91981946612088,27.650421,5.585689968532982,5.585689968532982
2016-09-01 05:00:00,33.11574074074074,29.020423889160156,28.594299161165214,29.020424,4.095316851580584,4.095316851580584
2016-09-01 06:00:00,33.15277777777778,26.73617935180664,26.963561062909566,26.73618,6.416598425971138,6.416598425971138
2016-09-01 07:00:00,33.26388888888889,26.751876831054688,26.661900973084087,26.751877,6.512012057834205,6.512012057834205
2016-09-01 08:00:00,33.324074074074076,27.478130340576172,27.57744058111111,27.47813,5.845943733497904,5.845943733497904
2016-09-01 09:00:00,33.583333333333336,28.36563491821289,28.309531675694068,28.365635,5.217698415120445,5.217698415120445
2016-09-01 10:00:00,33.833333333333336,27.863544464111328,27.938509498165402,27.863544,5.969788869222008,5.969788869222008
2016-09-01 11:00:00,33.666666666666664,28.622459411621094,30.314065436733806,28.62246,5.0442072550455705,5.0442072550455705
2016-09-01 12:00:00,33.708333333333336,30.082130432128906,31.44078887608177,30.08213,3.6262029012044295,3.6262029012044295
2016-09-01 13:00:00,34.0,29.314189910888672,31.199249494374826,29.31419,4.685810089111328,4.685810089111328
2016-09-01 14:00:00,34.75,30.366573333740234,30.709157189825596,30.366573,4.383426666259766,4.383426666259766
2016-09-01 15:00:00,35.791666666666664,29.613792419433594,29.905464585484168,29.613792,6.1778742472330705,6.1778742472330705
2016-09-01 16:00:00,37.666666666666664,28.62478256225586,27.383754847636343,28.624783,9.041884104410805,9.041884104410805
2016-09-01 17:00:00,38.416666666666664,29.470417022705078,30.67171842857931,29.470417,8.946249643961586,8.946249643961586
2016-09-01 18:00:00,37.416666666666664,28.10779571533203,32.392673982796865,28.107796,9.308870951334633,9.308870951334633
2016-09-01 19:00:00,36.958333333333336,29.26132583618164,32.76901126529425,29.261326,7.697007497151695,7.697007497151695
2016-09-01 20:00:00,37.416666666666664,28.478042602539062,31.66380409964282,28.478043,8.938624064127602,8.938624064127602
2016-09-01 21:00:00,36.625,28.7723388671875,32.92865519961206,28.772339,7.8526611328125,7.8526611328125
2016-09-01 22:00:00,37.333333333333336,25.876094818115234,29.8305806868957,25.876095,11.457238515218101,11.457238515218101
2016-09-01 23:00:00,38.041666666666664,24.007827758789062,27.7010789905119,24.007828,14.033838907877602,14.033838907877602
2016-09-02 00:00:00,38.291666666666664,22.080543518066406,26.980869074431226,22.080544,16.211123148600258,16.211123148600258
2016-09-02 01:00:00,37.583333333333336,24.847915649414062,29.088722055362535,24.847916,12.735417683919273,12.735417683919273
2016-09-02 02:00:00,37.25,23.966045379638672,28.18977230296986,23.966045,13.283954620361328,13.283954620361328
2016-09-02 03:00:00,37.625,21.81588363647461,24.925058655899104,21.815884,15.80911636352539,15.80911636352539
2016-09-02 04:00:00,38.041666666666664,25.392948150634766,27.155401630369052,25.392948,12.648718516031899,12.648718516031899
2016-09-02 05:00:00,38.125,24.227493286132812,26.481791113822823,24.227493,13.897506713867188,13.897506713867188
2016-09-02 06:00:00,37.875,24.470630645751953,26.98050987045522,24.47063,13.404369354248047,13.404369354248047
2016-09-02 07:00:00,37.416666666666664,26.6966552734375,29.036514005211767,26.696655,10.720011393229164,10.720011393229164
2016-09-02 08:00:00,37.416666666666664,27.53691864013672,29.846727260426473,27.536919,9.879748026529946,9.879748026529946
2016-09-02 09:00:00,36.791666666666664,28.393360137939453,30.312431078049013,28.39336,8.398306528727211,8.398306528727211
2016-09-02 10:00:00,36.458333333333336,28.7696533203125,30.74207948126346,28.769653,7.688680013020836,7.688680013020836
2016-09-02 11:00:00,36.041666666666664,29.183189392089844,32.395438887517635,29.18319,6.8584772745768205,6.8584772745768205
2016-09-02 12:00:00,35.458333333333336,31.68787384033203,34.45187515633599,31.687874,3.7704594930013045,3.7704594930013045
2016-09-02 13:00:00,34.958333333333336,31.33382797241211,34.49391898924309,31.333828,3.6245053609212263,3.6245053609212263
2016-09-02 14:00:00,34.5,31.494449615478516,34.35492549817058,31.49445,3.0055503845214844,3.0055503845214844
2016-09-02 15:00:00,33.958333333333336,33.76715087890625,35.969458952631214,33.76715,0.1911824544270857,0.1911824544270857
2016-09-02 16:00:00,33.25,37.161720275878906,38.59739063089484,37.16172,-3.9117202758789062,3.9117202758789062
2016-09-02 17:00:00,32.791666666666664,35.86658477783203,36.94509590172759,35.866585,-3.074918111165367,3.074918111165367
2016-09-02 18:00:00,32.708333333333336,35.43947982788086,37.57178725194522,35.43948,-2.7311464945475237,2.7311464945475237
2016-09-02 19:00:00,32.833333333333336,32.62040328979492,35.90920797369038,32.620403,0.21293004353841383,0.21293004353841383
2016-09-02 20:00:00,32.083333333333336,34.63774490356445,37.476995762312974,34.637745,-2.5544115702311174,2.5544115702311174
2016-09-02 21:00:00,32.0,35.222496032714844,36.23521749908892,35.222496,-3.2224960327148438,3.2224960327148438
2016-09-02 22:00:00,31.875,36.50389099121094,37.852218826308324,36.50389,-4.6288909912109375,4.6288909912109375
2016-09-02 23:00:00,31.75,36.077667236328125,36.781049957754625,36.077667,-4.327667236328125,4.327667236328125
2016-09-03 00:00:00,31.958333333333332,37.097633361816406,35.74078471116787,37.097633,-5.139300028483074,5.139300028483074
2016-09-03 01:00:00,33.083333333333336,37.55992126464844,35.5951174538874,37.55992,-4.476587931315102,4.476587931315102
2016-09-03 02:00:00,34.875,37.156402587890625,35.25988547662995,37.156403,-2.281402587890625,2.281402587890625
2016-09-03 03:00:00,36.666666666666664,36.6998291015625,34.009418230070835,36.69983,-0.0331624348958357,0.0331624348958357
2016-09-03 04:00:00,37.291666666666664,35.67253112792969,33.408991152709945,35.67253,1.6191355387369768,1.6191355387369768
2016-09-03 05:00:00,37.25,35.30522918701172,33.36213929433571,35.30523,1.9447708129882812,1.9447708129882812
2016-09-03 06:00:00,37.0,34.2379150390625,31.896931313823174,34.237915,2.7620849609375,2.7620849609375
2016-09-03 07:00:00,37.25,30.89167022705078,29.54192347554392,30.89167,6.358329772949219,6.358329772949219
2016-09-03 08:00:00,36.958333333333336,33.91752624511719,32.25643287387947,33.917526,3.040807088216148,3.040807088216148
2016-09-03 09:00:00,36.708333333333336,31.065399169921875,29.62891903197511,31.0654,5.642934163411461,5.642934163411461
2016-09-03 10:00:00,36.416666666666664,32.78083801269531,31.768894944310752,32.780838,3.635828653971352,3.635828653971352
2016-09-03 11:00:00,36.208333333333336,33.49884033203125,33.13248814365271,33.49884,2.7094930013020857,2.7094930013020857
2016-09-03 12:00:00,36.416666666666664,34.18202209472656,33.74677159822611,34.182022,2.234644571940102,2.234644571940102
2016-09-03 13:00:00,36.375,34.638675689697266,34.13781518691374,34.638676,1.7363243103027344,1.7363243103027344
2016-09-03 14:00:00,35.791666666666664,36.80366516113281,35.08023501754133,36.803665,-1.0119984944661482,1.0119984944661482
2016-09-03 15:00:00,35.416666666666664,35.544124603271484,34.501797161205026,35.544125,-0.12745793660482008,0.12745793660482008
2016-09-03 16:00:00,35.125,37.58484649658203,35.81169172857156,37.584846,-2.4598464965820312,2.4598464965820312
2016-09-03 17:00:00,35.166666666666664,37.63341522216797,35.70017303770139,37.633415,-2.4667485555013045,2.4667485555013045
2016-09-03 18:00:00,34.041666666666664,38.852935791015625,36.91845974637653,38.852936,-4.811269124348961,4.811269124348961
2016-09-03 19:00:00,33.041666666666664,39.61417770385742,38.44716494357985,39.614178,-6.572511037190758,6.572511037190758
2016-09-03 20:00:00,32.416666666666664,36.375953674316406,34.20405051245232,36.375954,-3.959287007649742,3.959287007649742
2016-09-03 21:00:00,31.791666666666668,36.93273162841797,35.160134540374685,36.93273,-5.141064961751301,5.141064961751301
2016-09-03 22:00:00,31.125,38.779117584228516,37.52161177088867,38.779118,-7.654117584228516,7.654117584228516
2016-09-03 23:00:00,30.5,37.06890869140625,35.51769170740649,37.06891,-6.56890869140625,6.56890869140625
2016-09-04 00:00:00,30.125,38.20393371582031,36.72262389272694,38.203934,-8.078933715820312,8.078933715820312
2016-09-04 01:00:00,28.291666666666668,39.07167434692383,36.877019127428575,39.071674,-10.78000768025716,10.78000768025716
2016-09-04 02:00:00,26.083333333333332,38.08494567871094,36.90883448196907,38.084946,-12.001612345377605,12.001612345377605
2016-09-04 03:00:00,23.791666666666668,35.91831970214844,34.8193743201531,35.91832,-12.12665303548177,12.12665303548177
2016-09-04 04:00:00,23.125,36.80975341796875,37.498169649394306,36.809753,-13.68475341796875,13.68475341796875
2016-09-04 05:00:00,22.958333333333332,33.428436279296875,32.016156063241375,33.428436,-10.470102945963543,10.470102945963543
2016-09-04 06:00:00,23.125,30.244426727294922,28.262722010206325,30.244427,-7.119426727294922,7.119426727294922
2016-09-04 07:00:00,23.166666666666668,31.76080322265625,30.565082238274115,31.760803,-8.594136555989582,8.594136555989582
2016-09-04 08:00:00,23.458333333333332,30.850143432617188,28.380938939807645,30.850143,-7.391810099283855,7.391810099283855
2016-09-04 09:00:00,24.166666666666668,29.489830017089844,26.619581453268648,29.48983,-5.323163350423176,5.323163350423176
2016-09-04 10:00:00,24.375,29.280635833740234,27.503944752439676,29.280636,-4.905635833740234,4.905635833740234
2016-09-04 11:00:00,24.541666666666668,28.849933624267578,27.212711599417396,28.849934,-4.30826695760091,4.30826695760091
2016-09-04 12:00:00,24.125,30.205230712890625,30.69801028385631,30.20523,-6.080230712890625,6.080230712890625
2016-09-04 13:00:00,23.791666666666668,31.273792266845703,30.00653887542835,31.273792,-7.482125600179035,7.482125600179035
2016-09-04 14:00:00,23.708333333333332,26.73092269897461,25.378356070484198,26.730923,-3.0225893656412772,3.0225893656412772
2016-09-04 15:00:00,23.25,30.927547454833984,31.1535302381496,30.927547,-7.677547454833984,7.677547454833984
2016-09-04 16:00:00,22.916666666666668,32.671348571777344,31.99439623395869,32.67135,-9.754681905110676,9.754681905110676
2016-09-04 17:00:00,22.166666666666668,31.350749969482422,30.504835831822522,31.35075,-9.184083302815754,9.184083302815754
2016-09-04 18:00:00,22.541666666666668,26.785694122314453,25.278984869123825,26.785694,-4.244027455647785,4.244027455647785
2016-09-04 19:00:00,22.75,27.316986083984375,24.8044153718621,27.316986,-4.566986083984375,4.566986083984375
2016-09-04 20:00:00,23.458333333333332,24.011028289794922,21.77787946344111,24.011028,-0.5526949564615897,0.5526949564615897
2016-09-04 21:00:00,24.083333333333332,21.765365600585938,20.432622756432988,21.765366,2.3179677327473946,2.3179677327473946
2016-09-04 22:00:00,24.25,21.053958892822266,20.226477006926142,21.053959,3.1960411071777344,3.1960411071777344
2016-09-04 23:00:00,24.416666666666668,21.957481384277344,20.71826207347377,21.957481,2.459185282389324,2.459185282389324
2016-09-05 00:00:00,24.625,23.66100311279297,24.100544161470463,23.661003,0.9639968872070312,0.9639968872070312
2016-09-05 01:00:00,24.666666666666668,21.424266815185547,21.36829003813436,21.424267,3.242399851481121,3.242399851481121
2016-09-05 02:00:00,24.791666666666668,21.60561752319336,21.302215509178385,21.605618,3.1860491434733085,3.1860491434733085
2016-09-05 03:00:00,25.041666666666668,21.19049072265625,22.108848941274996,21.19049,3.851175944010418,3.851175944010418
2016-09-05 04:00:00,24.583333333333332,22.608871459960938,22.870137649167503,22.608871,1.9744618733723946,1.9744618733723946
2016-09-05 05:00:00,24.416666666666668,21.210838317871094,22.194080093178673,21.210838,3.205828348795574,3.205828348795574
2016-09-05 06:00:00,24.458333333333332,21.785202026367188,22.470174251446156,21.785202,2.6731313069661446,2.6731313069661446
2016-09-05 07:00:00,24.25,24.312618255615234,24.142810903023804,24.312618,-0.06261825561523438,0.06261825561523438
2016-09-05 08:00:00,24.0,23.483699798583984,25.417818349738628,23.4837,0.5163002014160156,0.5163002014160156
2016-09-05 09:00:00,23.916666666666668,24.040172576904297,25.090486487660375,24.040173,-0.12350591023762902,0.12350591023762902
2016-09-05 10:00:00,24.125,25.193222045898438,25.975080625571046,25.193222,-1.0682220458984375,1.0682220458984375
2016-09-05 11:00:00,24.291666666666668,25.343353271484375,25.854584125592527,25.343353,-1.0516866048177071,1.0516866048177071
2016-09-05 12:00:00,24.541666666666668,24.172626495361328,25.542639111293575,24.172626,0.3690401713053397,0.3690401713053397
2016-09-05 13:00:00,24.833333333333332,23.70087432861328,24.966096170982855,23.700874,1.132459004720051,1.132459004720051
2016-09-05 14:00:00,24.958333333333332,23.162384033203125,24.547944433504263,23.162384,1.7959493001302071,1.7959493001302071
2016-09-05 15:00:00,25.416666666666668,22.495525360107422,23.221393047832517,22.495525,2.921141306559246,2.921141306559246
2016-09-05 16:00:00,25.291666666666668,25.128372192382812,26.460185567816605,25.128372,0.16329447428385535,0.16329447428385535
2016-09-05 17:00:00,25.708333333333332,25.661151885986328,25.55736313234627,25.661152,0.047181447347004024,0.047181447347004024
2016-09-05 18:00:00,26.166666666666668,25.385108947753906,26.160299145957964,25.385109,0.7815577189127616,0.7815577189127616
2016-09-05 19:00:00,26.708333333333332,24.541393280029297,27.12247667551438,24.541393,2.1669400533040353,2.1669400533040353
2016-09-05 20:00:00,26.958333333333332,25.66366195678711,26.93030167914402,25.663662,1.2946713765462228,1.2946713765462228
2016-09-05 21:00:00,27.208333333333332,26.528289794921875,27.01184076094083,26.52829,0.6800435384114571,0.6800435384114571
2016-09-05 22:00:00,27.958333333333332,26.164730072021484,27.41566789632781,26.16473,1.7936032613118478,1.7936032613118478
2016-09-05 23:00:00,28.375,24.279251098632812,25.103893472221763,24.279251,4.0957489013671875,4.0957489013671875
2016-09-06 00:00:00,28.25,24.930564880371094,26.554668681976253,24.930565,3.3194351196289062,3.3194351196289062
2016-09-06 01:00:00,28.958333333333332,25.979801177978516,25.8133348350357,25.979801,2.9785321553548165,2.9785321553548165
2016-09-06 02:00:00,29.291666666666668,26.883102416992188,27.480156793648614,26.883102,2.4085642496744804,2.4085642496744804
2016-09-06 03:00:00,29.541666666666668,27.442440032958984,27.223467846449665,27.44244,2.0992266337076835,2.0992266337076835
2016-09-06 04:00:00,30.416666666666668,26.899394989013672,26.427070819486396,26.899395,3.517271677652996,3.517271677652996
2016-09-06 05:00:00,31.125,26.88134002685547,26.055522313042747,26.88134,4.243659973144531,4.243659973144531
2016-09-06 06:00:00,31.875,27.535236358642578,26.332257336576724,27.535236,4.339763641357422,4.339763641357422
2016-09-06 07:00:00,32.833333333333336,27.34268569946289,26.52143677184061,27.342686,5.490647633870445,5.490647633870445
2016-09-06 08:00:00,34.208333333333336,28.08171844482422,26.39126139550482,28.081718,6.126614888509117,6.126614888509117
2016-09-06 09:00:00,34.458333333333336,28.593124389648438,27.430855449857315,28.593124,5.865208943684898,5.865208943684898
2016-09-06 10:00:00,35.166666666666664,27.707874298095703,28.029091106652473,27.707874,7.458792368570961,7.458792368570961
2016-09-06 11:00:00,35.416666666666664,27.842666625976562,28.380124564771585,27.842667,7.574000040690102,7.574000040690102
2016-09-06 12:00:00,35.625,28.637351989746094,28.363611975920783,28.637352,6.987648010253906,6.987648010253906
2016-09-06 13:00:00,35.583333333333336,30.418502807617188,29.502219583708875,30.418503,5.164830525716148,5.164830525716148
2016-09-06 14:00:00,35.916666666666664,29.82483673095703,28.42208887799809,29.824837,6.091829935709633,6.091829935709633
2016-09-06 15:00:00,36.416666666666664,30.0838623046875,29.832623983255683,30.083862,6.332804361979164,6.332804361979164
2016-09-06 16:00:00,36.875,31.49807357788086,30.99241927890788,31.498074,5.376926422119141,5.376926422119141
2016-09-06 17:00:00,37.083333333333336,30.065673828125,30.58495337427124,30.065674,7.017659505208336,7.017659505208336
2016-09-06 18:00:00,36.875,32.05611801147461,33.04105072121346,32.056118,4.818881988525391,4.818881988525391
2016-09-06 19:00:00,36.583333333333336,33.90925216674805,33.72991252732234,33.909252,2.674081166585289,2.674081166585289
2016-09-06 20:00:00,36.708333333333336,34.05622482299805,33.28298281829615,34.056225,2.652108510335289,2.652108510335289
2016-09-06 21:00:00,36.625,34.25018310546875,34.3779079401395,34.250183,2.37481689453125,2.37481689453125
2016-09-06 22:00:00,36.333333333333336,34.94932174682617,33.74045295722658,34.94932,1.3840115865071638,1.3840115865071638
2016-09-06 23:00:00,36.5,31.43115234375,32.55229265966898,31.431152,5.06884765625,5.06884765625
2016-09-07 00:00:00,37.5,30.107444763183594,32.00722561046555,30.107445,7.392555236816406,7.392555236816406
2016-09-07 01:00:00,38.458333333333336,31.29045867919922,34.023130263062356,31.290459,7.167874654134117,7.167874654134117
2016-09-07 02:00:00,39.791666666666664,30.451156616210938,32.62606704663193,30.451157,9.340510050455727,9.340510050455727
2016-09-07 03:00:00,39.916666666666664,30.061920166015625,32.14555543227501,30.06192,9.85474650065104,9.85474650065104
2016-09-07 04:00:00,39.708333333333336,31.215167999267578,33.749746985297485,31.215168,8.493165334065758,8.493165334065758
2016-09-07 05:00:00,40.083333333333336,31.09735870361328,31.74635325553004,31.097359,8.985974629720054,8.985974629720054
2016-09-07 06:00:00,40.458333333333336,31.789817810058594,34.139523351105055,31.789818,8.668515523274742,8.668515523274742
2016-09-07 07:00:00,40.583333333333336,33.150230407714844,35.50491872144336,33.15023,7.433102925618492,7.433102925618492
2016-09-07 08:00:00,40.083333333333336,33.526329040527344,36.92707031635376,33.52633,6.557004292805992,6.557004292805992
2016-09-07 09:00:00,40.375,37.712440490722656,38.488614842371106,37.71244,2.6625595092773438,2.6625595092773438
2016-09-07 10:00:00,40.291666666666664,38.5093994140625,40.2286125874118,38.5094,1.7822672526041643,1.7822672526041643
2016-09-07 11:00:00,40.625,38.2396125793457,38.752589233104906,38.239613,2.385387420654297,2.385387420654297
2016-09-07 12:00:00,41.083333333333336,38.062068939208984,38.291838227791885,38.06207,3.0212643941243513,3.0212643941243513
2016-09-07 13:00:00,41.916666666666664,37.500762939453125,38.00828710779869,37.500763,4.415903727213539,4.415903727213539
2016-09-07 14:00:00,42.333333333333336,38.4847412109375,38.31030297612137,38.48474,3.8485921223958357,3.8485921223958357
2016-09-07 15:00:00,43.208333333333336,40.95741653442383,42.265481454777344,40.957417,2.2509167989095076,2.2509167989095076
2016-09-07 16:00:00,43.416666666666664,42.174930572509766,42.80853309331588,42.17493,1.2417360941568987,1.2417360941568987
2016-09-07 17:00:00,43.625,40.30249786376953,41.11658987722039,40.302498,3.3225021362304688,3.3225021362304688
2016-09-07 18:00:00,44.041666666666664,41.70014953613281,41.657578780295445,41.70015,2.341517130533852,2.341517130533852
2016-09-07 19:00:00,44.458333333333336,41.329505920410156,40.75264548281622,41.329506,3.1288274129231795,3.1288274129231795
2016-09-07 20:00:00,45.75,41.66990280151367,42.24893912865285,41.669903,4.080097198486328,4.080097198486328
2016-09-07 21:00:00,46.958333333333336,40.93778991699219,42.50125128267309,40.93779,6.020543416341148,6.020543416341148
2016-09-07 22:00:00,47.25,40.1556396484375,40.910178835210374,40.15564,7.0943603515625,7.0943603515625
2016-09-07 23:00:00,47.5,40.74696350097656,41.1579408567525,40.746964,6.7530364990234375,6.7530364990234375
2016-09-08 00:00:00,47.166666666666664,40.589561462402344,41.430490475850846,40.58956,6.5771052042643205,6.5771052042643205
2016-09-08 01:00:00,48.583333333333336,41.240478515625,42.675127142855025,41.24048,7.342854817708336,7.342854817708336
2016-09-08 02:00:00,49.708333333333336,40.27873229980469,42.250861654552985,40.278732,9.429601033528648,9.429601033528648
2016-09-08 03:00:00,51.375,39.48450469970703,40.48425502257975,39.484505,11.890495300292969,11.890495300292969
2016-09-08 04:00:00,53.208333333333336,39.04948806762695,39.85159604528564,39.049488,14.158845265706383,14.158845265706383
2016-09-08 05:00:00,54.75,40.98341751098633,42.158768925279546,40.983418,13.766582489013672,13.766582489013672
2016-09-08 06:00:00,54.958333333333336,41.86872863769531,42.70330687151305,41.86873,13.089604695638023,13.089604695638023
2016-09-08 07:00:00,55.708333333333336,43.01038360595703,42.73392627047766,43.010384,12.697949727376304,12.697949727376304
2016-09-08 08:00:00,55.458333333333336,42.79553985595703,43.31597353431984,42.79554,12.662793477376304,12.662793477376304
2016-09-08 09:00:00,55.333333333333336,41.35613250732422,41.519018818007225,41.356133,13.977200826009117,13.977200826009117
2016-09-08 10:00:00,54.791666666666664,42.636837005615234,44.420883749743304,42.636837,12.15482966105143,12.15482966105143
2016-09-08 11:00:00,54.5,44.00116729736328,44.869299058778736,44.001167,10.498832702636719,10.498832702636719
2016-09-08 12:00:00,54.0,44.943763732910156,45.00091071322013,44.943764,9.056236267089844,9.056236267089844
2016-09-08 13:00:00,53.666666666666664,46.184234619140625,45.65161044760502,46.184235,7.482432047526039,7.482432047526039
2016-09-08 14:00:00,53.708333333333336,48.58819580078125,46.73076621294039,48.588196,5.120137532552086,5.120137532552086
2016-09-08 15:00:00,52.833333333333336,47.5034065246582,45.972797943651685,47.503407,5.329926808675133,5.329926808675133
2016-09-08 16:00:00,52.666666666666664,48.31224060058594,48.23631607600469,48.31224,4.354426066080727,4.354426066080727
2016-09-08 17:00:00,52.708333333333336,48.57288360595703,49.51135653422883,48.572884,4.1354497273763045,4.1354497273763045
2016-09-08 18:00:00,52.875,47.32562255859375,48.50457465194292,47.325623,5.54937744140625,5.54937744140625
2016-09-08 19:00:00,52.75,47.14568328857422,49.11367159625884,47.145683,5.604316711425781,5.604316711425781
2016-09-08 20:00:00,52.0,45.18510055541992,48.19338592681081,45.1851,6.814899444580078,6.814899444580078
2016-09-08 21:00:00,51.458333333333336,39.91253662109375,43.437610250000596,39.912537,11.545796712239586,11.545796712239586
2016-09-08 22:00:00,51.5,37.54669189453125,41.43363530209091,37.54669,13.95330810546875,13.95330810546875
2016-09-08 23:00:00,51.416666666666664,38.30731964111328,42.035134890833206,38.30732,13.109347025553383,13.109347025553383
2016-09-09 00:00:00,51.333333333333336,39.917091369628906,41.890413637553856,39.91709,11.41624196370443,11.41624196370443
2016-09-09 01:00:00,49.041666666666664,40.3710823059082,40.974418209972356,40.371082,8.670584360758461,8.670584360758461
2016-10-07 02:00:00,35.375,57.277130126953125,60.155667757064364,57.27713,-21.902130126953125,21.902130126953125
2016-10-07 03:00:00,34.041666666666664,54.00677490234375,53.75168730293887,54.006775,-19.965108235677086,19.965108235677086
2016-10-07 04:00:00,34.75,51.003047943115234,53.6163735020181,51.003048,-16.253047943115234,16.253047943115234
2016-10-07 05:00:00,35.166666666666664,48.76446533203125,51.67523131722454,48.764465,-13.597798665364586,13.597798665364586
2016-10-07 06:00:00,35.041666666666664,45.05529022216797,45.66884708374121,45.05529,-10.013623555501304,10.013623555501304
2016-10-07 07:00:00,35.083333333333336,44.474708557128906,43.80529078312932,44.47471,-9.39137522379557,9.39137522379557
2016-10-07 08:00:00,34.666666666666664,49.87193298339844,49.92173337452641,49.871933,-15.205266316731773,15.205266316731773
2016-10-07 09:00:00,34.583333333333336,50.42441177368164,50.43490025539482,50.42441,-15.841078440348305,15.841078440348305
2016-10-07 10:00:00,34.833333333333336,43.003631591796875,44.5724099037348,43.00363,-8.17029825846354,8.17029825846354
2016-10-07 11:00:00,35.041666666666664,44.37416458129883,42.44574357168041,44.374165,-9.332497914632164,9.332497914632164
2016-10-07 12:00:00,35.291666666666664,44.887542724609375,43.913696563521746,44.887543,-9.59587605794271,9.59587605794271
2016-10-07 13:00:00,35.125,41.397377014160156,42.362503495217645,41.397377,-6.272377014160156,6.272377014160156
2016-10-07 14:00:00,35.5,40.07561111450195,42.01593200672273,40.07561,-4.575611114501953,4.575611114501953
2016-10-07 15:00:00,35.791666666666664,41.275753021240234,43.01444858047018,41.275753,-5.48408635457357,5.48408635457357
2016-10-07 16:00:00,36.0,43.332061767578125,44.283487893391076,43.33206,-7.332061767578125,7.332061767578125
2016-10-07 17:00:00,37.291666666666664,41.71308135986328,42.7460997031434,41.71308,-4.421414693196617,4.421414693196617
2016-10-07 18:00:00,37.5,42.129127502441406,41.863024996772616,42.129128,-4.629127502441406,4.629127502441406
2016-10-07 19:00:00,37.833333333333336,36.79132843017578,38.30233834495065,36.79133,1.0420049031575545,1.0420049031575545
2016-10-07 20:00:00,38.041666666666664,43.656349182128906,45.573818647972196,43.65635,-5.614682515462242,5.614682515462242
2016-10-07 21:00:00,37.916666666666664,43.68070983886719,45.35713699591303,43.68071,-5.764043172200523,5.764043172200523
2016-10-07 22:00:00,37.25,42.88346481323242,44.20786096829806,42.883465,-5.633464813232422,5.633464813232422
2016-10-07 23:00:00,36.791666666666664,41.21295928955078,44.413619260093384,41.21296,-4.421292622884117,4.421292622884117
2016-10-08 00:00:00,36.291666666666664,45.67982482910156,46.65908262022398,45.679825,-9.388158162434898,9.388158162434898
2016-10-08 01:00:00,35.666666666666664,44.20274353027344,46.06010969755252,44.202744,-8.536076863606773,8.536076863606773
2016-10-08 02:00:00,35.416666666666664,48.61344528198242,48.049338691248614,48.613445,-13.196778615315758,13.196778615315758
2016-10-08 03:00:00,35.875,46.085384368896484,46.345399967689445,46.085384,-10.210384368896484,10.210384368896484
2016-10-08 04:00:00,35.458333333333336,50.761924743652344,49.96572732234861,50.761925,-15.303591410319008,15.303591410319008
2016-10-08 05:00:00,37.0,44.758235931396484,45.32489477567244,44.758236,-7.758235931396484,7.758235931396484
2016-10-08 06:00:00,37.625,42.43603515625,40.58295055214551,42.436035,-4.81103515625,4.81103515625
2016-10-08 07:00:00,39.0,39.54481506347656,39.561721008844316,39.544815,-0.5448150634765625,0.5448150634765625
2016-10-08 08:00:00,39.208333333333336,38.15160369873047,39.56009769193326,38.151604,1.056729634602867,1.056729634602867
2016-10-08 09:00:00,38.75,38.353240966796875,40.590683476307206,38.35324,0.396759033203125,0.396759033203125
2016-10-08 10:00:00,38.625,35.879798889160156,36.51049274744528,35.8798,2.7452011108398438,2.7452011108398438
2016-10-08 11:00:00,38.833333333333336,35.34672546386719,36.74064875414122,35.346725,3.486607869466148,3.486607869466148
2016-10-08 12:00:00,39.333333333333336,34.36175537109375,36.193460288384045,34.361755,4.971577962239586,4.971577962239586
2016-10-08 13:00:00,39.333333333333336,35.142730712890625,35.93495970007615,35.14273,4.190602620442711,4.190602620442711
2016-10-08 14:00:00,39.333333333333336,35.74464416503906,37.36281754442807,35.744644,3.588689168294273,3.588689168294273
2016-10-08 15:00:00,39.25,35.131561279296875,37.643587335848814,35.13156,4.118438720703125,4.118438720703125
2016-10-08 16:00:00,39.291666666666664,41.67338562011719,41.13459172328324,41.673386,-2.381718953450523,2.381718953450523
2016-10-08 17:00:00,38.5,45.90937042236328,45.888101847486006,45.90937,-7.409370422363281,7.409370422363281
2016-10-08 18:00:00,38.25,37.96616744995117,39.35217398159183,37.966167,0.2838325500488281,0.2838325500488281
2016-10-08 19:00:00,37.916666666666664,37.362247467041016,38.079026642237,37.362247,0.5544191996256487,0.5544191996256487
2016-10-08 20:00:00,38.083333333333336,38.37849426269531,41.9304740297911,38.378494,-0.2951609293619768,0.2951609293619768
2016-10-08 21:00:00,37.666666666666664,38.82813262939453,41.158736397805875,38.828133,-1.161465962727867,1.161465962727867
2016-10-08 22:00:00,37.916666666666664,35.48303985595703,37.07723351904443,35.48304,2.433626810709633,2.433626810709633
2016-10-08 23:00:00,38.083333333333336,37.717594146728516,39.20317137290991,37.717594,0.3657391866048201,0.3657391866048201
2016-10-09 00:00:00,39.416666666666664,39.050445556640625,38.092979756939506,39.050446,0.3662211100260393,0.3662211100260393
2016-10-09 01:00:00,41.375,39.935302734375,38.8364409607287,39.935303,1.439697265625,1.439697265625
2016-10-09 02:00:00,41.583333333333336,40.465843200683594,40.050383072027124,40.465843,1.117490132649742,1.117490132649742
2016-10-09 03:00:00,42.291666666666664,42.18873977661133,44.727468798656574,42.18874,0.10292689005533617,0.10292689005533617
2016-10-09 04:00:00,41.583333333333336,43.641693115234375,43.122707360328405,43.641693,-2.0583597819010393,2.0583597819010393
2016-10-09 05:00:00,39.166666666666664,41.265625,41.994605047942656,41.265625,-2.0989583333333357,2.0989583333333357
2016-10-09 06:00:00,38.791666666666664,40.394039154052734,42.577120905687366,40.39404,-1.60237248738607,1.60237248738607
2016-10-09 07:00:00,37.25,40.38140869140625,41.58411387342102,40.38141,-3.13140869140625,3.13140869140625
2016-10-09 08:00:00,37.125,39.64424514770508,41.30556867358127,39.644245,-2.519245147705078,2.519245147705078
2016-10-09 09:00:00,37.5,36.22023391723633,36.96805369084571,36.220234,1.2797660827636719,1.2797660827636719
2016-10-09 10:00:00,37.5,36.08098220825195,36.182103717876565,36.080982,1.4190177917480469,1.4190177917480469
2016-10-09 11:00:00,37.291666666666664,36.461517333984375,37.45227365122778,36.461517,0.8301493326822893,0.8301493326822893
2016-10-09 12:00:00,36.666666666666664,38.179813385009766,38.02109290859135,38.179813,-1.5131467183431013,1.5131467183431013
2016-10-09 13:00:00,36.791666666666664,39.54243469238281,40.39657327012254,39.542435,-2.750768025716148,2.750768025716148
2016-10-09 14:00:00,36.791666666666664,38.88507843017578,39.09079494185759,38.88508,-2.093411763509117,2.093411763509117
2016-10-09 15:00:00,37.166666666666664,38.89482116699219,38.75054603299151,38.89482,-1.7281545003255232,1.7281545003255232
2016-10-09 16:00:00,37.208333333333336,38.39605712890625,37.57043652509771,38.396057,-1.1877237955729143,1.1877237955729143
2016-10-09 17:00:00,37.5,42.27019500732422,41.184631900901934,42.270195,-4.770195007324219,4.770195007324219
2016-10-09 18:00:00,37.791666666666664,40.69064712524414,41.04983740445836,40.690647,-2.8989804585774763,2.8989804585774763
2016-10-09 19:00:00,38.041666666666664,37.15081787109375,39.00164074620926,37.150818,0.8908487955729143,0.8908487955729143
2016-10-09 20:00:00,37.625,37.856849670410156,39.380172165541204,37.85685,-0.23184967041015625,0.23184967041015625
2016-10-09 21:00:00,37.541666666666664,34.727317810058594,35.125170017260814,34.727318,2.8143488566080705,2.8143488566080705
2016-10-09 22:00:00,37.333333333333336,32.01361083984375,31.9491678459732,32.01361,5.319722493489586,5.319722493489586
2016-10-09 23:00:00,36.833333333333336,33.05866622924805,33.90153721531236,33.058666,3.774667104085289,3.774667104085289
2016-10-10 00:00:00,35.916666666666664,42.43998336791992,44.28967794840429,42.439983,-6.523316701253258,6.523316701253258
2016-10-10 01:00:00,34.458333333333336,40.7421875,42.5095061173121,40.742188,-6.283854166666664,6.283854166666664
2016-10-10 02:00:00,34.25,36.779090881347656,39.890163802951946,36.77909,-2.5290908813476562,2.5290908813476562
2016-10-10 03:00:00,32.416666666666664,41.299888610839844,43.49055220909307,41.29989,-8.88322194417318,8.88322194417318
2016-10-10 04:00:00,31.25,44.463958740234375,44.61076250497734,44.46396,-13.213958740234375,13.213958740234375
2016-10-10 05:00:00,30.916666666666668,39.45728302001953,41.338984393365536,39.457283,-8.540616353352863,8.540616353352863
2016-10-10 06:00:00,30.583333333333332,41.00556182861328,43.50410672323719,41.00556,-10.422228495279949,10.422228495279949
2016-10-10 07:00:00,30.25,39.759613037109375,42.37389332949386,39.759613,-9.509613037109375,9.509613037109375
2016-10-10 08:00:00,29.833333333333332,42.660125732421875,44.85956544852777,42.660126,-12.826792399088543,12.826792399088543
2016-10-10 09:00:00,29.125,40.8326416015625,43.13106010451039,40.83264,-11.7076416015625,11.7076416015625
2016-10-10 10:00:00,29.416666666666668,35.47236633300781,37.756611776615216,35.472366,-6.055699666341145,6.055699666341145
2016-10-10 11:00:00,29.5,34.75084686279297,36.59230720586268,34.750847,-5.250846862792969,5.250846862792969
2016-10-10 12:00:00,29.958333333333332,32.759159088134766,34.4598518725019,32.75916,-2.8008257548014335,2.8008257548014335
2016-10-10 13:00:00,29.958333333333332,35.92751693725586,38.1661345051276,35.927517,-5.969183603922527,5.969183603922527
2016-10-10 14:00:00,29.708333333333332,33.60027313232422,35.35759546450195,33.600273,-3.8919397989908866,3.8919397989908866
2016-10-10 15:00:00,29.0,41.255332946777344,41.112902564439665,41.255333,-12.255332946777344,12.255332946777344
2016-10-10 16:00:00,28.583333333333332,42.033164978027344,42.87406579881321,42.033165,-13.449831644694012,13.449831644694012
2016-10-10 17:00:00,27.541666666666668,38.8203125,41.30970947904197,38.820312,-11.278645833333332,11.278645833333332
2016-10-10 18:00:00,26.666666666666668,36.055137634277344,37.69251701260126,36.055138,-9.388470967610676,9.388470967610676
2016-10-10 19:00:00,26.25,37.116817474365234,38.26301194663721,37.116817,-10.866817474365234,10.866817474365234
2016-10-10 20:00:00,25.541666666666668,40.73729705810547,43.33557340485646,40.737297,-15.195630391438801,15.195630391438801
2016-10-10 21:00:00,25.208333333333332,37.585487365722656,40.21279527005125,37.585487,-12.377154032389324,12.377154032389324
2016-10-10 22:00:00,24.875,38.80998611450195,39.885857078525326,38.809986,-13.934986114501953,13.934986114501953
2016-10-10 23:00:00,25.0,37.99532699584961,40.827454807162646,37.995327,-12.99532699584961,12.99532699584961
2016-10-11 00:00:00,24.541666666666668,41.09368133544922,42.24656085705463,41.09368,-16.55201466878255,16.55201466878255
2016-10-11 01:00:00,23.708333333333332,40.84860610961914,43.890863842766265,40.848606,-17.14027277628581,17.14027277628581
2016-10-11 02:00:00,23.333333333333332,40.57801055908203,42.526112368603144,40.57801,-17.2446772257487,17.2446772257487
2016-10-11 03:00:00,22.958333333333332,38.220436096191406,40.235143319483356,38.220436,-15.262102762858074,15.262102762858074
2016-10-11 04:00:00,23.25,35.66189193725586,35.400487272555665,35.661892,-12.41189193725586,12.41189193725586
2016-10-11 05:00:00,22.833333333333332,32.39923095703125,31.828698643547114,32.39923,-9.565897623697918,9.565897623697918
2016-10-11 06:00:00,22.291666666666668,33.698585510253906,35.33299433975467,33.698586,-11.406918843587238,11.406918843587238
2016-10-11 07:00:00,21.833333333333332,32.8328971862793,34.458813044172416,32.832897,-10.999563852945965,10.999563852945965
2016-10-11 08:00:00,22.583333333333332,33.996070861816406,35.002260909567475,33.99607,-11.412737528483074,11.412737528483074
2016-10-11 09:00:00,25.916666666666668,32.85357666015625,32.48682050429281,32.853577,-6.936909993489582,6.936909993489582
2016-10-11 10:00:00,27.291666666666668,33.047340393066406,35.162357860943956,33.04734,-5.755673726399738,5.755673726399738
2016-10-11 11:00:00,28.208333333333332,33.25760269165039,36.041880231596856,33.257603,-5.0492693583170585,5.0492693583170585
2016-10-11 12:00:00,28.291666666666668,36.089942932128906,37.25955491291367,36.089943,-7.798276265462238,7.798276265462238
2016-10-11 13:00:00,28.208333333333332,29.998592376708984,35.51847002682373,29.998592,-1.7902590433756522,1.7902590433756522
2016-10-11 14:00:00,28.208333333333332,30.763294219970703,32.13020173701405,30.763294,-2.554960886637371,2.554960886637371
2016-10-11 15:00:00,28.458333333333332,27.819839477539062,29.2051602716154,27.81984,0.6384938557942696,0.6384938557942696
2016-10-11 16:00:00,28.916666666666668,25.60318374633789,26.58552302136144,25.603184,3.3134829203287772,3.3134829203287772
2016-10-11 17:00:00,29.416666666666668,27.071090698242188,28.191944735775536,27.07109,2.3455759684244804,2.3455759684244804
2016-10-11 18:00:00,30.75,29.056377410888672,27.97249083472193,29.056377,1.6936225891113281,1.6936225891113281
2016-10-11 19:00:00,32.625,26.12497329711914,27.123226997410583,26.124973,6.500026702880859,6.500026702880859
2016-10-11 20:00:00,34.375,23.776229858398438,21.721203663547367,23.77623,10.598770141601562,10.598770141601562
2016-10-11 21:00:00,35.791666666666664,23.407733917236328,22.93334213463818,23.407734,12.383932749430336,12.383932749430336
2016-10-11 22:00:00,37.5,22.071487426757812,23.539999778794563,22.071487,15.428512573242188,15.428512573242188
2016-10-11 23:00:00,38.416666666666664,23.593830108642578,25.958573523448077,23.59383,14.822836558024086,14.822836558024086
2016-10-12 00:00:00,38.958333333333336,24.864459991455078,27.134693688671014,24.86446,14.093873341878258,14.093873341878258
2016-10-12 01:00:00,40.125,23.086483001708984,25.152288174386936,23.086483,17.038516998291016,17.038516998291016
2016-10-12 02:00:00,47.0,22.5718994140625,26.01433218964254,22.5719,24.4281005859375,24.4281005859375
2016-10-12 03:00:00,51.083333333333336,21.630760192871094,22.2142749896657,21.63076,29.452573140462242,29.452573140462242
2016-10-12 04:00:00,54.375,23.108253479003906,24.02055078038584,23.108253,31.266746520996094,31.266746520996094
2016-10-12 05:00:00,57.791666666666664,27.076099395751953,28.1608905544015,27.0761,30.71556727091471,30.71556727091471
2016-10-12 06:00:00,63.125,27.523666381835938,28.205679383712383,27.523666,35.60133361816406,35.60133361816406
2016-10-12 07:00:00,70.16666666666667,31.04403305053711,34.10714466737371,31.044033,39.12263361612956,39.12263361612956
2016-10-12 08:00:00,74.16666666666667,40.66954803466797,42.05857616882118,40.669548,33.4971186319987,33.4971186319987
2016-10-12 09:00:00,72.875,42.14792251586914,45.819466700576896,42.147923,30.72707748413086,30.72707748413086
2016-10-12 10:00:00,72.45833333333333,42.960289001464844,47.89405395194271,42.96029,29.498044331868485,29.498044331868485
2016-10-12 11:00:00,73.16666666666667,43.578060150146484,48.21056745280915,43.57806,29.588606516520187,29.588606516520187
2016-10-12 12:00:00,74.75,37.71143341064453,41.52773292281249,37.711433,37.03856658935547,37.03856658935547
2016-10-12 13:00:00,76.875,39.143611907958984,42.70753151778116,39.143612,37.731388092041016,37.731388092041016
2016-10-12 14:00:00,79.29166666666667,38.07202911376953,42.42224433713241,38.07203,41.21963755289714,41.21963755289714
2016-10-12 15:00:00,81.70833333333333,30.544845581054688,36.54939054914852,30.544846,51.16348775227864,51.16348775227864
2016-10-12 16:00:00,84.375,41.96996307373047,45.67138163666447,41.969963,42.40503692626953,42.40503692626953
2016-10-12 17:00:00,87.45833333333333,41.8662109375,45.79944295371379,41.86621,45.59212239583333,45.59212239583333
2016-10-12 18:00:00,89.75,40.33836364746094,43.90592509910063,40.338364,49.41163635253906,49.41163635253906
2016-10-12 19:00:00,89.5,39.292076110839844,44.474894383667156,39.292076,50.207923889160156,50.207923889160156
2016-10-12 20:00:00,89.04166666666667,44.180564880371094,44.81799745755654,44.180565,44.86110178629558,44.86110178629558
2016-10-12 21:00:00,88.625,47.137027740478516,47.68927881200442,47.137028,41.487972259521484,41.487972259521484
2016-10-12 22:00:00,87.45833333333333,47.765403747558594,49.26042096964266,47.765404,39.692929585774735,39.692929585774735
2016-10-12 23:00:00,87.0,47.871238708496094,47.70367990716136,47.87124,39.128761291503906,39.128761291503906
2016-10-13 00:00:00,87.33333333333333,44.082855224609375,45.199287637115155,44.082855,43.250478108723954,43.250478108723954
2016-10-13 01:00:00,89.25,44.72613525390625,45.03979458729963,44.726135,44.52386474609375,44.52386474609375
2016-10-13 02:00:00,83.54166666666667,54.86573791503906,51.50061126190011,54.865738,28.67592875162761,28.67592875162761
2016-10-13 03:00:00,80.25,51.13645935058594,55.060909486660165,51.13646,29.113540649414062,29.113540649414062
2016-10-13 04:00:00,77.375,52.91923904418945,54.10516280033337,52.91924,24.455760955810547,24.455760955810547
2016-10-13 05:00:00,74.54166666666667,53.20978546142578,54.43631061772417,53.209785,21.33188120524089,21.33188120524089
2016-10-13 06:00:00,69.83333333333333,54.0367317199707,56.4661420613343,54.03673,15.796601613362625,15.796601613362625
2016-10-13 07:00:00,63.333333333333336,58.491390228271484,56.73074495209762,58.49139,4.841943105061851,4.841943105061851
2016-10-13 08:00:00,58.541666666666664,56.78982925415039,56.519380506758125,56.78983,1.7518374125162737,1.7518374125162737
2016-10-13 09:00:00,56.541666666666664,50.357295989990234,52.51482532749035,50.357296,6.18437067667643,6.18437067667643
2016-10-13 10:00:00,55.583333333333336,47.63231658935547,50.09670841360643,47.632317,7.951016743977867,7.951016743977867
2016-10-13 11:00:00,54.25,54.26138687133789,57.165879154262974,54.261387,-0.011386871337890625,0.011386871337890625
2016-10-13 12:00:00,52.916666666666664,55.96864700317383,61.04954069615404,55.968647,-3.051980336507164,3.051980336507164
2016-10-13 13:00:00,51.291666666666664,63.00501251220703,64.50120460726609,63.005013,-11.713345845540367,11.713345845540367
2016-10-13 14:00:00,49.291666666666664,64.635498046875,65.36955830774832,64.6355,-15.343831380208336,15.343831380208336
2016-10-13 15:00:00,47.083333333333336,69.5982894897461,76.28956661355662,69.59829,-22.514956156412758,22.514956156412758
2016-10-13 16:00:00,44.583333333333336,75.47727966308594,81.35042379768352,75.47728,-30.893946329752602,30.893946329752602
2016-10-13 17:00:00,41.791666666666664,70.26515197753906,74.17916361224826,70.26515,-28.473485310872398,28.473485310872398
2016-10-13 18:00:00,39.458333333333336,70.30280303955078,73.47134903953624,70.3028,-30.844469706217446,30.844469706217446
2016-10-13 19:00:00,39.541666666666664,64.8924789428711,68.94470135391529,64.89248,-25.35081227620443,25.35081227620443
2016-10-13 20:00:00,40.458333333333336,65.01554870605469,67.93638105770911,65.01555,-24.557215372721352,24.557215372721352
2016-10-13 21:00:00,42.041666666666664,63.55869674682617,66.35789647693473,63.558697,-21.517030080159508,21.517030080159508
2016-10-13 22:00:00,43.875,59.303688049316406,61.361886604549454,59.303688,-15.428688049316406,15.428688049316406
2016-10-13 23:00:00,45.666666666666664,62.90746307373047,64.23287840875936,62.907463,-17.240796407063804,17.240796407063804
2016-10-14 00:00:00,47.083333333333336,67.4900894165039,69.1358581559411,67.49009,-20.40675608317057,20.40675608317057
2016-10-14 01:00:00,46.833333333333336,74.02001190185547,76.56130553415888,74.02001,-27.186678568522133,27.186678568522133
2016-10-14 02:00:00,47.708333333333336,69.00506591796875,67.37752190981739,69.005066,-21.296732584635414,21.296732584635414
2016-10-14 03:00:00,49.958333333333336,70.228759765625,66.0596847974268,70.22876,-20.270426432291664,20.270426432291664
2016-10-14 04:00:00,51.625,64.7030258178711,62.863161564324315,64.703026,-13.078025817871094,13.078025817871094
2016-10-14 05:00:00,53.291666666666664,60.26063919067383,61.25939161138223,60.26064,-6.968972524007164,6.968972524007164
2016-10-14 06:00:00,55.25,57.9594841003418,57.856363246453775,57.959484,-2.709484100341797,2.709484100341797
2016-10-14 07:00:00,56.833333333333336,55.376991271972656,54.65654110035499,55.37699,1.4563420613606795,1.4563420613606795
2016-10-14 08:00:00,58.375,51.5787467956543,43.87911601218622,51.578747,6.796253204345703,6.796253204345703
2016-10-14 09:00:00,60.666666666666664,46.481834411621094,39.47265298522116,46.481834,14.18483225504557,14.18483225504557
2016-10-14 10:00:00,61.25,49.93441390991211,43.92465840539255,49.934414,11.31558609008789,11.31558609008789
2016-10-14 11:00:00,61.583333333333336,52.744300842285156,47.33205596848759,52.7443,8.83903249104818,8.83903249104818
2016-10-14 12:00:00,61.0,58.318145751953125,54.73360617162959,58.318146,2.681854248046875,2.681854248046875
2016-10-14 13:00:00,60.916666666666664,60.40558624267578,54.42569830632529,60.405586,0.511080423990883,0.511080423990883
2016-10-14 14:00:00,61.333333333333336,57.15084457397461,52.08894405597192,57.150845,4.182488759358726,4.182488759358726
2016-10-14 15:00:00,61.458333333333336,50.74610137939453,44.64120286248413,50.7461,10.712231953938804,10.712231953938804
2016-10-14 16:00:00,61.958333333333336,47.93243408203125,43.07168699989176,47.932434,14.025899251302086,14.025899251302086
2016-10-14 17:00:00,62.166666666666664,47.92488098144531,43.603760900405085,47.92488,14.241785685221352,14.241785685221352
2016-10-14 18:00:00,62.25,50.59125900268555,48.979581864805084,50.59126,11.658740997314453,11.658740997314453
2016-10-14 19:00:00,63.041666666666664,52.42252731323242,52.88682243879744,52.422527,10.619139353434242,10.619139353434242
2016-10-14 20:00:00,63.208333333333336,56.22053527832031,55.291625423544296,56.220535,6.987798055013023,6.987798055013023
2016-10-14 21:00:00,62.875,56.779869079589844,58.141642668249865,56.77987,6.095130920410156,6.095130920410156
2016-10-14 22:00:00,63.25,56.08949279785156,58.21833452519845,56.089493,7.1605072021484375,7.1605072021484375
2016-10-14 23:00:00,63.5,58.60370635986328,59.116626241241995,58.603706,4.896293640136719,4.896293640136719
2016-10-15 00:00:00,63.5,61.94623947143555,65.86056616384816,61.94624,1.5537605285644531,1.5537605285644531
2016-10-15 01:00:00,63.083333333333336,64.2867202758789,65.10415866645,64.28672,-1.2033869425455705,1.2033869425455705
2016-10-15 02:00:00,62.75,63.340110778808594,65.36729671521425,63.34011,-0.5901107788085938,0.5901107788085938
2016-10-15 03:00:00,61.833333333333336,67.34848022460938,67.90795181959926,67.34848,-5.515146891276039,5.515146891276039
2016-10-15 04:00:00,62.125,67.03311157226562,67.00447230921891,67.03311,-4.908111572265625,4.908111572265625
2016-10-15 05:00:00,62.666666666666664,68.92704010009766,66.25640262002067,68.92704,-6.260373433430992,6.260373433430992
2016-10-15 06:00:00,62.5,67.92431640625,67.86691713850296,67.92432,-5.42431640625,5.42431640625
2016-10-15 07:00:00,62.666666666666664,68.03396606445312,66.57143947759269,68.033966,-5.367299397786461,5.367299397786461
2016-10-15 08:00:00,62.291666666666664,69.24620819091797,68.51950848209152,69.24621,-6.9545415242513045,6.9545415242513045
2016-10-15 09:00:00,61.583333333333336,69.72611236572266,67.5419805950066,69.72611,-8.14277903238932,8.14277903238932
2016-10-15 10:00:00,61.916666666666664,65.22933959960938,65.4685220767215,65.22934,-3.3126729329427107,3.3126729329427107
2016-10-15 11:00:00,62.208333333333336,68.58554077148438,71.11055158523412,68.58554,-6.377207438151039,6.377207438151039
2016-10-15 12:00:00,63.041666666666664,67.53722381591797,66.90291707743914,67.537224,-4.4955571492513045,4.4955571492513045
2016-10-15 13:00:00,63.125,68.00714874267578,68.09194760242337,68.00715,-4.882148742675781,4.882148742675781
2016-10-15 14:00:00,62.958333333333336,72.90348052978516,73.78204798532845,72.90348,-9.94514719645182,9.94514719645182
2016-10-15 15:00:00,63.25,68.23574829101562,66.85500432053836,68.23575,-4.985748291015625,4.985748291015625
2016-10-15 16:00:00,63.0,72.93291473388672,72.14882048800601,72.932915,-9.932914733886719,9.932914733886719
2016-10-15 17:00:00,62.75,67.70697784423828,70.68040504221825,67.70698,-4.956977844238281,4.956977844238281
2016-10-15 18:00:00,62.875,61.573081970214844,65.807990867409,61.573082,1.3019180297851562,1.3019180297851562
2016-10-15 19:00:00,62.041666666666664,73.05609130859375,74.33973057584275,73.05609,-11.014424641927086,11.014424641927086
2016-10-15 20:00:00,61.25,70.09688568115234,73.22551328736702,70.096886,-8.846885681152344,8.846885681152344
2016-10-15 21:00:00,60.458333333333336,65.73196411132812,68.17530171012876,65.731964,-5.273630777994789,5.273630777994789
2016-10-15 22:00:00,59.458333333333336,70.2984390258789,72.63804069315714,70.29844,-10.84010569254557,10.84010569254557
2016-10-15 23:00:00,58.625,69.92488861083984,72.42635794421791,69.92489,-11.299888610839844,11.299888610839844
2016-10-16 00:00:00,58.041666666666664,65.18746185302734,68.02364987720202,65.18746,-7.1457951863606795,7.1457951863606795
2016-10-16 01:00:00,57.708333333333336,64.46292114257812,66.6871208294873,64.46292,-6.754587809244789,6.754587809244789
2016-10-16 02:00:00,58.375,67.3778076171875,68.0435857702856,67.37781,-9.0028076171875,9.0028076171875
2016-10-16 03:00:00,58.791666666666664,64.73196411132812,67.66750402946951,64.731964,-5.940297444661461,5.940297444661461
2016-10-16 04:00:00,58.208333333333336,66.84086608886719,71.40238086659912,66.840866,-8.632532755533852,8.632532755533852
2016-10-16 05:00:00,57.5,66.74010467529297,70.90080285020237,66.740105,-9.240104675292969,9.240104675292969
2016-10-16 06:00:00,57.583333333333336,63.065486907958984,65.5878483602587,63.065487,-5.482153574625649,5.482153574625649
2016-10-16 07:00:00,57.458333333333336,64.57228088378906,67.41065729883589,64.57228,-7.113947550455727,7.113947550455727
2016-10-16 08:00:00,58.25,59.95458221435547,62.125802866465456,59.954582,-1.7045822143554688,1.7045822143554688
2016-10-16 09:00:00,58.791666666666664,62.423309326171875,63.76355415322432,62.42331,-3.6316426595052107,3.6316426595052107
2016-10-16 10:00:00,59.0,63.26827621459961,66.45214988106342,63.268276,-4.268276214599609,4.268276214599609
2016-10-16 11:00:00,58.875,63.95463943481445,66.20358695920463,63.95464,-5.079639434814453,5.079639434814453
2016-10-16 12:00:00,59.291666666666664,70.39732360839844,69.33884781564848,70.39732,-11.105656941731773,11.105656941731773
2016-10-16 13:00:00,60.041666666666664,65.92188262939453,68.44265211215188,65.92188,-5.880215962727867,5.880215962727867
2016-10-16 14:00:00,60.708333333333336,65.1702651977539,67.7127273472422,65.170265,-4.4619318644205705,4.4619318644205705
2016-10-16 15:00:00,61.916666666666664,70.17487335205078,72.37047495785372,70.17487,-8.258206685384117,8.258206685384117
2016-10-16 16:00:00,62.291666666666664,68.38692474365234,68.82628937195253,68.386925,-6.0952580769856795,6.0952580769856795
2016-10-16 17:00:00,62.833333333333336,64.09517669677734,66.57009486128905,64.09518,-1.261843363444008,1.261843363444008
2016-10-16 18:00:00,63.291666666666664,66.3396224975586,70.09486801718579,66.33962,-3.0479558308919295,3.0479558308919295
2016-10-16 19:00:00,63.625,65.92910766601562,67.02535497689215,65.92911,-2.304107666015625,2.304107666015625
2016-10-16 20:00:00,63.916666666666664,62.963260650634766,65.36688660757223,62.96326,0.9534060160318987,0.9534060160318987
2016-10-16 21:00:00,64.66666666666667,59.10926055908203,59.516187082401856,59.10926,5.55740610758464,5.55740610758464
2016-10-16 22:00:00,65.20833333333333,59.14201354980469,61.64352962026163,59.142014,6.066319783528641,6.066319783528641
2016-10-16 23:00:00,65.33333333333333,61.61912536621094,62.79189897944328,61.619125,3.714207967122391,3.714207967122391
2016-10-17 00:00:00,65.5,68.9209976196289,65.6483022724671,68.921,-3.4209976196289062,3.4209976196289062
2016-10-17 01:00:00,65.79166666666667,67.50473022460938,64.97497586301694,67.50473,-1.7130635579427036,1.7130635579427036
2016-10-17 02:00:00,65.375,73.24507904052734,68.61695552835113,73.24508,-7.870079040527344,7.870079040527344
2016-10-17 03:00:00,65.375,70.47509765625,67.2982055387049,70.4751,-5.10009765625,5.10009765625
2016-10-17 04:00:00,65.75,65.80582427978516,64.78236532782883,65.805824,-0.05582427978515625,0.05582427978515625
2016-10-17 05:00:00,66.5,65.64594268798828,64.08724539751927,65.64594,0.8540573120117188,0.8540573120117188
2016-10-17 06:00:00,66.29166666666667,68.46609497070312,66.19984606732912,68.466095,-2.1744283040364536,2.1744283040364536
2016-10-17 07:00:00,67.16666666666667,67.6985855102539,65.08182723982473,67.698586,-0.5319188435872348,0.5319188435872348
2016-10-17 08:00:00,66.79166666666667,70.68089294433594,67.99770786260298,70.68089,-3.889226277669266,3.889226277669266
2016-10-17 09:00:00,66.79166666666667,68.46139526367188,67.5186887616615,68.461395,-1.6697285970052036,1.6697285970052036
2016-10-17 10:00:00,66.29166666666667,67.50608825683594,71.20448931083402,67.50609,-1.214421590169266,1.214421590169266
2016-10-17 11:00:00,66.33333333333333,68.31656646728516,67.50828487362392,68.31657,-1.9832331339518277,1.9832331339518277
2016-10-17 12:00:00,66.41666666666667,71.01715850830078,74.19320537198203,71.01716,-4.60049184163411,4.60049184163411
2016-10-17 13:00:00,67.08333333333333,75.46538543701172,74.94000565849815,75.465385,-8.38205210367839,8.38205210367839
2016-10-17 14:00:00,67.70833333333333,73.154541015625,73.60841437190535,73.15454,-5.446207682291671,5.446207682291671
2016-10-17 15:00:00,67.5,74.87118530273438,76.88837075566569,74.871185,-7.371185302734375,7.371185302734375
2016-10-17 16:00:00,67.95833333333333,72.98757934570312,70.95315209436394,72.98758,-5.029246012369796,5.029246012369796
2016-10-17 17:00:00,67.66666666666667,75.70524597167969,72.59738682635208,75.705246,-8.038579305013016,8.038579305013016
2016-10-17 18:00:00,67.66666666666667,73.09247589111328,73.49066471147665,73.092476,-5.42580922444661,5.42580922444661
2016-10-17 19:00:00,68.79166666666667,70.25996398925781,71.38345202623971,70.259964,-1.468297322591141,1.468297322591141
2016-10-17 20:00:00,71.08333333333333,72.68710327148438,72.55278367936083,72.6871,-1.6037699381510464,1.6037699381510464
2016-10-17 21:00:00,72.625,74.67442321777344,73.4947188709335,74.67442,-2.0494232177734375,2.0494232177734375
2016-10-17 22:00:00,73.45833333333333,73.56413269042969,72.17882663323181,73.56413,-0.1057993570963589,0.1057993570963589
2016-10-17 23:00:00,74.25,68.9251937866211,68.5270348510933,68.92519,5.324806213378906,5.324806213378906
2016-10-18 00:00:00,74.25,72.30569458007812,69.72950278251761,72.305695,1.944305419921875,1.944305419921875
2016-10-18 01:00:00,74.33333333333333,75.04113006591797,72.01618535639649,75.04113,-0.7077967325846402,0.7077967325846402
2016-10-18 02:00:00,74.58333333333333,71.19541931152344,68.36550886083775,71.19542,3.387914021809891,3.387914021809891
2016-10-18 03:00:00,74.33333333333333,72.1033706665039,70.09004952468196,72.10337,2.2299626668294223,2.2299626668294223
2016-10-18 04:00:00,74.625,77.22874450683594,74.34060603888507,77.228745,-2.6037445068359375,2.6037445068359375
2016-10-18 05:00:00,74.91666666666667,78.30081176757812,74.65165402753115,78.30081,-3.3841451009114536,3.3841451009114536
2016-10-18 06:00:00,75.83333333333333,71.09285736083984,69.93733343080616,71.09286,4.740475972493485,4.740475972493485
2016-10-18 07:00:00,76.375,81.67841339111328,77.28191886188351,81.67841,-5.303413391113281,5.303413391113281
2016-10-18 08:00:00,76.95833333333333,74.50685119628906,72.9542278163088,74.50685,2.451482137044266,2.451482137044266
2016-10-18 09:00:00,77.0,76.60066223144531,73.91537103290398,76.60066,0.3993377685546875,0.3993377685546875
2016-10-18 10:00:00,78.20833333333333,71.79861450195312,69.19514792402823,71.798615,6.409718831380204,6.409718831380204
2016-10-18 11:00:00,79.70833333333333,73.27850341796875,70.41698679779019,73.2785,6.429829915364579,6.429829915364579
2016-10-18 12:00:00,79.70833333333333,74.86955261230469,74.36134793408617,74.86955,4.838780721028641,4.838780721028641
2016-10-18 13:00:00,80.33333333333333,80.39532470703125,78.29135280697872,80.395325,-0.061991373697921404,0.061991373697921404
2016-10-18 14:00:00,80.41666666666667,79.04244232177734,78.71729323641704,79.04244,1.3742243448893277,1.3742243448893277
2016-10-18 15:00:00,80.375,76.39234161376953,74.84112236380811,76.39234,3.9826583862304688,3.9826583862304688
2016-10-18 16:00:00,80.91666666666667,78.01527404785156,79.6522919104977,78.015274,2.901392618815109,2.901392618815109
2016-10-18 17:00:00,82.70833333333333,75.20108795166016,71.19755261479906,75.20109,7.507245381673172,7.507245381673172
2016-10-18 18:00:00,83.04166666666667,78.35107421875,75.00671048092126,78.351074,4.690592447916671,4.690592447916671
2016-10-18 19:00:00,82.0,83.66900634765625,80.34430998525116,83.66901,-1.66900634765625,1.66900634765625
2016-10-18 20:00:00,80.04166666666667,79.89861297607422,80.5024761762944,79.89861,0.14305369059245265,0.14305369059245265
2016-10-18 21:00:00,78.625,78.678466796875,79.3576683647671,78.67847,-0.053466796875,0.053466796875
2016-10-18 22:00:00,77.91666666666667,75.92475128173828,76.09404220813893,75.92475,1.9919153849283902,1.9919153849283902
2016-10-18 23:00:00,77.54166666666667,78.4251937866211,76.06440787575846,78.42519,-0.8835271199544223,0.8835271199544223
2016-10-19 00:00:00,77.66666666666667,76.20255279541016,71.92471575285072,76.20255,1.4641138712565152,1.4641138712565152
2016-10-19 01:00:00,77.54166666666667,78.96421813964844,74.29278002376985,78.96422,-1.422551472981766,1.422551472981766
2016-10-19 02:00:00,77.41666666666667,81.37800598144531,75.72532410161165,81.378006,-3.961339314778641,3.961339314778641
2016-10-19 03:00:00,77.79166666666667,77.07893371582031,71.81917955809477,77.07893,0.7127329508463589,0.7127329508463589
2016-10-19 04:00:00,77.5,83.408203125,78.19625081669595,83.4082,-5.908203125,5.908203125
2016-10-19 05:00:00,76.91666666666667,81.9725570678711,78.31180773740938,81.97256,-5.055890401204422,5.055890401204422
2016-10-19 06:00:00,75.41666666666667,82.77268981933594,78.46298286479936,82.77269,-7.356023152669266,7.356023152669266
2016-10-19 07:00:00,73.79166666666667,82.91142272949219,79.19133604907073,82.91142,-9.119756062825516,9.119756062825516
2016-10-19 08:00:00,73.25,82.70682525634766,78.11349456666835,82.706825,-9.456825256347656,9.456825256347656
2016-10-19 09:00:00,72.04166666666667,80.3509292602539,76.90341014241966,80.35093,-8.309262593587235,8.309262593587235
2016-10-19 10:00:00,70.95833333333333,86.24652099609375,84.2122583497296,86.24652,-15.288187662760421,15.288187662760421
2016-10-19 11:00:00,69.125,89.39034271240234,85.05432607443069,89.39034,-20.265342712402344,20.265342712402344
2016-10-19 12:00:00,68.0,82.59182739257812,79.327102252853,82.59183,-14.591827392578125,14.591827392578125
2016-10-19 13:00:00,65.45833333333333,90.85191345214844,85.00524902500814,90.85191,-25.39358011881511,25.39358011881511
2016-10-19 14:00:00,63.625,86.884765625,83.1435922856105,86.884766,-23.259765625,23.259765625
2016-10-19 15:00:00,62.25,80.05784606933594,77.44006095227958,80.057846,-17.807846069335938,17.807846069335938
2016-10-19 16:00:00,60.25,86.50949096679688,82.11372835575371,86.50949,-26.259490966796875,26.259490966796875
2016-10-19 17:00:00,58.083333333333336,84.94093322753906,81.22421511102156,84.94093,-26.857599894205727,26.857599894205727
2016-10-19 18:00:00,57.625,83.7626953125,80.3218338558203,83.762695,-26.1376953125,26.1376953125
2016-10-19 19:00:00,58.458333333333336,81.28743743896484,74.1617400727031,81.28744,-22.829104105631508,22.829104105631508
2016-10-19 20:00:00,58.5,82.01421356201172,74.79661540921788,82.01421,-23.51421356201172,23.51421356201172
2016-10-19 21:00:00,59.375,79.84280395507812,74.02721027095279,79.842804,-20.467803955078125,20.467803955078125
2016-10-19 22:00:00,58.708333333333336,83.76530456542969,75.75744648723321,83.765305,-25.056971232096352,25.056971232096352
2016-10-19 23:00:00,57.958333333333336,81.97596740722656,74.97995190194683,81.97597,-24.017634073893227,24.017634073893227
2016-10-20 00:00:00,58.0,83.71763610839844,76.63958000451451,83.717636,-25.717636108398438,25.717636108398438
2016-10-20 01:00:00,58.083333333333336,81.19056701660156,75.8876570890786,81.19057,-23.107233683268227,23.107233683268227
2016-10-20 02:00:00,59.25,82.73684692382812,75.78795085115273,82.73685,-23.486846923828125,23.486846923828125
2016-10-20 03:00:00,59.833333333333336,85.68645477294922,79.32291507951824,85.686455,-25.853121439615883,25.853121439615883
2016-10-20 04:00:00,60.291666666666664,83.72480773925781,75.45487525486733,83.72481,-23.433141072591148,23.433141072591148
2016-10-20 05:00:00,61.125,82.11077880859375,75.25323230216013,82.11078,-20.98577880859375,20.98577880859375
2016-10-20 06:00:00,61.875,75.82840728759766,70.36381633173717,75.82841,-13.953407287597656,13.953407287597656
2016-10-20 07:00:00,62.291666666666664,77.62883758544922,70.29189673240322,77.62884,-15.337170918782554,15.337170918782554
2016-10-20 08:00:00,62.416666666666664,75.65196228027344,72.9243919376998,75.65196,-13.235295613606773,13.235295613606773
2016-10-20 09:00:00,63.5,70.47746276855469,62.58805678614054,70.47746,-6.9774627685546875,6.9774627685546875
2016-10-20 10:00:00,63.625,71.140625,64.27247017138698,71.140625,-7.515625,7.515625
2016-10-20 11:00:00,63.875,73.0071792602539,64.3245015251488,73.00718,-9.132179260253906,9.132179260253906
2016-10-20 12:00:00,64.5,72.56079864501953,63.19209810954956,72.5608,-8.060798645019531,8.060798645019531
2016-10-20 13:00:00,65.41666666666667,68.1817855834961,63.33822518290106,68.181786,-2.7651189168294223,2.7651189168294223
2016-10-20 14:00:00,65.75,62.66926956176758,60.141308029198534,62.66927,3.080730438232422,3.080730438232422
2016-10-20 15:00:00,66.0,62.67973327636719,60.06998654057389,62.679733,3.3202667236328125,3.3202667236328125
2016-10-20 16:00:00,66.75,63.120906829833984,60.001484237124046,63.120907,3.6290931701660156,3.6290931701660156
2016-10-20 17:00:00,67.29166666666667,63.84870910644531,56.09987914172174,63.84871,3.442957560221359,3.442957560221359
2016-10-20 18:00:00,66.95833333333333,66.49388885498047,61.36210946605169,66.49389,0.46444447835285985,0.46444447835285985
2016-10-20 19:00:00,66.375,72.05343627929688,68.58465911985972,72.05344,-5.678436279296875,5.678436279296875
2016-10-20 20:00:00,66.79166666666667,65.81168365478516,63.985509789647445,65.81168,0.9799830118815152,0.9799830118815152
2016-10-20 21:00:00,66.41666666666667,71.888916015625,70.01385667956151,71.888916,-5.472249348958329,5.472249348958329
2016-10-20 22:00:00,67.79166666666667,63.00196838378906,59.45600296112901,63.00197,4.789698282877609,4.789698282877609
2016-10-20 23:00:00,69.29166666666667,62.23339080810547,61.319915725078666,62.23339,7.058275858561203,7.058275858561203
2016-10-21 00:00:00,70.45833333333333,63.86274719238281,62.6853221354802,63.862747,6.595586140950516,6.595586140950516
2016-10-21 01:00:00,71.29166666666667,63.258567810058594,62.99713503169206,63.258568,8.033098856608078,8.033098856608078
2016-11-18 02:00:00,125.08333333333333,122.49749755859375,126.49647103697555,122.4975,2.5858357747395786,2.5858357747395786
2016-11-18 03:00:00,129.04166666666666,122.43476867675781,125.75620948409188,122.43477,6.606897989908845,6.606897989908845
2016-11-18 04:00:00,129.29166666666666,124.72271728515625,127.10642567778535,124.72272,4.568949381510407,4.568949381510407
2016-11-18 05:00:00,131.125,119.43777465820312,125.06191899682942,119.437775,11.687225341796875,11.687225341796875
2016-11-18 06:00:00,133.5,122.92678833007812,127.7175022166562,122.92679,10.573211669921875,10.573211669921875
2016-11-18 07:00:00,135.70833333333334,122.70237731933594,123.34121414436152,122.70238,13.005956013997405,13.005956013997405
2016-11-18 08:00:00,136.83333333333334,120.60005950927734,124.10826733760548,120.60006,16.233273824056,16.233273824056
2016-11-18 09:00:00,136.875,123.7041015625,124.4672379574424,123.7041,13.1708984375,13.1708984375
2016-11-18 10:00:00,135.75,113.96540832519531,119.33416814727292,113.96541,21.784591674804688,21.784591674804688
2016-11-18 11:00:00,135.04166666666666,103.17808532714844,108.6551967212609,103.178085,31.86358133951822,31.86358133951822
2016-11-18 12:00:00,134.5,115.64496612548828,118.79745352901256,115.644966,18.85503387451172,18.85503387451172
2016-11-18 13:00:00,133.95833333333334,115.76043701171875,118.76664375753991,115.76044,18.197896321614593,18.197896321614593
2016-11-18 14:00:00,133.45833333333334,117.4245376586914,122.85382943438964,117.42454,16.033795674641937,16.033795674641937
2016-11-18 15:00:00,133.25,118.25978088378906,124.12924510983606,118.25978,14.990219116210938,14.990219116210938
2016-11-18 16:00:00,133.08333333333334,118.69918823242188,123.28544458505293,118.69919,14.384145100911468,14.384145100911468
2016-11-18 17:00:00,133.04166666666666,112.95748901367188,116.88276174384495,112.95749,20.084177652994782,20.084177652994782
2016-11-18 18:00:00,132.5,107.45989990234375,112.12501736672655,107.4599,25.04010009765625,25.04010009765625
2016-11-18 19:00:00,131.08333333333334,115.09699249267578,120.08739320704193,115.09699,15.986340840657562,15.986340840657562
2016-11-18 20:00:00,130.16666666666666,128.6431427001953,129.5751727372335,128.64314,1.5235239664713447,1.5235239664713447
2016-11-18 21:00:00,129.33333333333334,139.895751953125,144.2289734336081,139.89575,-10.562418619791657,10.562418619791657
2016-11-18 22:00:00,127.54166666666667,130.46029663085938,131.0821433698892,130.4603,-2.9186299641927036,2.9186299641927036
2016-11-18 23:00:00,125.04166666666667,128.83888244628906,126.99459783178395,128.83888,-3.797215779622391,3.797215779622391
2016-11-19 00:00:00,121.5,136.74916076660156,137.20487667042482,136.74916,-15.249160766601562,15.249160766601562
2016-11-19 01:00:00,117.91666666666667,136.63815307617188,137.83893199769295,136.63815,-18.721486409505204,18.721486409505204
2016-11-19 02:00:00,115.45833333333333,134.36550903320312,135.63929921923787,134.36551,-18.907175699869796,18.907175699869796
2016-11-19 03:00:00,110.70833333333333,144.25613403320312,148.76069076041895,144.25613,-33.547800699869796,33.547800699869796
2016-11-19 04:00:00,110.875,128.81399536132812,130.49730901356781,128.814,-17.938995361328125,17.938995361328125
2016-11-19 05:00:00,109.95833333333333,136.18283081054688,140.73461109746648,136.18283,-26.224497477213546,26.224497477213546
2016-11-19 06:00:00,108.91666666666667,143.832275390625,146.0484072289433,143.83228,-34.91560872395833,34.91560872395833
2016-11-19 07:00:00,106.5,141.53021240234375,144.50274990803797,141.53021,-35.03021240234375,35.03021240234375
2016-11-19 08:00:00,104.375,136.11886596679688,136.8075062528032,136.11887,-31.743865966796875,31.743865966796875
2016-11-19 09:00:00,106.45833333333333,131.70419311523438,131.33371654850873,131.7042,-25.245859781901046,25.245859781901046
2016-11-19 10:00:00,106.95833333333333,120.89772033691406,121.107200826511,120.89772,-13.939387003580734,13.939387003580734
2016-11-19 11:00:00,107.5,133.0778350830078,129.51185195008986,133.07784,-25.577835083007812,25.577835083007812
2016-11-19 12:00:00,107.91666666666667,141.87271118164062,125.11612339653252,141.87271,-33.956044514973954,33.956044514973954
2016-11-19 13:00:00,108.70833333333333,137.36122131347656,126.2470803273009,137.36122,-28.652887980143234,28.652887980143234
2016-11-19 14:00:00,109.29166666666667,136.99932861328125,126.01179855594644,136.99933,-27.70766194661458,27.70766194661458
2016-11-19 15:00:00,110.08333333333333,139.28878784179688,128.4787924406699,139.28879,-29.205454508463546,29.205454508463546
2016-11-19 16:00:00,111.16666666666667,140.11160278320312,128.95288675344494,140.1116,-28.944936116536454,28.944936116536454
2016-11-19 17:00:00,111.5,139.80911254882812,126.55487338552713,139.80911,-28.309112548828125,28.309112548828125
2016-11-19 18:00:00,112.04166666666667,129.85150146484375,121.61791845921394,129.8515,-17.80983479817708,17.80983479817708
2016-11-19 19:00:00,111.70833333333333,125.73332977294922,117.94823731156103,125.73333,-14.02499643961589,14.02499643961589
2016-11-19 20:00:00,110.95833333333333,128.80484008789062,123.09603334067556,128.80484,-17.846506754557296,17.846506754557296
2016-11-19 21:00:00,106.70833333333333,137.57601928710938,131.51039092529237,137.57602,-30.867685953776046,30.867685953776046
2016-11-19 22:00:00,104.75,128.93182373046875,117.89278406066583,128.93182,-24.18182373046875,24.18182373046875
2016-11-19 23:00:00,105.41666666666667,124.50704956054688,115.75370131640966,124.50705,-19.090382893880204,19.090382893880204
2016-11-20 00:00:00,105.54166666666667,126.23192596435547,117.83940834607762,126.231926,-20.690259297688797,20.690259297688797
2016-11-20 01:00:00,105.79166666666667,114.83277893066406,112.14671727240354,114.83278,-9.041112263997391,9.041112263997391
2016-11-20 02:00:00,107.20833333333333,120.26146697998047,115.29217354948142,120.26147,-13.05313364664714,13.05313364664714
2016-11-20 03:00:00,106.95833333333333,118.90646362304688,114.80167550621711,118.90646,-11.948130289713546,11.948130289713546
2016-11-20 04:00:00,105.875,130.6923828125,124.5341222345276,130.69238,-24.8173828125,24.8173828125
2016-11-20 05:00:00,105.08333333333333,130.27503967285156,124.54579065333925,130.27504,-25.191706339518234,25.191706339518234
2016-11-20 06:00:00,102.625,134.67044067382812,126.6344496877014,134.67044,-32.045440673828125,32.045440673828125
2016-11-20 07:00:00,100.70833333333333,123.634521484375,120.10317066249175,123.63452,-22.92618815104167,22.92618815104167
2016-11-20 08:00:00,101.95833333333333,118.85426330566406,117.83578737282247,118.85426,-16.895929972330734,16.895929972330734
2016-11-20 09:00:00,99.45833333333333,133.4882049560547,127.54861748526719,133.4882,-34.02987162272136,34.02987162272136
2016-11-20 10:00:00,98.75,127.79790496826172,125.28761084125,127.797905,-29.04790496826172,29.04790496826172
2016-11-20 11:00:00,98.375,127.61721801757812,126.70472375560709,127.61722,-29.242218017578125,29.242218017578125
2016-11-20 12:00:00,98.16666666666667,130.34556579589844,126.43561088018419,130.34557,-32.178899129231766,32.178899129231766
2016-11-20 13:00:00,98.29166666666667,132.48887634277344,127.59294347096622,132.48888,-34.197209676106766,34.197209676106766
2016-11-20 14:00:00,98.08333333333333,130.93905639648438,131.29387599173282,130.93906,-32.855723063151046,32.855723063151046
2016-11-20 15:00:00,96.95833333333333,133.99795532226562,134.37154751743685,133.99796,-37.039621988932296,37.039621988932296
2016-11-20 16:00:00,95.20833333333333,136.02645874023438,135.49832430788294,136.02646,-40.818125406901046,40.818125406901046
2016-11-20 17:00:00,94.54166666666667,129.4434051513672,132.48747612323726,129.4434,-34.901738484700516,34.901738484700516
2016-11-20 18:00:00,94.20833333333333,133.2006072998047,133.96956457790174,133.2006,-38.99227396647136,38.99227396647136
2016-11-20 19:00:00,94.16666666666667,126.20880126953125,128.80977590749976,126.2088,-32.04213460286458,32.04213460286458
2016-11-20 20:00:00,93.08333333333333,127.44779968261719,126.06100448252566,127.4478,-34.36446634928386,34.36446634928386
2016-11-20 21:00:00,92.875,117.92672729492188,119.43938800993978,117.92673,-25.051727294921875,25.051727294921875
2016-11-20 22:00:00,97.54166666666667,115.60720825195312,119.89308727931129,115.60721,-18.065541585286454,18.065541585286454
2016-11-20 23:00:00,98.875,115.72160339355469,125.09551979106678,115.7216,-16.846603393554688,16.846603393554688
2016-11-21 00:00:00,100.54166666666667,124.4552001953125,123.00764460281589,124.4552,-23.91353352864583,23.91353352864583
2016-11-21 01:00:00,107.20833333333333,123.52976989746094,122.41533214721841,123.52977,-16.32143656412761,16.32143656412761
2016-11-21 02:00:00,109.45833333333333,119.30255126953125,122.51693321723629,119.30255,-9.844217936197921,9.844217936197921
2016-11-21 03:00:00,112.66666666666667,117.84156799316406,120.51115839499344,117.84157,-5.174901326497391,5.174901326497391
2016-11-21 04:00:00,112.625,119.97198486328125,121.0076562701529,119.971985,-7.34698486328125,7.34698486328125
2016-11-21 05:00:00,113.33333333333333,122.76810455322266,122.06694622483201,122.768105,-9.434771219889328,9.434771219889328
2016-11-21 06:00:00,117.29166666666667,120.46685791015625,117.74027249570469,120.46686,-3.1751912434895786,3.1751912434895786
2016-11-21 07:00:00,118.79166666666667,115.78780364990234,116.50510817438511,115.7878,3.0038630167643277,3.0038630167643277
2016-11-21 08:00:00,117.83333333333333,127.28116607666016,125.85892913418873,127.281166,-9.447832743326828,9.447832743326828
2016-11-21 09:00:00,117.0,127.28260803222656,124.11902599784493,127.28261,-10.282608032226562,10.282608032226562
2016-11-21 10:00:00,117.33333333333333,113.72525024414062,117.16188842892551,113.72525,3.6080830891927036,3.6080830891927036
2016-11-21 11:00:00,117.625,113.95272064208984,115.32453685754764,113.95272,3.6722793579101562,3.6722793579101562
2016-11-21 12:00:00,117.70833333333333,117.16842651367188,116.52119734362057,117.16843,0.5399068196614536,0.5399068196614536
2016-11-21 13:00:00,117.0,123.31871032714844,121.57628505141666,123.31871,-6.3187103271484375,6.3187103271484375
2016-11-21 14:00:00,116.70833333333333,117.91217803955078,120.34759578737723,117.91218,-1.2038447062174527,1.2038447062174527
2016-11-21 15:00:00,116.5,116.92001342773438,117.3681125239594,116.92001,-0.420013427734375,0.420013427734375
2016-11-21 16:00:00,116.91666666666667,115.1391830444336,114.00525378430841,115.13918,1.7774836222330777,1.7774836222330777
2016-11-21 17:00:00,117.08333333333333,117.3287353515625,117.39573562124629,117.328735,-0.2454020182291714,0.2454020182291714
2016-11-21 18:00:00,118.625,120.87649536132812,120.28437912726972,120.876495,-2.251495361328125,2.251495361328125
2016-11-21 19:00:00,118.66666666666667,121.62521362304688,121.60988263603059,121.62521,-2.9585469563802036,2.9585469563802036
2016-11-21 20:00:00,120.91666666666667,120.46034240722656,117.77390960116395,120.46034,0.4563242594401089,0.4563242594401089
2016-11-21 21:00:00,123.875,120.90618896484375,117.47223844433692,120.90619,2.96881103515625,2.96881103515625
2016-11-21 22:00:00,121.58333333333333,128.7376708984375,126.78995584124021,128.73767,-7.154337565104171,7.154337565104171
2016-11-21 23:00:00,119.95833333333333,125.67292785644531,124.30110216425065,125.67293,-5.714594523111984,5.714594523111984
2016-11-22 00:00:00,120.5,124.2048568725586,124.36094766532746,124.20486,-3.7048568725585938,3.7048568725585938
2016-11-22 01:00:00,115.875,136.57907104492188,134.489530753785,136.57907,-20.704071044921875,20.704071044921875
2016-11-22 02:00:00,115.29166666666667,127.00251770019531,126.2089839226673,127.00252,-11.710851033528641,11.710851033528641
2016-11-22 03:00:00,116.66666666666667,127.975341796875,127.63069891318924,127.97534,-11.308675130208329,11.308675130208329
2016-11-22 04:00:00,118.375,115.60940551757812,119.03274440980384,115.609406,2.765594482421875,2.765594482421875
2016-11-22 05:00:00,118.875,121.99076843261719,120.75967264922176,121.99077,-3.1157684326171875,3.1157684326171875
2016-11-22 06:00:00,117.20833333333333,127.4498519897461,127.73134391039304,127.44985,-10.241518656412765,10.241518656412765
2016-11-22 07:00:00,119.5,120.7402114868164,120.9800894643197,120.74021,-1.2402114868164062,1.2402114868164062
2016-11-22 08:00:00,120.45833333333333,116.64122772216797,118.68983808135565,116.64123,3.81710561116536,3.81710561116536
2016-11-22 09:00:00,121.20833333333333,117.93793487548828,114.58122212725438,117.937935,3.2703984578450473,3.2703984578450473
2016-11-22 10:00:00,122.08333333333333,119.11015319824219,120.02727121676699,119.11015,2.973180135091141,2.973180135091141
2016-11-22 11:00:00,122.91666666666667,118.8721923828125,118.63384859648494,118.87219,4.044474283854171,4.044474283854171
2016-11-22 12:00:00,123.83333333333333,120.33522033691406,118.7314605001874,120.33522,3.498112996419266,3.498112996419266
2016-11-22 13:00:00,124.875,115.40939331054688,117.06686647267983,115.40939,9.465606689453125,9.465606689453125
2016-11-22 14:00:00,125.45833333333333,118.69784545898438,118.62413072296393,118.697845,6.760487874348954,6.760487874348954
2016-11-22 15:00:00,126.375,119.26545715332031,117.70053552684848,119.26546,7.1095428466796875,7.1095428466796875
2016-11-22 16:00:00,127.04166666666667,125.28755187988281,122.82064573894212,125.28755,1.754114786783859,1.754114786783859
2016-11-22 17:00:00,127.95833333333333,123.68972778320312,124.81699333284527,123.68973,4.268605550130204,4.268605550130204
2016-11-22 18:00:00,127.45833333333333,126.15325927734375,127.38948010061114,126.15326,1.3050740559895786,1.3050740559895786
2016-11-22 19:00:00,130.95833333333334,124.61331176757812,126.35850457373292,124.61331,6.345021565755218,6.345021565755218
2016-11-22 20:00:00,130.45833333333334,124.87471008300781,127.26270155377922,124.87471,5.58362325032553,5.58362325032553
2016-11-22 21:00:00,132.95833333333334,126.98622131347656,127.96470031156932,126.98622,5.97211201985678,5.97211201985678
2016-11-22 22:00:00,132.25,127.70269775390625,127.08638469522651,127.7027,4.54730224609375,4.54730224609375
2016-11-22 23:00:00,133.375,120.95529174804688,120.29383567072036,120.95529,12.419708251953125,12.419708251953125
2016-11-23 00:00:00,136.25,124.72821807861328,128.0568878321497,124.72822,11.521781921386719,11.521781921386719
2016-11-23 01:00:00,136.79166666666666,118.99034118652344,123.48519604402392,118.99034,17.80132548014322,17.80132548014322
2016-11-23 02:00:00,136.95833333333334,126.6522216796875,128.69052287073308,126.65222,10.306111653645843,10.306111653645843
2016-11-23 03:00:00,134.29166666666666,133.82015991210938,138.2412200020443,133.82016,0.4715067545572822,0.4715067545572822
2016-11-23 04:00:00,133.08333333333334,128.20436096191406,131.42984534448635,128.20436,4.87897237141928,4.87897237141928
2016-11-23 05:00:00,132.16666666666666,131.28558349609375,133.32756998730392,131.28558,0.8810831705729072,0.8810831705729072
2016-11-23 06:00:00,129.29166666666666,127.69172668457031,133.37522517094663,127.69173,1.5999399820963447,1.5999399820963447
2016-11-23 07:00:00,127.83333333333333,128.79214477539062,134.1178806686949,128.79214,-0.9588114420572964,0.9588114420572964
2016-11-23 08:00:00,127.79166666666667,125.70591735839844,130.80864490607297,125.70592,2.085749308268234,2.085749308268234
2016-11-23 09:00:00,127.95833333333333,135.22947692871094,136.02070768280885,135.22948,-7.271143595377609,7.271143595377609
2016-11-23 10:00:00,127.66666666666667,136.8489990234375,137.37499007684286,136.849,-9.182332356770829,9.182332356770829
2016-11-23 11:00:00,127.0,140.40924072265625,137.7157478650147,140.40924,-13.40924072265625,13.40924072265625
2016-11-23 12:00:00,125.58333333333333,142.08062744140625,138.5792534711512,142.08063,-16.49729410807292,16.49729410807292
2016-11-23 13:00:00,124.58333333333333,142.44271850585938,139.96815212605858,142.44272,-17.859385172526046,17.859385172526046
2016-11-23 14:00:00,123.83333333333333,139.84129333496094,138.81661711316147,139.8413,-16.00796000162761,16.00796000162761
2016-11-23 15:00:00,122.91666666666667,140.24642944335938,138.89741789363404,140.24643,-17.329762776692704,17.329762776692704
2016-11-23 16:00:00,122.33333333333333,141.14981079101562,138.5389112612594,141.14981,-18.816477457682296,18.816477457682296
2016-11-23 17:00:00,121.83333333333333,139.63064575195312,141.86508937377968,139.63065,-17.797312418619796,17.797312418619796
2016-11-23 18:00:00,122.125,134.90274047851562,134.6160306870635,134.90274,-12.777740478515625,12.777740478515625
2016-11-23 19:00:00,119.66666666666667,134.88217163085938,135.4149626132721,134.88217,-15.215504964192704,15.215504964192704
2016-11-23 20:00:00,117.95833333333333,132.15762329101562,135.17438298926308,132.15762,-14.199289957682296,14.199289957682296
2016-11-23 21:00:00,113.79166666666667,147.14932250976562,148.87321300252785,147.14932,-33.357655843098954,33.357655843098954
2016-11-23 22:00:00,115.66666666666667,132.3270263671875,131.90211421203256,132.32703,-16.66035970052083,16.66035970052083
2016-11-23 23:00:00,115.41666666666667,135.1123046875,135.53820517589722,135.1123,-19.69563802083333,19.69563802083333
2016-11-24 00:00:00,116.79166666666667,141.86778259277344,148.99649949429292,141.86778,-25.076115926106766,25.076115926106766
2016-11-24 01:00:00,119.20833333333333,133.30264282226562,136.08110016359385,133.30264,-14.094309488932296,14.094309488932296
2016-11-24 02:00:00,123.54166666666667,136.34027099609375,138.85696410772454,136.34027,-12.798604329427079,12.798604329427079
2016-11-24 03:00:00,125.91666666666667,132.79222106933594,135.3766412800223,132.79222,-6.875554402669266,6.875554402669266
2016-11-24 04:00:00,125.91666666666667,126.6063003540039,128.35148947135937,126.6063,-0.6896336873372348,0.6896336873372348
2016-11-24 05:00:00,129.79166666666666,128.75360107421875,131.12806563657753,128.7536,1.0380655924479072,1.0380655924479072
2016-11-24 06:00:00,136.66666666666666,123.28631591796875,125.86093065790077,123.286316,13.380350748697907,13.380350748697907
2016-11-24 07:00:00,141.08333333333334,129.9743194580078,131.39078197574946,129.97432,11.10901387532553,11.10901387532553
2016-11-24 08:00:00,146.58333333333334,130.96791076660156,135.61566137946133,130.96791,15.61542256673178,15.61542256673178
2016-11-24 09:00:00,154.91666666666666,135.6048583984375,134.50628153754386,135.60486,19.311808268229157,19.311808268229157
2016-11-24 10:00:00,160.25,136.5640869140625,137.5147813792973,136.56409,23.6859130859375,23.6859130859375
2016-11-24 11:00:00,163.16666666666666,133.90029907226562,134.79040818221262,133.9003,29.266367594401032,29.266367594401032
2016-11-24 12:00:00,164.79166666666666,133.63890075683594,128.52134637950346,133.6389,31.15276590983072,31.15276590983072
2016-11-24 13:00:00,166.41666666666666,134.47451782226562,127.01033872679027,134.47452,31.942148844401032,31.942148844401032
2016-11-24 14:00:00,167.95833333333334,134.6279296875,129.3771804349407,134.62793,33.33040364583334,33.33040364583334
2016-11-24 15:00:00,170.20833333333334,130.6028594970703,125.75259385687018,130.60286,39.60547383626303,39.60547383626303
2016-11-24 16:00:00,172.41666666666666,134.81092834472656,130.11959616361312,134.81093,37.605738321940095,37.605738321940095
2016-11-24 17:00:00,173.625,137.95114135742188,132.7500806547411,137.95114,35.673858642578125,35.673858642578125
2016-11-24 18:00:00,174.16666666666666,134.028564453125,131.630491235579,134.02856,40.13810221354166,40.13810221354166
2016-11-24 19:00:00,174.75,130.0080108642578,125.92528502541883,130.00801,44.74198913574219,44.74198913574219
2016-11-24 20:00:00,175.95833333333334,127.42524719238281,122.42031755301966,127.42525,48.53308614095053,48.53308614095053
2016-11-24 21:00:00,177.83333333333334,126.52360534667969,120.90731372697246,126.523605,51.309727986653655,51.309727986653655
2016-11-24 22:00:00,176.91666666666666,127.98612976074219,130.82485937686891,127.98613,48.93053690592447,48.93053690592447
2016-11-24 23:00:00,179.08333333333334,122.78163146972656,125.68474243702543,122.78163,56.30170186360678,56.30170186360678
2016-11-25 00:00:00,176.91666666666666,137.08221435546875,138.8124035986807,137.08221,39.83445231119791,39.83445231119791
2016-11-25 01:00:00,175.83333333333334,135.7947235107422,140.60826853097709,135.79472,40.038609822591155,40.038609822591155
2016-11-25 02:00:00,169.54166666666666,153.51904296875,153.7386380317066,153.51904,16.022623697916657,16.022623697916657
2016-11-25 03:00:00,163.83333333333334,142.46145629882812,150.39830170932825,142.46146,21.371877034505218,21.371877034505218
2016-11-25 04:00:00,165.33333333333334,128.9556884765625,130.22559000837217,128.95569,36.37764485677084,36.37764485677084
2016-11-25 05:00:00,159.79166666666666,138.7796630859375,142.29162931660176,138.77966,21.012003580729157,21.012003580729157
2016-11-25 06:00:00,154.29166666666666,146.2873992919922,148.99372883698712,146.2874,8.00426737467447,8.00426737467447
2016-11-25 07:00:00,150.75,151.24032592773438,156.39565751640973,151.24033,-0.490325927734375,0.490325927734375
2016-11-25 08:00:00,145.29166666666666,158.78573608398438,160.70915013675454,158.78574,-13.494069417317718,13.494069417317718
2016-11-25 09:00:00,137.04166666666666,156.37997436523438,161.93503583783144,156.37997,-19.338307698567718,19.338307698567718
2016-11-25 10:00:00,131.04166666666666,149.44161987304688,156.746728420008,149.44162,-18.399953206380218,18.399953206380218
2016-11-25 11:00:00,128.91666666666666,149.69927978515625,148.9543703029599,149.69928,-20.782613118489593,20.782613118489593
2016-11-25 12:00:00,128.95833333333334,145.64773559570312,141.24563810574213,145.64774,-16.689402262369782,16.689402262369782
2016-11-25 13:00:00,127.875,148.05032348632812,147.49977291123952,148.05032,-20.175323486328125,20.175323486328125
2016-11-25 14:00:00,126.875,147.043212890625,145.92592391110202,147.04321,-20.168212890625,20.168212890625
2016-11-25 15:00:00,124.79166666666667,149.07598876953125,147.06100183826672,149.07599,-24.28432210286458,24.28432210286458
2016-11-25 16:00:00,122.08333333333333,149.39625549316406,149.13720049651033,149.39626,-27.312922159830734,27.312922159830734
2016-11-25 17:00:00,120.25,148.62185668945312,146.9098670967664,148.62186,-28.371856689453125,28.371856689453125
2016-11-25 18:00:00,118.83333333333333,143.9266357421875,144.30082551901967,143.92664,-25.09330240885417,25.09330240885417
2016-11-25 19:00:00,117.66666666666667,140.14700317382812,139.91669060107017,140.147,-22.480336507161454,22.480336507161454
2016-11-25 20:00:00,116.45833333333333,130.37081909179688,135.8225574658669,130.37082,-13.912485758463546,13.912485758463546
2016-11-25 21:00:00,113.70833333333333,129.61962890625,137.16250264358453,129.61963,-15.911295572916671,15.911295572916671
2016-11-25 22:00:00,112.45833333333333,126.66127014160156,134.6052477596234,126.66127,-14.202936808268234,14.202936808268234
2016-11-25 23:00:00,113.33333333333333,134.76824951171875,140.56626563053123,134.76825,-21.43491617838542,21.43491617838542
2016-11-26 00:00:00,112.16666666666667,135.995849609375,142.9523272849155,135.99585,-23.82918294270833,23.82918294270833
2016-11-26 01:00:00,111.79166666666667,145.33847045898438,146.27567000347761,145.33847,-33.546803792317704,33.546803792317704
2016-11-26 02:00:00,112.66666666666667,126.854736328125,127.97822013806577,126.85474,-14.188069661458329,14.188069661458329
2016-11-26 03:00:00,115.41666666666667,117.05941772460938,121.86578408559387,117.05942,-1.6427510579427036,1.6427510579427036
2016-11-26 04:00:00,115.16666666666667,134.74462890625,141.64370195869665,134.74463,-19.57796223958333,19.57796223958333
2016-11-26 05:00:00,117.16666666666667,120.63603210449219,124.33097772743339,120.63603,-3.469365437825516,3.469365437825516
2016-11-26 06:00:00,116.58333333333333,128.7900848388672,130.00928398429255,128.79008,-12.206751505533859,12.206751505533859
2016-11-26 07:00:00,116.54166666666667,130.85353088378906,133.23997163693747,130.85353,-14.311864217122391,14.311864217122391
2016-11-26 08:00:00,115.45833333333333,132.2987060546875,130.5841667007874,132.2987,-16.84037272135417,16.84037272135417
2016-11-26 09:00:00,114.70833333333333,132.79681396484375,132.03934558277328,132.79681,-18.08848063151042,18.08848063151042
2016-11-26 10:00:00,114.16666666666667,130.46824645996094,128.36128544801244,130.46825,-16.301579793294266,16.301579793294266
2016-11-26 11:00:00,112.91666666666667,137.96151733398438,135.70432445561846,137.96152,-25.044850667317704,25.044850667317704
2016-11-26 12:00:00,111.58333333333333,144.72100830078125,141.25890647728238,144.72101,-33.13767496744792,33.13767496744792
2016-11-26 13:00:00,111.16666666666667,138.73739624023438,136.88729014062264,138.7374,-27.570729573567704,27.570729573567704
2016-11-26 14:00:00,111.20833333333333,140.06680297851562,137.02683413375414,140.0668,-28.858469645182296,28.858469645182296
2016-11-26 15:00:00,111.83333333333333,140.06430053710938,135.64136514198665,140.0643,-28.230967203776046,28.230967203776046
2016-11-26 16:00:00,112.04166666666667,135.3158721923828,133.99470141654058,135.31587,-23.27420552571614,23.27420552571614
2016-11-26 17:00:00,111.95833333333333,135.146484375,129.27811158189516,135.14648,-23.18815104166667,23.18815104166667
2016-11-26 18:00:00,111.875,138.91412353515625,131.17442860461557,138.91412,-27.03912353515625,27.03912353515625
2016-11-26 19:00:00,111.25,140.01443481445312,132.83556013408747,140.01443,-28.764434814453125,28.764434814453125
2016-11-26 20:00:00,110.79166666666667,130.52047729492188,125.77719065193085,130.52048,-19.728810628255204,19.728810628255204
2016-11-26 21:00:00,112.08333333333333,120.39596557617188,120.76145973373693,120.395966,-8.312632242838546,8.312632242838546
2016-11-26 22:00:00,113.75,120.13577270507812,118.61673105161195,120.13577,-6.385772705078125,6.385772705078125
2016-11-26 23:00:00,110.41666666666667,130.23646545410156,127.26616429254591,130.23647,-19.81979878743489,19.81979878743489
2016-11-27 00:00:00,106.45833333333333,128.7535858154297,124.58456035161626,128.75359,-22.29525248209636,22.29525248209636
2016-11-27 01:00:00,102.41666666666667,131.8013458251953,128.04842698336532,131.80135,-29.38467915852864,29.38467915852864
2016-11-27 02:00:00,100.5,132.89932250976562,131.5993445640196,132.89932,-32.399322509765625,32.399322509765625
2016-11-27 03:00:00,99.45833333333333,130.1016082763672,127.58229837829013,130.10161,-30.64327494303386,30.64327494303386
2016-11-27 04:00:00,97.83333333333333,124.88099670410156,126.25054989273043,124.881,-27.047663370768234,27.047663370768234
2016-11-27 05:00:00,99.70833333333333,130.0825653076172,126.2737048089587,130.08257,-30.37423197428386,30.37423197428386
2016-11-27 06:00:00,101.875,128.07492065429688,121.77607220183546,128.07492,-26.199920654296875,26.199920654296875
2016-11-27 07:00:00,107.20833333333333,133.9158935546875,128.10615624622025,133.9159,-26.70756022135417,26.70756022135417
2016-11-27 08:00:00,115.04166666666667,126.38674926757812,123.76731434101072,126.38675,-11.345082600911454,11.345082600911454
2016-11-27 09:00:00,122.16666666666667,131.71966552734375,127.05747318889178,131.71967,-9.552998860677079,9.552998860677079
2016-11-27 10:00:00,124.25,126.47821044921875,123.75342368525617,126.47821,-2.22821044921875,2.22821044921875
2016-11-27 11:00:00,124.91666666666667,125.5889892578125,121.73705267275894,125.58899,-0.6723225911458286,0.6723225911458286
2016-11-27 12:00:00,126.70833333333333,129.38711547851562,122.85292184770658,129.38712,-2.6787821451822964,2.6787821451822964
2016-11-27 13:00:00,127.54166666666667,129.88143920898438,126.39735047691052,129.88144,-2.3397725423177036,2.3397725423177036
2016-11-27 14:00:00,127.83333333333333,136.01597595214844,129.65352866841184,136.01598,-8.182642618815109,8.182642618815109
2016-11-27 15:00:00,127.5,138.60076904296875,131.78678255847436,138.60077,-11.10076904296875,11.10076904296875
2016-11-27 16:00:00,127.91666666666667,131.89076232910156,127.7118617682969,131.89076,-3.974095662434891,3.974095662434891
2016-11-27 17:00:00,128.83333333333334,130.4591064453125,125.36977984208328,130.4591,-1.6257731119791572,1.6257731119791572
2016-11-27 18:00:00,129.16666666666666,131.86294555664062,127.04398237761102,131.86295,-2.696278889973968,2.696278889973968
2016-11-27 19:00:00,129.0,127.28619384765625,124.70758614490072,127.286194,1.71380615234375,1.71380615234375
2016-11-27 20:00:00,131.41666666666666,124.83185577392578,118.85435730680202,124.831856,6.584810892740876,6.584810892740876
2016-11-27 21:00:00,130.70833333333334,130.74331665039062,122.76368043273456,130.74332,-0.03498331705728219,0.03498331705728219
2016-11-27 22:00:00,129.0,131.4929962158203,125.24543112540287,131.493,-2.4929962158203125,2.4929962158203125
2016-11-27 23:00:00,128.91666666666666,120.79542541503906,116.63683139402376,120.795425,8.121241251627595,8.121241251627595
2016-11-28 00:00:00,129.66666666666666,119.89021301269531,115.10001001540644,119.89021,9.776453653971345,9.776453653971345
2016-11-28 01:00:00,130.95833333333334,113.47068786621094,116.01400047295488,113.47069,17.487645467122405,17.487645467122405
2016-11-28 02:00:00,131.95833333333334,114.03741455078125,112.9083850466528,114.037415,17.920918782552093,17.920918782552093
2016-11-28 03:00:00,132.45833333333334,118.95394134521484,115.52842549367425,118.95394,13.504391988118499,13.504391988118499
2016-11-28 04:00:00,133.83333333333334,113.6300048828125,108.11963672613433,113.630005,20.203328450520843,20.203328450520843
2016-11-28 05:00:00,132.20833333333334,127.29629516601562,129.2270366000195,127.296295,4.912038167317718,4.912038167317718
2016-11-28 06:00:00,132.70833333333334,122.34089660644531,123.4485722457846,122.3409,10.36743672688803,10.36743672688803
2016-11-28 07:00:00,130.79166666666666,136.91317749023438,132.998608129034,136.91318,-6.121510823567718,6.121510823567718
2016-11-28 08:00:00,127.41666666666667,135.46517944335938,130.2591548254987,135.46518,-8.048512776692704,8.048512776692704
2016-11-28 09:00:00,124.58333333333333,129.09405517578125,127.6626819615204,129.09406,-4.510721842447921,4.510721842447921
2016-11-28 10:00:00,123.91666666666667,123.00587463378906,126.98138670638286,123.005875,0.9107920328776089,0.9107920328776089
2016-11-28 11:00:00,123.625,124.90573120117188,121.11125815552515,124.90573,-1.280731201171875,1.280731201171875
2016-11-28 12:00:00,122.33333333333333,127.88735961914062,125.95930766511566,127.88736,-5.554026285807296,5.554026285807296
2016-11-28 13:00:00,121.79166666666667,130.65673828125,129.6887069564308,130.65674,-8.865071614583329,8.865071614583329
2016-11-28 14:00:00,120.91666666666667,131.1903076171875,129.6682673152745,131.1903,-10.273640950520829,10.273640950520829
2016-11-28 15:00:00,120.29166666666667,128.38742065429688,126.96985284403728,128.38742,-8.095753987630204,8.095753987630204
2016-11-28 16:00:00,119.66666666666667,127.36738586425781,127.01861631413675,127.367386,-7.700719197591141,7.700719197591141
2016-11-28 17:00:00,118.91666666666667,124.3871841430664,126.56698690808206,124.387184,-5.470517476399735,5.470517476399735
2016-11-28 18:00:00,118.58333333333333,125.83308410644531,127.42507054826999,125.833084,-7.249750773111984,7.249750773111984
2016-11-28 19:00:00,118.29166666666667,116.08103942871094,118.85141716855468,116.08104,2.210627237955734,2.210627237955734
2016-11-28 20:00:00,114.95833333333333,117.75043487548828,121.60212370482301,117.750435,-2.7921015421549527,2.7921015421549527
2016-11-28 21:00:00,113.29166666666667,111.55195617675781,115.40293231822703,111.551956,1.739710489908859,1.739710489908859
2016-11-28 22:00:00,111.625,105.31423950195312,109.593935453599,105.31424,6.310760498046875,6.310760498046875
2016-11-28 23:00:00,110.0,106.22201538085938,112.64338867665629,106.222015,3.777984619140625,3.777984619140625
2016-11-29 00:00:00,109.45833333333333,102.971923828125,112.26130210288486,102.971924,6.486409505208329,6.486409505208329
2016-11-29 01:00:00,109.5,104.86544799804688,113.82389742327,104.86545,4.634552001953125,4.634552001953125
2016-11-29 02:00:00,107.91666666666667,113.68651580810547,117.97636087039456,113.686516,-5.769849141438797,5.769849141438797
2016-11-29 03:00:00,105.08333333333333,117.50094604492188,120.42016874844171,117.500946,-12.417612711588546,12.417612711588546
2016-11-29 04:00:00,101.08333333333333,116.78953552246094,121.32777263068063,116.789536,-15.706202189127609,15.706202189127609
2016-11-29 05:00:00,97.625,114.8621826171875,122.41434299784791,114.86218,-17.2371826171875,17.2371826171875
2016-11-29 06:00:00,94.5,127.91443634033203,131.45817270047954,127.91444,-33.41443634033203,33.41443634033203
2016-11-29 07:00:00,89.83333333333333,134.661376953125,135.71291068326036,134.66138,-44.82804361979167,44.82804361979167
2016-11-29 08:00:00,85.58333333333333,132.2294921875,131.15931507406805,132.22949,-46.64615885416667,46.64615885416667
2016-11-29 09:00:00,81.20833333333333,131.32546997070312,132.42573619436047,131.32547,-50.117136637369796,50.117136637369796
2016-11-29 10:00:00,80.33333333333333,128.15904235839844,127.25721017292956,128.15904,-47.82570902506511,47.82570902506511
2016-11-29 11:00:00,81.58333333333333,126.10090637207031,120.88054119318342,126.10091,-44.517573038736984,44.517573038736984
2016-11-29 12:00:00,80.91666666666667,125.14183044433594,121.32021882729283,125.14183,-44.225163777669266,44.225163777669266
2016-11-29 13:00:00,80.29166666666667,127.66316986083984,125.43901876233046,127.66317,-47.37150319417317,47.37150319417317
2016-11-29 14:00:00,80.16666666666667,119.61711883544922,118.41154129440025,119.61712,-39.45045216878255,39.45045216878255
2016-11-29 15:00:00,80.375,118.58033752441406,117.8122260924369,118.58034,-38.20533752441406,38.20533752441406
2016-11-29 16:00:00,80.125,118.15859985351562,115.3606369048088,118.1586,-38.033599853515625,38.033599853515625
2016-11-29 17:00:00,79.58333333333333,115.68569946289062,111.02323204789504,115.6857,-36.102366129557296,36.102366129557296
2016-11-29 18:00:00,80.41666666666667,119.30546569824219,113.77369272614936,119.305466,-38.888799031575516,38.888799031575516
2016-11-29 19:00:00,81.41666666666667,116.20594787597656,115.66593396746534,116.20595,-34.78928120930989,34.78928120930989
2016-11-29 20:00:00,83.20833333333333,103.81596374511719,102.16207697369771,103.81596,-20.60763041178386,20.60763041178386
2016-11-29 21:00:00,83.5,103.93656158447266,101.8475328906697,103.93656,-20.436561584472656,20.436561584472656
2016-11-29 22:00:00,83.29166666666667,92.55270385742188,95.24945324713477,92.552704,-9.261037190755204,9.261037190755204
2016-11-29 23:00:00,84.58333333333333,88.70523834228516,85.95730404287012,88.70524,-4.121905008951828,4.121905008951828
2016-11-30 00:00:00,84.41666666666667,99.13359069824219,96.98728566135543,99.13359,-14.716924031575516,14.716924031575516
2016-11-30 01:00:00,83.54166666666667,108.15245819091797,104.63053871876423,108.15246,-24.610791524251297,24.610791524251297
2016-11-30 02:00:00,83.33333333333333,104.87539672851562,97.61036144064278,104.8754,-21.542063395182296,21.542063395182296
2016-11-30 03:00:00,85.33333333333333,100.06614685058594,93.22340657933772,100.06615,-14.732813517252609,14.732813517252609
2016-11-30 04:00:00,86.91666666666667,95.47176361083984,88.27759718764055,95.47176,-8.555096944173172,8.555096944173172
2016-11-30 05:00:00,87.70833333333333,92.115966796875,89.0168467976581,92.11597,-4.407633463541671,4.407633463541671
2016-11-30 06:00:00,84.91666666666667,93.95366668701172,89.67447107905134,93.95367,-9.037000020345047,9.037000020345047
2016-11-30 07:00:00,82.625,93.49803161621094,89.24723804324873,93.49803,-10.873031616210938,10.873031616210938
2016-11-30 08:00:00,81.20833333333333,96.20346069335938,91.33547376642208,96.20346,-14.995127360026046,14.995127360026046
2016-11-30 09:00:00,81.70833333333333,94.04278564453125,87.96089543514624,94.042786,-12.334452311197921,12.334452311197921
2016-11-30 10:00:00,82.0,90.21424865722656,85.21180545022536,90.21425,-8.214248657226562,8.214248657226562
2016-11-30 11:00:00,80.95833333333333,106.4952621459961,100.67810334271111,106.49526,-25.536928812662765,25.536928812662765
2016-11-30 12:00:00,82.33333333333333,91.72428894042969,86.86905795736605,91.72429,-9.390955607096359,9.390955607096359
2016-11-30 13:00:00,83.375,95.88631439208984,89.64006072910793,95.886314,-12.511314392089844,12.511314392089844
2016-11-30 14:00:00,84.25,101.34447479248047,94.26973129465868,101.344475,-17.09447479248047,17.09447479248047
2016-11-30 15:00:00,85.04166666666667,102.35740661621094,97.77678768100485,102.35741,-17.315739949544266,17.315739949544266
2016-11-30 16:00:00,86.54166666666667,98.33162689208984,94.14340568356023,98.33163,-11.789960225423172,11.789960225423172
2016-11-30 17:00:00,88.125,99.13438415527344,91.98160589587945,99.134384,-11.009384155273438,11.009384155273438
2016-11-30 18:00:00,88.54166666666667,109.50394439697266,105.82774997816935,109.503944,-20.962277730305985,20.962277730305985
2016-11-30 19:00:00,88.83333333333333,109.68566131591797,106.91202637310967,109.68566,-20.85232798258464,20.85232798258464
2016-11-30 20:00:00,88.83333333333333,110.32865905761719,107.96419990618814,110.32866,-21.49532572428386,21.49532572428386
2016-11-30 21:00:00,90.45833333333333,110.32745361328125,105.19141816652484,110.32745,-19.86912027994792,19.86912027994792
2016-11-30 22:00:00,92.125,110.96192932128906,99.1090788933599,110.96193,-18.836929321289062,18.836929321289062
2016-11-30 23:00:00,93.70833333333333,116.91641235351562,108.5152351392079,116.91641,-23.208079020182296,23.208079020182296
2016-12-01 00:00:00,98.70833333333333,112.86617279052734,105.1660816819565,112.86617,-14.157839457194015,14.157839457194015
2016-12-01 01:00:00,103.79166666666667,112.33546447753906,101.46499721077117,112.335464,-8.543797810872391,8.543797810872391
2016-12-01 02:00:00,104.16666666666667,107.87405395507812,100.950793553065,107.874054,-3.7073872884114536,3.7073872884114536
2016-12-01 03:00:00,107.75,111.56129455566406,105.70129371825291,111.561295,-3.8112945556640625,3.8112945556640625
2016-12-01 04:00:00,108.91666666666667,109.01937866210938,104.5714264470256,109.01938,-0.1027119954427036,0.1027119954427036
2016-12-01 05:00:00,107.70833333333333,117.42047119140625,114.91439311357323,117.42047,-9.712137858072921,9.712137858072921
2016-12-01 06:00:00,110.54166666666667,104.13104248046875,96.22404394634327,104.13104,6.410624186197921,6.410624186197921
2016-12-01 07:00:00,112.20833333333333,107.19371795654297,95.53477346523225,107.19372,5.01461537679036,5.01461537679036
2016-12-01 08:00:00,114.58333333333333,110.81614685058594,100.60243397996837,110.81615,3.767186482747391,3.767186482747391
2016-12-01 09:00:00,115.29166666666667,121.84996032714844,113.1554450392229,121.84996,-6.558293660481766,6.558293660481766
2016-12-01 10:00:00,115.79166666666667,117.76617431640625,110.76744823922122,117.766174,-1.9745076497395786,1.9745076497395786
2016-12-01 11:00:00,115.83333333333333,113.66563415527344,102.44610186166811,113.665634,2.167699178059891,2.167699178059891
2016-12-01 12:00:00,115.375,122.5616455078125,115.43489009825673,122.561646,-7.1866455078125,7.1866455078125
2016-12-01 13:00:00,114.25,124.06393432617188,117.26609439005911,124.063934,-9.813934326171875,9.813934326171875
2016-12-01 14:00:00,113.375,124.48973846435547,117.32123033581928,124.48974,-11.114738464355469,11.114738464355469
2016-12-01 15:00:00,112.375,127.32147979736328,120.03616702361357,127.32148,-14.946479797363281,14.946479797363281
2016-12-01 16:00:00,111.41666666666667,127.5263900756836,120.80562720593039,127.52639,-16.109723409016922,16.109723409016922
2016-12-01 17:00:00,111.25,125.93037414550781,121.30192622392818,125.930374,-14.680374145507812,14.680374145507812
2016-12-01 18:00:00,110.08333333333333,126.0313720703125,118.29312028891876,126.03137,-15.948038736979171,15.948038736979171
2016-12-01 19:00:00,109.0,121.17581176757812,115.48824682917547,121.17581,-12.175811767578125,12.175811767578125
2016-12-01 20:00:00,107.54166666666667,115.17424011230469,106.62316935689174,115.17424,-7.632573445638016,7.632573445638016
2016-12-01 21:00:00,106.5,117.87025451660156,110.7861454593058,117.870255,-11.370254516601562,11.370254516601562
2016-12-01 22:00:00,106.16666666666667,117.27702331542969,109.85597918012918,117.27702,-11.110356648763016,11.110356648763016
2016-12-01 23:00:00,108.20833333333333,120.12159729003906,112.27309968570573,120.1216,-11.913263956705734,11.913263956705734
2016-12-02 00:00:00,107.91666666666667,124.1058349609375,123.22168212065037,124.105835,-16.18916829427083,16.18916829427083
2016-12-02 01:00:00,110.5,126.66944885253906,128.93692663897318,126.66945,-16.169448852539062,16.169448852539062
2016-12-02 02:00:00,115.33333333333333,117.68759155273438,116.40058342515583,117.68759,-2.3542582194010464,2.3542582194010464
2016-12-02 03:00:00,114.75,121.97138977050781,132.15560911476805,121.97139,-7.2213897705078125,7.2213897705078125
2016-12-02 04:00:00,121.375,107.46295928955078,123.31303532847006,107.46296,13.912040710449219,13.912040710449219
2016-12-02 05:00:00,127.08333333333333,101.96660614013672,107.63397072600932,101.966606,25.11672719319661,25.11672719319661
2016-12-02 06:00:00,127.70833333333333,103.86396789550781,109.66531934274569,103.86397,23.844365437825516,23.844365437825516
2016-12-02 07:00:00,126.75,115.12998962402344,122.27848036675765,115.12999,11.620010375976562,11.620010375976562
2016-12-02 08:00:00,125.875,112.0386962890625,124.62326498592935,112.0387,13.8363037109375,13.8363037109375
2016-12-02 09:00:00,124.04166666666667,121.70587158203125,128.38902159724654,121.70587,2.3357950846354214,2.3357950846354214
2016-12-02 10:00:00,123.45833333333333,116.38090515136719,124.27914676952794,116.380905,7.077428181966141,7.077428181966141
2016-12-02 11:00:00,123.95833333333333,113.74063873291016,119.52254461720544,113.74064,10.217694600423172,10.217694600423172
2016-12-02 12:00:00,124.25,117.83941650390625,122.10605048496679,117.83942,6.41058349609375,6.41058349609375
2016-12-02 13:00:00,126.16666666666667,109.99765014648438,112.93831078789175,109.99765,16.169016520182296,16.169016520182296
2016-12-02 14:00:00,127.66666666666667,111.46583557128906,110.67840698520413,111.465836,16.20083109537761,16.20083109537761
2016-12-02 15:00:00,129.25,109.38003540039062,109.51687091324669,109.380035,19.869964599609375,19.869964599609375
2016-12-02 16:00:00,130.0,114.3821792602539,112.18972708998945,114.38218,15.617820739746094,15.617820739746094
2016-12-02 17:00:00,129.29166666666666,119.236083984375,118.03260169200959,119.236084,10.055582682291657,10.055582682291657
2016-12-02 18:00:00,131.29166666666666,114.99472045898438,114.8285751889422,114.99472,16.296946207682282,16.296946207682282
2016-12-02 19:00:00,134.125,116.35708618164062,114.11441959334785,116.357086,17.767913818359375,17.767913818359375
2016-12-02 20:00:00,139.41666666666666,110.38482666015625,110.62158664961083,110.38483,29.031840006510407,29.031840006510407
2016-12-02 21:00:00,142.25,113.36063385009766,115.33578986161079,113.360634,28.889366149902344,28.889366149902344
2016-12-02 22:00:00,143.91666666666666,118.13426208496094,119.99369370281674,118.13426,25.78240458170572,25.78240458170572
2016-12-02 23:00:00,141.20833333333334,122.22209167480469,125.68333367672793,122.22209,18.986241658528655,18.986241658528655
2016-12-03 00:00:00,137.91666666666666,119.97897338867188,121.10610631305791,119.97897,17.937693277994782,17.937693277994782
2016-12-03 01:00:00,131.70833333333334,137.89306640625,135.88081125788014,137.89307,-6.184733072916657,6.184733072916657
2016-12-03 02:00:00,126.5,135.0851287841797,134.5788698761889,135.08513,-8.585128784179688,8.585128784179688
2016-12-03 03:00:00,122.54166666666667,123.2662353515625,123.20306624296038,123.266235,-0.7245686848958286,0.7245686848958286
2016-12-03 04:00:00,114.625,150.58950805664062,141.33339907521093,150.58951,-35.964508056640625,35.964508056640625
2016-12-03 05:00:00,109.79166666666667,139.88308715820312,138.32584082500614,139.88309,-30.091420491536454,30.091420491536454
2016-12-03 06:00:00,108.20833333333333,133.72445678710938,127.17995796969839,133.72446,-25.516123453776046,25.516123453776046
2016-12-03 07:00:00,108.33333333333333,126.25834655761719,118.52185634870315,126.25835,-17.92501322428386,17.92501322428386
2016-12-03 08:00:00,106.83333333333333,125.74501037597656,123.42362898223617,125.74501,-18.911677042643234,18.911677042643234
2016-12-03 09:00:00,107.20833333333333,118.35104370117188,114.57742273308875,118.35104,-11.142710367838546,11.142710367838546
2016-12-03 10:00:00,107.375,116.45541381835938,114.07536376755132,116.455414,-9.080413818359375,9.080413818359375
2016-12-03 11:00:00,107.20833333333333,120.6805419921875,119.31191823568268,120.68054,-13.472208658854171,13.472208658854171
2016-12-03 12:00:00,106.125,117.53246307373047,118.53659129342978,117.53246,-11.407463073730469,11.407463073730469
2016-12-03 13:00:00,103.875,123.50958251953125,124.1744996194391,123.50958,-19.63458251953125,19.63458251953125
2016-12-03 14:00:00,102.83333333333333,118.97386932373047,121.37338873303712,118.97387,-16.14053599039714,16.14053599039714
2016-12-03 15:00:00,101.5,116.10723876953125,120.49761169927449,116.10724,-14.60723876953125,14.60723876953125
2016-12-03 16:00:00,100.83333333333333,109.16082763671875,119.85762682638864,109.16083,-8.327494303385421,8.327494303385421
2016-12-03 17:00:00,101.41666666666667,104.47000122070312,111.50090224857074,104.47,-3.0533345540364536,3.0533345540364536
2016-12-03 18:00:00,100.20833333333333,111.45433044433594,121.87176468030678,111.45433,-11.245997111002609,11.245997111002609
2016-12-03 19:00:00,98.33333333333333,117.92279052734375,126.53984399150507,117.92279,-19.58945719401042,19.58945719401042
2016-12-03 20:00:00,94.75,123.09361267089844,131.91579534624228,123.09361,-28.343612670898438,28.343612670898438
2016-12-03 21:00:00,93.08333333333333,112.98509216308594,123.3373704262414,112.98509,-19.90175882975261,19.90175882975261
2016-12-03 22:00:00,92.79166666666667,121.21905517578125,124.66257552827241,121.219055,-28.42738850911458,28.42738850911458
2016-12-03 23:00:00,93.33333333333333,112.2920913696289,115.49960930003431,112.29209,-18.958758036295578,18.958758036295578
2016-12-04 00:00:00,93.41666666666667,113.97769165039062,116.14009256920527,113.97769,-20.561024983723954,20.561024983723954
2016-12-04 01:00:00,92.29166666666667,111.44041442871094,114.35479095641954,111.440414,-19.148747762044266,19.148747762044266
2016-12-04 02:00:00,93.0,105.68353271484375,113.62584090200393,105.68353,-12.68353271484375,12.68353271484375
2016-12-04 03:00:00,95.25,101.56710815429688,110.15394755983264,101.56711,-6.317108154296875,6.317108154296875
2016-12-04 04:00:00,97.625,99.49248504638672,109.17556575496982,99.492485,-1.8674850463867188,1.8674850463867188
2016-12-04 05:00:00,99.625,105.21316528320312,112.89254306566168,105.213165,-5.588165283203125,5.588165283203125
2016-12-04 06:00:00,101.75,105.73078918457031,112.99323518685065,105.73079,-3.9807891845703125,3.9807891845703125
2016-12-04 07:00:00,103.5,114.35478210449219,117.38643488565485,114.35478,-10.854782104492188,10.854782104492188
2016-12-04 08:00:00,106.79166666666667,102.02464294433594,109.15972152941796,102.02464,4.767023722330734,4.767023722330734
2016-12-04 09:00:00,110.5,112.91477966308594,117.73270426172549,112.91478,-2.4147796630859375,2.4147796630859375
2016-12-04 10:00:00,114.125,113.87071228027344,117.15299726771627,113.87071,0.2542877197265625,0.2542877197265625
2016-12-04 11:00:00,117.0,113.01304626464844,119.21986341021831,113.01305,3.9869537353515625,3.9869537353515625
2016-12-04 12:00:00,118.54166666666667,103.84906768798828,111.92085609299048,103.84907,14.69259897867839,14.69259897867839
2016-12-04 13:00:00,119.83333333333333,100.91441345214844,104.20872772272354,100.91441,18.91891988118489,18.91891988118489
2016-12-04 14:00:00,120.16666666666667,101.36355590820312,106.69578219503978,101.363556,18.803110758463546,18.803110758463546
2016-12-04 15:00:00,120.20833333333333,99.63520050048828,106.64400494078012,99.6352,20.573132832845047,20.573132832845047
2016-12-04 16:00:00,120.20833333333333,100.58614349365234,107.02756017982901,100.58614,19.622189839680985,19.622189839680985
2016-12-04 17:00:00,119.25,111.03475952148438,112.46324597610317,111.03476,8.215240478515625,8.215240478515625
2016-12-04 18:00:00,119.625,103.16426086425781,106.98184671599057,103.16426,16.460739135742188,16.460739135742188
2016-12-04 19:00:00,121.875,99.59969329833984,104.55221221775759,99.59969,22.275306701660156,22.275306701660156
2016-12-04 20:00:00,123.83333333333333,99.98040771484375,103.97716291459531,99.98041,23.85292561848958,23.85292561848958
2016-12-04 21:00:00,125.58333333333333,100.71224975585938,105.1445194169777,100.71225,24.871083577473954,24.871083577473954
2016-12-04 22:00:00,126.625,106.37747192382812,109.26041267952748,106.37747,20.247528076171875,20.247528076171875
2016-12-04 23:00:00,128.0,109.3564224243164,109.37021625251718,109.35642,18.643577575683594,18.643577575683594
2016-12-05 00:00:00,130.45833333333334,118.04603576660156,114.71608816932421,118.046036,12.41229756673178,12.41229756673178
2016-12-05 01:00:00,133.45833333333334,111.68394470214844,108.62008757838787,111.683945,21.774388631184905,21.774388631184905
2016-12-05 02:00:00,135.0,115.11012268066406,114.51823926617114,115.11012,19.889877319335938,19.889877319335938
2016-12-05 03:00:00,133.66666666666666,115.86506652832031,115.26697298399547,115.86507,17.801600138346345,17.801600138346345
2016-12-05 04:00:00,132.66666666666666,123.11079406738281,120.0235975922645,123.110794,9.555872599283845,9.555872599283845
2016-12-05 05:00:00,132.75,120.595703125,121.88725192319002,120.5957,12.154296875,12.154296875
2016-12-05 06:00:00,132.83333333333334,123.96559143066406,124.91071370009112,123.96559,8.86774190266928,8.86774190266928
2016-12-05 07:00:00,132.25,125.82904052734375,123.99439267715807,125.82904,6.42095947265625,6.42095947265625
2016-12-05 08:00:00,131.5,124.98562622070312,127.81071167170646,124.98563,6.514373779296875,6.514373779296875
2016-12-05 09:00:00,131.75,134.14511108398438,133.97776459224116,134.14511,-2.395111083984375,2.395111083984375
2016-12-05 10:00:00,131.83333333333334,138.43963623046875,135.21346437468767,138.43964,-6.606302897135407,6.606302897135407
2016-12-05 11:00:00,131.375,139.0302734375,135.58791920562174,139.03027,-7.6552734375,7.6552734375
2016-12-05 12:00:00,130.5,137.27276611328125,134.41240355884142,137.27277,-6.77276611328125,6.77276611328125
2016-12-05 13:00:00,130.08333333333334,130.02891540527344,127.20942805137713,130.02892,0.05441792805990531,0.05441792805990531
2016-12-05 14:00:00,129.79166666666666,131.84506225585938,132.0962948733263,131.84506,-2.053395589192718,2.053395589192718
2016-12-05 15:00:00,130.0,131.445068359375,132.76543500687913,131.44507,-1.445068359375,1.445068359375
2016-12-05 16:00:00,130.25,130.89205932617188,133.336422433227,130.89206,-0.642059326171875,0.642059326171875
2016-12-05 17:00:00,131.04166666666666,122.35982513427734,120.17233281608273,122.359825,8.681841532389313,8.681841532389313
2016-12-05 18:00:00,131.625,126.70809173583984,130.31151291729702,126.70809,4.916908264160156,4.916908264160156
2016-12-05 19:00:00,130.125,135.83482360839844,135.7355942463208,135.83482,-5.7098236083984375,5.7098236083984375
2016-12-05 20:00:00,129.54166666666666,133.0616455078125,133.88129291754356,133.06165,-3.519978841145843,3.519978841145843
2016-12-05 21:00:00,129.16666666666666,130.76239013671875,132.04519031138744,130.76239,-1.5957234700520928,1.5957234700520928
2016-12-05 22:00:00,129.20833333333334,126.9921875,132.79249858377722,126.99219,2.216145833333343,2.216145833333343
2016-12-05 23:00:00,129.04166666666666,126.709716796875,135.09027206752617,126.70972,2.331949869791657,2.331949869791657
2016-12-06 00:00:00,130.20833333333334,140.6602020263672,141.12434826294975,140.6602,-10.451868693033845,10.451868693033845
2016-12-06 01:00:00,131.875,145.440673828125,142.73409415610666,145.44067,-13.565673828125,13.565673828125
2016-12-06 02:00:00,134.58333333333334,142.66143798828125,141.05938022300873,142.66144,-8.078104654947907,8.078104654947907
2016-12-06 03:00:00,138.16666666666666,130.93035888671875,132.50790877590956,130.93036,7.236307779947907,7.236307779947907
2016-12-06 04:00:00,141.0,138.10302734375,135.43240215448157,138.10303,2.89697265625,2.89697265625
2016-12-06 05:00:00,142.91666666666666,137.22976684570312,141.03996943148226,137.22977,5.686899820963532,5.686899820963532
2016-12-06 06:00:00,145.29166666666666,141.67398071289062,142.0454357834139,141.67398,3.617685953776032,3.617685953776032
2016-12-06 07:00:00,148.375,141.89212036132812,140.61180311722762,141.89212,6.482879638671875,6.482879638671875
2016-12-06 08:00:00,149.45833333333334,140.1279754638672,137.68657564079294,140.12798,9.330357869466155,9.330357869466155
2016-12-06 09:00:00,147.79166666666666,142.72686767578125,140.8602649415339,142.72687,5.064798990885407,5.064798990885407
2016-12-06 10:00:00,144.66666666666666,143.6207733154297,142.41084288930142,143.62077,1.0458933512369697,1.0458933512369697
2016-12-06 11:00:00,142.70833333333334,136.14617919921875,140.54748245051516,136.14618,6.562154134114593,6.562154134114593
2016-12-06 12:00:00,142.83333333333334,134.54696655273438,132.71350767551004,134.54697,8.286366780598968,8.286366780598968
2016-12-06 13:00:00,142.625,133.2382354736328,136.53683566799998,133.23824,9.386764526367188,9.386764526367188
2016-12-06 14:00:00,142.41666666666666,134.17140197753906,138.5283025046617,134.1714,8.245264689127595,8.245264689127595
2016-12-06 15:00:00,142.08333333333334,135.29928588867188,140.02359100808738,135.29929,6.784047444661468,6.784047444661468
2016-12-06 16:00:00,141.91666666666666,139.2041473388672,142.16381227447113,139.20415,2.7125193277994697,2.7125193277994697
2016-12-06 17:00:00,141.29166666666666,139.7534942626953,145.92314494123494,139.7535,1.5381724039713447,1.5381724039713447
2016-12-06 18:00:00,138.91666666666666,137.98837280273438,142.4745077012656,137.98837,0.9282938639322822,0.9282938639322822
2016-12-06 19:00:00,136.41666666666666,135.44232177734375,135.7997965554494,135.44232,0.9743448893229072,0.9743448893229072
2016-12-06 20:00:00,133.54166666666666,134.15994262695312,141.07212485937987,134.15994,-0.6182759602864678,0.6182759602864678
2016-12-06 21:00:00,131.45833333333334,134.58750915527344,142.3993827454144,134.58751,-3.1291758219400947,3.1291758219400947
2016-12-06 22:00:00,127.375,135.38330078125,141.54683582572042,135.3833,-8.00830078125,8.00830078125
2016-12-06 23:00:00,123.125,133.849365234375,143.50971299866248,133.84937,-10.724365234375,10.724365234375
2016-12-07 00:00:00,120.16666666666667,151.93502807617188,157.29612690692647,151.93503,-31.768361409505204,31.768361409505204
2016-12-07 01:00:00,122.33333333333333,156.00112915039062,156.02749373499853,156.00113,-33.667795817057296,33.667795817057296
2016-12-07 02:00:00,121.5,160.3080291748047,159.72254895818102,160.30803,-38.80802917480469,38.80802917480469
2016-12-07 03:00:00,121.625,154.18463134765625,159.54642265109976,154.18463,-32.55963134765625,32.55963134765625
2016-12-07 04:00:00,119.58333333333333,152.13311767578125,157.89504427606383,152.13312,-32.54978434244792,32.54978434244792
2016-12-07 05:00:00,118.33333333333333,157.2947998046875,156.3523384389983,157.2948,-38.96146647135417,38.96146647135417
2016-12-07 06:00:00,114.16666666666667,164.91973876953125,161.10405319192395,164.91974,-50.75307210286458,50.75307210286458
2016-12-07 07:00:00,110.0,166.42913818359375,164.5974431455036,166.42914,-56.42913818359375,56.42913818359375
2016-12-07 08:00:00,107.375,157.31265258789062,155.68069577011042,157.31265,-49.937652587890625,49.937652587890625
2016-12-07 09:00:00,106.54166666666667,150.18997192382812,143.2119200255446,150.18997,-43.648305257161454,43.648305257161454
2016-12-07 10:00:00,105.29166666666667,147.5210723876953,141.34818505205865,147.52107,-42.22940572102864,42.22940572102864
2016-12-07 11:00:00,103.91666666666667,156.97354125976562,149.84384872784398,156.97354,-53.056874593098954,53.056874593098954
2016-12-07 12:00:00,103.0,168.5341796875,159.57839875443952,168.53418,-65.5341796875,65.5341796875
2016-12-07 13:00:00,102.79166666666667,164.41197204589844,155.97926594658176,164.41197,-61.620305379231766,61.620305379231766
2016-12-07 14:00:00,101.75,164.68716430664062,156.45156765909005,164.68716,-62.937164306640625,62.937164306640625
2016-12-07 15:00:00,101.04166666666667,161.61798095703125,156.0921707560287,161.61798,-60.57631429036458,60.57631429036458
2016-12-07 16:00:00,100.29166666666667,165.93368530273438,156.79884970926977,165.93369,-65.6420186360677,65.6420186360677
2016-12-07 17:00:00,100.54166666666667,165.58956909179688,157.16366899192937,165.58957,-65.0479024251302,65.0479024251302
2016-12-07 18:00:00,100.83333333333333,150.4501953125,143.2744443954501,150.4502,-49.61686197916667,49.61686197916667
2016-12-07 19:00:00,102.16666666666667,149.13369750976562,142.33360614571356,149.1337,-46.967030843098954,46.967030843098954
2016-12-07 20:00:00,103.08333333333333,146.1259307861328,139.06853807282334,146.12593,-43.042597452799484,43.042597452799484
2016-12-07 21:00:00,103.04166666666667,142.2041015625,136.26851836141063,142.2041,-39.16243489583333,39.16243489583333
2016-12-07 22:00:00,105.16666666666667,125.96209716796875,114.62585503117847,125.9621,-20.79543050130208,20.79543050130208
2016-12-07 23:00:00,109.41666666666667,119.67308807373047,107.20670578757988,119.67309,-10.256421407063797,10.256421407063797
2016-12-08 00:00:00,113.91666666666667,114.56956481933594,101.03811113685896,114.569565,-0.6528981526692661,0.6528981526692661
2016-12-08 01:00:00,110.16666666666667,140.71429443359375,135.96424952150187,140.7143,-30.54762776692708,30.54762776692708
2016-12-08 02:00:00,109.5,123.80399322509766,114.54888872755666,123.80399,-14.303993225097656,14.303993225097656
2016-12-08 03:00:00,106.375,131.55691528320312,122.23023657440898,131.55692,-25.181915283203125,25.181915283203125
2016-12-08 04:00:00,105.54166666666667,119.86557006835938,111.79811783437995,119.86557,-14.323903401692704,14.323903401692704
2016-12-08 05:00:00,104.5,124.72503662109375,113.31850877788605,124.72504,-20.22503662109375,20.22503662109375
2016-12-08 06:00:00,105.875,117.22871398925781,106.73773327274094,117.228714,-11.353713989257812,11.353713989257812
2016-12-08 07:00:00,108.33333333333333,115.90602111816406,106.62819929117963,115.90602,-7.572687784830734,7.572687784830734
2016-12-08 08:00:00,111.25,118.62049865722656,105.49761893756717,118.6205,-7.3704986572265625,7.3704986572265625
2016-12-08 09:00:00,114.29166666666667,123.95768737792969,109.81610263114162,123.95769,-9.666020711263016,9.666020711263016
2016-12-08 10:00:00,116.625,112.53569030761719,97.94321831359754,112.53569,4.0893096923828125,4.0893096923828125
2016-12-08 11:00:00,118.25,112.39540100097656,100.58910957893393,112.3954,5.8545989990234375,5.8545989990234375
2016-12-08 12:00:00,118.625,113.46437072753906,98.92821090232091,113.46437,5.1606292724609375,5.1606292724609375
2016-12-08 13:00:00,118.58333333333333,119.53075408935547,108.13454737296223,119.530754,-0.9474207560221402,0.9474207560221402
2016-12-08 14:00:00,120.08333333333333,113.95649719238281,101.48326317459227,113.9565,6.126836140950516,6.126836140950516
2016-12-08 15:00:00,123.75,110.54586791992188,96.50892760703896,110.54587,13.204132080078125,13.204132080078125
2016-12-08 16:00:00,127.25,109.860595703125,98.92249319299547,109.860596,17.389404296875,17.389404296875
2016-12-08 17:00:00,129.5,111.51692199707031,103.48766859977314,111.51692,17.983078002929688,17.983078002929688
2016-12-08 18:00:00,131.79166666666666,104.306640625,100.89782329616297,104.30664,27.485026041666657,27.485026041666657
2016-12-08 19:00:00,133.375,108.22885131835938,99.54040658256434,108.22885,25.146148681640625,25.146148681640625
2016-12-08 20:00:00,135.95833333333334,110.68959045410156,107.54549288475465,110.68959,25.26874287923178,25.26874287923178
2016-12-08 21:00:00,138.375,116.08720397949219,110.18098411872563,116.087204,22.287796020507812,22.287796020507812
2016-12-08 22:00:00,140.375,118.43568420410156,110.58654853358146,118.435684,21.939315795898438,21.939315795898438
2016-12-08 23:00:00,140.79166666666666,118.9042739868164,116.89443265072347,118.904274,21.88739267985025,21.88739267985025
2016-12-09 00:00:00,137.75,132.67306518554688,123.79056100560669,132.67307,5.076934814453125,5.076934814453125
2016-12-09 01:00:00,137.08333333333334,108.70963287353516,107.21675062191561,108.70963,28.373700459798187,28.373700459798187
2016-12-09 02:00:00,135.58333333333334,123.50123596191406,118.36217697961501,123.501236,12.08209737141928,12.08209737141928
2016-12-09 03:00:00,135.66666666666666,108.86634063720703,109.08970351114249,108.86634,26.800326029459626,26.800326029459626
2016-12-09 04:00:00,135.66666666666666,118.0936050415039,111.09396929257571,118.093605,17.57306162516275,17.57306162516275
2016-12-09 05:00:00,135.25,113.0703125,111.30810150219109,113.07031,22.1796875,22.1796875
2016-12-09 06:00:00,135.125,123.27853393554688,121.97878313987952,123.278534,11.846466064453125,11.846466064453125
2016-12-09 07:00:00,133.91666666666666,122.4749755859375,121.33408101059695,122.474976,11.441691080729157,11.441691080729157
2016-12-09 08:00:00,133.25,127.0938720703125,125.24364492081807,127.09387,6.1561279296875,6.1561279296875
2016-12-09 09:00:00,133.125,133.12010192871094,128.68029171215443,133.1201,0.0048980712890625,0.0048980712890625
2016-12-09 10:00:00,136.58333333333334,123.03547668457031,121.29833916402623,123.03548,13.54785664876303,13.54785664876303
2016-12-09 11:00:00,139.375,121.15533447265625,119.07301080968776,121.155334,18.21966552734375,18.21966552734375
2016-12-09 12:00:00,141.75,119.29159545898438,115.11911686495547,119.291595,22.458404541015625,22.458404541015625
2016-12-09 13:00:00,143.375,113.14814758300781,109.9029900524439,113.14815,30.226852416992188,30.226852416992188
2016-12-09 14:00:00,143.70833333333334,121.83583068847656,117.82183342212787,121.83583,21.87250264485678,21.87250264485678
2016-12-09 15:00:00,141.5,125.7899398803711,120.18021668286096,125.78994,15.710060119628906,15.710060119628906
2016-12-09 16:00:00,139.58333333333334,134.04156494140625,135.55351225005114,134.04156,5.541768391927093,5.541768391927093
2016-12-09 17:00:00,138.20833333333334,135.2707977294922,139.54306792319164,135.2708,2.9375356038411553,2.9375356038411553
2016-12-09 18:00:00,137.125,136.22813415527344,139.62076475859894,136.22813,0.8968658447265625,0.8968658447265625
2016-12-09 19:00:00,138.0,142.21112060546875,140.8924127638208,142.21112,-4.21112060546875,4.21112060546875
2016-12-09 20:00:00,138.45833333333334,143.41357421875,141.22608514636468,143.41357,-4.955240885416657,4.955240885416657
2016-12-09 21:00:00,137.45833333333334,139.07028198242188,140.67162819542946,139.07028,-1.6119486490885322,1.6119486490885322
2016-12-09 22:00:00,138.45833333333334,137.26817321777344,139.07638425129085,137.26817,1.1901601155599053,1.1901601155599053
2016-12-09 23:00:00,139.33333333333334,138.38449096679688,138.59798423562208,138.38449,0.9488423665364678,0.9488423665364678
2016-12-10 00:00:00,140.29166666666666,130.38113403320312,129.21638884238126,130.38113,9.910532633463532,9.910532633463532
2016-12-10 01:00:00,141.41666666666666,135.80917358398438,134.80766623670084,135.80917,5.607493082682282,5.607493082682282
2016-12-10 02:00:00,142.0,130.48751831054688,127.26809228950586,130.48752,11.512481689453125,11.512481689453125
2016-12-10 03:00:00,142.66666666666666,133.55206298828125,132.2218794347047,133.55206,9.114603678385407,9.114603678385407
2016-12-10 04:00:00,143.375,136.379150390625,133.94936503842354,136.37915,6.995849609375,6.995849609375
2016-12-10 05:00:00,144.08333333333334,128.892578125,130.87917320080834,128.89258,15.190755208333343,15.190755208333343
2016-12-10 06:00:00,144.91666666666666,132.71115112304688,135.28155709404678,132.71115,12.205515543619782,12.205515543619782
2016-12-10 07:00:00,146.45833333333334,130.44161987304688,129.9763700121374,130.44162,16.016713460286468,16.016713460286468
2016-12-10 08:00:00,148.0,136.24942016601562,137.40187493362288,136.24942,11.750579833984375,11.750579833984375
2016-12-10 09:00:00,148.54166666666666,145.05426025390625,145.02256088568708,145.05426,3.487406412760407,3.487406412760407
2016-12-10 10:00:00,148.54166666666666,147.33938598632812,149.24448396093268,147.33939,1.2022806803385322,1.2022806803385322
2016-12-10 11:00:00,148.625,142.099853515625,144.23414559448946,142.09985,6.525146484375,6.525146484375
2016-12-10 12:00:00,147.91666666666666,144.58013916015625,146.9802983327761,144.58014,3.336527506510407,3.336527506510407
2016-12-10 13:00:00,148.0,145.48846435546875,146.2888432363691,145.48846,2.51153564453125,2.51153564453125
2016-12-10 14:00:00,147.79166666666666,145.0746307373047,144.61480223307447,145.07463,2.7170359293619697,2.7170359293619697
2016-12-10 15:00:00,147.95833333333334,140.07855224609375,135.99767589204993,140.07855,7.879781087239593,7.879781087239593
2016-12-10 16:00:00,148.25,145.04461669921875,138.8037603020546,145.04462,3.20538330078125,3.20538330078125
2016-12-10 17:00:00,149.04166666666666,142.34689331054688,138.276773511887,142.3469,6.694773356119782,6.694773356119782
2016-12-10 18:00:00,149.04166666666666,142.83303833007812,138.44427946358067,142.83304,6.208628336588532,6.208628336588532
2016-12-10 19:00:00,147.5,148.9834442138672,149.83407103976052,148.98344,-1.4834442138671875,1.4834442138671875
2016-12-10 20:00:00,145.70833333333334,149.86996459960938,149.29935758850823,149.86996,-4.161631266276032,4.161631266276032
2016-12-10 21:00:00,146.33333333333334,136.05508422851562,135.69445149830983,136.05508,10.278249104817718,10.278249104817718
2016-12-10 22:00:00,144.79166666666666,150.39132690429688,150.954255278605,150.39133,-5.599660237630218,5.599660237630218
2016-12-10 23:00:00,142.75,152.08763122558594,153.24684995498464,152.08763,-9.337631225585938,9.337631225585938
2016-12-11 00:00:00,141.5,149.39344787597656,150.34382319059605,149.39345,-7.8934478759765625,7.8934478759765625
2016-12-11 01:00:00,140.70833333333334,155.9177703857422,158.8722195538808,155.91777,-15.209437052408845,15.209437052408845
2016-12-11 02:00:00,140.41666666666666,151.22662353515625,152.92256650919822,151.22662,-10.809956868489593,10.809956868489593
2016-12-11 03:00:00,139.5,152.91717529296875,155.7026267496972,152.91718,-13.41717529296875,13.41717529296875
2016-12-11 04:00:00,139.0,155.01052856445312,156.94770887029566,155.01053,-16.010528564453125,16.010528564453125
2016-12-11 05:00:00,139.0,157.17022705078125,158.6159624681033,157.17023,-18.17022705078125,18.17022705078125
2016-12-11 06:00:00,139.16666666666666,160.52145385742188,162.70432254791615,160.52145,-21.354787190755218,21.354787190755218
2016-12-11 07:00:00,139.33333333333334,161.9562225341797,165.08256407625402,161.95622,-22.622889200846345,22.622889200846345
2016-12-11 08:00:00,138.875,164.96224975585938,168.87419390459198,164.96225,-26.087249755859375,26.087249755859375
2016-12-11 09:00:00,138.45833333333334,166.63113403320312,166.35240849157722,166.63113,-28.172800699869782,28.172800699869782
2016-12-11 10:00:00,136.04166666666666,170.36102294921875,169.73075206504907,170.36102,-34.31935628255209,34.31935628255209
2016-12-11 11:00:00,136.16666666666666,167.72116088867188,165.20992527775135,167.72116,-31.554494222005218,31.554494222005218
2016-12-11 12:00:00,137.5,169.24203491210938,164.31888071947614,169.24203,-31.742034912109375,31.742034912109375
2016-12-11 13:00:00,138.54166666666666,168.80050659179688,166.30944680762045,168.8005,-30.258839925130218,30.258839925130218
2016-12-11 14:00:00,140.04166666666666,162.80169677734375,156.71400454126334,162.8017,-22.760030110677093,22.760030110677093
2016-12-11 15:00:00,140.91666666666666,160.29116821289062,155.08746947639455,160.29117,-19.374501546223968,19.374501546223968
2016-12-11 16:00:00,140.79166666666666,163.5832061767578,160.74665421030747,163.5832,-22.791539510091155,22.791539510091155
2016-12-11 17:00:00,141.04166666666666,164.88372802734375,164.12387952094667,164.88373,-23.842061360677093,23.842061360677093
2016-12-11 18:00:00,141.08333333333334,158.0787811279297,159.80198477171973,158.07878,-16.995447794596345,16.995447794596345
2016-12-11 19:00:00,141.20833333333334,151.23233032226562,148.22494264040884,151.23233,-10.023996988932282,10.023996988932282
2016-12-11 20:00:00,140.33333333333334,149.15853881835938,144.64836390109392,149.15854,-8.825205485026032,8.825205485026032
2016-12-11 21:00:00,138.04166666666666,158.56687927246094,158.51181768602564,158.56688,-20.52521260579428,20.52521260579428
2016-12-11 22:00:00,136.29166666666666,149.16749572753906,146.3227825492221,149.1675,-12.875829060872405,12.875829060872405
2016-12-11 23:00:00,136.375,148.29034423828125,145.07164525841935,148.29034,-11.91534423828125,11.91534423828125
2016-12-12 00:00:00,136.5,154.08583068847656,150.2874169706368,154.08583,-17.585830688476562,17.585830688476562
2016-12-12 01:00:00,135.70833333333334,157.66024780273438,157.2157013353624,157.66025,-21.951914469401032,21.951914469401032
2016-12-12 02:00:00,135.375,155.20144653320312,156.26866065475932,155.20145,-19.826446533203125,19.826446533203125
2016-12-12 03:00:00,137.125,146.54356384277344,149.4098374185513,146.54356,-9.418563842773438,9.418563842773438
2016-12-12 04:00:00,137.25,149.7301788330078,154.3644728849139,149.73018,-12.480178833007812,12.480178833007812
2016-12-12 05:00:00,137.75,156.58323669433594,159.41832096946146,156.58324,-18.833236694335938,18.833236694335938
2016-12-12 06:00:00,137.125,160.07061767578125,160.89111391342186,160.07062,-22.94561767578125,22.94561767578125
2016-12-12 07:00:00,136.75,165.66758728027344,165.25286697004037,165.66759,-28.917587280273438,28.917587280273438
2016-12-12 08:00:00,137.29166666666666,158.61416625976562,162.24336786979876,158.61417,-21.322499593098968,21.322499593098968
2016-12-12 09:00:00,137.70833333333334,160.31124877929688,160.04112603656603,160.31125,-22.602915445963532,22.602915445963532
2016-12-12 10:00:00,138.54166666666666,149.8541259765625,148.08507565450387,149.85413,-11.312459309895843,11.312459309895843
2016-12-12 11:00:00,138.79166666666666,160.6201171875,160.931116005012,160.62012,-21.828450520833343,21.828450520833343
2016-12-12 12:00:00,137.33333333333334,157.82559204101562,161.0294159447134,157.82559,-20.492258707682282,20.492258707682282
2016-12-12 13:00:00,137.91666666666666,160.56906127929688,165.3663119847932,160.56906,-22.652394612630218,22.652394612630218
2016-12-12 14:00:00,137.875,162.50604248046875,165.29612960767776,162.50604,-24.63104248046875,24.63104248046875
2016-12-12 15:00:00,137.95833333333334,163.43359375,165.03683840199727,163.4336,-25.475260416666657,25.475260416666657
2016-12-12 16:00:00,139.41666666666666,165.4759063720703,164.67168277400174,165.4759,-26.059239705403655,26.059239705403655
2016-12-12 17:00:00,140.08333333333334,166.462890625,166.11393474419162,166.46289,-26.379557291666657,26.379557291666657
2016-12-12 18:00:00,142.0,164.98208618164062,161.18038374850062,164.98209,-22.982086181640625,22.982086181640625
2016-12-12 19:00:00,144.04166666666666,159.39613342285156,156.46896646935355,159.39613,-15.354466756184905,15.354466756184905
2016-12-12 20:00:00,146.20833333333334,154.27259826660156,149.97420710227084,154.2726,-8.06426493326822,8.06426493326822
2016-12-12 21:00:00,148.79166666666666,147.8022003173828,142.60473935310165,147.8022,0.9894663492838447,0.9894663492838447
2016-12-12 22:00:00,151.33333333333334,145.8416748046875,142.1373031814707,145.84167,5.491658528645843,5.491658528645843
2016-12-12 23:00:00,152.375,156.33470153808594,152.28749940095796,156.3347,-3.9597015380859375,3.9597015380859375
2016-12-13 00:00:00,153.0,158.39791870117188,156.19204711628316,158.39792,-5.397918701171875,5.397918701171875
2016-12-13 01:00:00,154.29166666666666,155.35882568359375,153.12773075794192,155.35883,-1.0671590169270928,1.0671590169270928
2016-12-13 02:00:00,155.83333333333334,155.08807373046875,154.6412888669906,155.08807,0.7452596028645928,0.7452596028645928
2016-12-13 03:00:00,156.5,164.16195678710938,164.23109728405046,164.16196,-7.661956787109375,7.661956787109375
2016-12-13 04:00:00,158.41666666666666,161.47052001953125,159.6936068470952,161.47052,-3.053853352864593,3.053853352864593
2016-12-13 05:00:00,160.20833333333334,165.93557739257812,163.7398648856802,165.93558,-5.727244059244782,5.727244059244782
2016-12-13 06:00:00,162.79166666666666,160.36862182617188,158.6436398550712,160.36862,2.423044840494782,2.423044840494782
2016-12-13 07:00:00,165.16666666666666,160.50311279296875,161.08328196025985,160.50311,4.663553873697907,4.663553873697907
2016-12-13 08:00:00,166.25,165.568603515625,165.59300471324482,165.5686,0.681396484375,0.681396484375
2016-12-13 09:00:00,167.54166666666666,169.2684326171875,166.17701461536814,169.26843,-1.7267659505208428,1.7267659505208428
2016-12-13 10:00:00,169.91666666666666,166.55096435546875,162.6182538893572,166.55096,3.365702311197907,3.365702311197907
2016-12-13 11:00:00,170.875,170.7569122314453,167.33194858821795,170.75691,0.1180877685546875,0.1180877685546875
2016-12-13 12:00:00,174.125,158.47640991210938,154.86023440056513,158.47641,15.648590087890625,15.648590087890625
2016-12-13 13:00:00,174.33333333333334,168.76437377929688,170.7524399083317,168.76437,5.568959554036468,5.568959554036468
2016-12-13 14:00:00,175.08333333333334,170.05255126953125,169.43644408612644,170.05255,5.030782063802093,5.030782063802093
2016-12-13 15:00:00,176.5,168.87789916992188,167.88260994883862,168.8779,7.622100830078125,7.622100830078125
2016-12-13 16:00:00,177.45833333333334,166.34857177734375,171.41023125917337,166.34857,11.109761555989593,11.109761555989593
2016-12-13 17:00:00,178.66666666666666,168.86590576171875,172.10736064515598,168.8659,9.800760904947907,9.800760904947907
2016-12-13 18:00:00,179.16666666666666,169.55641174316406,172.9219202818552,169.55641,9.610254923502595,9.610254923502595
2016-12-13 19:00:00,178.375,173.32693481445312,174.1986511522687,173.32693,5.048065185546875,5.048065185546875
2016-12-13 20:00:00,178.375,173.55807495117188,173.33404659797978,173.55807,4.816925048828125,4.816925048828125
2016-12-13 21:00:00,178.70833333333334,172.46841430664062,171.76356390121995,172.46841,6.239919026692718,6.239919026692718
2016-12-13 22:00:00,178.91666666666666,170.3983154296875,170.5871861654127,170.39832,8.518351236979157,8.518351236979157
2016-12-13 23:00:00,178.54166666666666,171.76400756835938,172.85830121017096,171.764,6.777659098307282,6.777659098307282
2016-12-14 00:00:00,178.375,162.90792846679688,168.71381760256426,162.90793,15.467071533203125,15.467071533203125
2016-12-14 01:00:00,178.5,164.269775390625,170.7676578273401,164.26978,14.230224609375,14.230224609375
2016-12-14 02:00:00,178.625,166.3968048095703,174.14292652533356,166.3968,12.228195190429688,12.228195190429688
2016-12-14 03:00:00,179.29166666666666,174.3203125,179.90685415790028,174.32031,4.971354166666657,4.971354166666657
2016-12-14 04:00:00,180.33333333333334,173.71194458007812,175.60244801201765,173.71194,6.621388753255218,6.621388753255218
2016-12-14 05:00:00,180.08333333333334,175.5789337158203,178.99597752009507,175.57893,4.50439961751303,4.50439961751303
2016-12-14 06:00:00,179.83333333333334,174.34072875976562,177.43388836758155,174.34073,5.492604573567718,5.492604573567718
2016-12-14 07:00:00,178.5,174.50128173828125,177.35744593430886,174.50128,3.99871826171875,3.99871826171875
2016-12-14 08:00:00,178.33333333333334,174.13616943359375,175.4447608374092,174.13617,4.197163899739593,4.197163899739593
2016-12-14 09:00:00,178.5,173.8398895263672,176.43113684431634,173.83989,4.6601104736328125,4.6601104736328125
2016-12-14 10:00:00,178.79166666666666,172.772705078125,175.1052917881944,172.7727,6.018961588541657,6.018961588541657
2016-12-14 11:00:00,179.83333333333334,179.22914123535156,177.02156390483344,179.22914,0.6041920979817803,0.6041920979817803
2016-12-14 12:00:00,180.16666666666666,181.0791015625,177.76946433930806,181.0791,-0.9124348958333428,0.9124348958333428
2016-12-14 13:00:00,180.125,169.22109985351562,169.00766605851425,169.2211,10.903900146484375,10.903900146484375
2016-12-14 14:00:00,180.20833333333334,166.42593383789062,171.27107084847066,166.42593,13.782399495442718,13.782399495442718
2016-12-14 15:00:00,179.0,169.79122924804688,174.40166111443736,169.79123,9.208770751953125,9.208770751953125
2016-12-14 16:00:00,176.875,169.95669555664062,176.19380340008098,169.9567,6.918304443359375,6.918304443359375
2016-12-14 17:00:00,175.08333333333334,181.7890167236328,181.5471085132966,181.78902,-6.70568339029947,6.70568339029947
2016-12-14 18:00:00,175.125,181.20294189453125,184.04482489609623,181.20294,-6.07794189453125,6.07794189453125
2016-12-14 19:00:00,177.33333333333334,178.65658569335938,177.93487139960376,178.65659,-1.3232523600260322,1.3232523600260322
2016-12-14 20:00:00,178.91666666666666,177.31259155273438,177.94051354079346,177.31259,1.6040751139322822,1.6040751139322822
2016-12-14 21:00:00,179.58333333333334,179.887939453125,179.96670625597775,179.88794,-0.3046061197916572,0.3046061197916572
2016-12-14 22:00:00,180.20833333333334,180.7848358154297,181.2879355333087,180.78484,-0.5765024820963447,0.5765024820963447
2016-12-14 23:00:00,181.29166666666666,174.42898559570312,173.89802189988058,174.42899,6.862681070963532,6.862681070963532
2016-12-15 00:00:00,182.91666666666666,178.38409423828125,176.824755915079,178.3841,4.532572428385407,4.532572428385407
2016-12-15 01:00:00,183.625,187.3605499267578,190.0947648428754,187.36055,-3.7355499267578125,3.7355499267578125
2016-12-15 02:00:00,184.0,184.4596710205078,185.81392990734415,184.45967,-0.4596710205078125,0.4596710205078125
2016-12-15 03:00:00,183.91666666666666,186.52423095703125,188.27995509640886,186.52423,-2.607564290364593,2.607564290364593
2016-12-15 04:00:00,183.5,181.9617919921875,187.359359482876,181.96179,1.5382080078125,1.5382080078125
2016-12-15 05:00:00,183.33333333333334,178.3263702392578,178.97858437809083,178.32637,5.00696309407553,5.00696309407553
2016-12-15 06:00:00,182.91666666666666,172.60842895507812,173.65390502696167,172.60843,10.308237711588532,10.308237711588532
2016-12-15 07:00:00,183.375,167.78469848632812,170.3355113989457,167.7847,15.590301513671875,15.590301513671875
2016-12-15 08:00:00,182.66666666666666,172.9757537841797,173.33494199704717,172.97575,9.69091288248697,9.69091288248697
2016-12-15 09:00:00,181.45833333333334,176.98074340820312,177.196160628068,176.98074,4.477589925130218,4.477589925130218
2016-12-15 10:00:00,180.91666666666666,171.60060119628906,172.9017343391509,171.6006,9.316065470377595,9.316065470377595
2016-12-15 11:00:00,178.45833333333334,168.85494995117188,170.78002447803053,168.85495,9.603383382161468,9.603383382161468
2016-12-15 12:00:00,173.95833333333334,169.57427978515625,169.5536619383343,169.57428,4.384053548177093,4.384053548177093
2016-12-15 13:00:00,170.20833333333334,164.21286010742188,166.73675141922482,164.21286,5.995473225911468,5.995473225911468
2016-12-15 14:00:00,167.33333333333334,168.14373779296875,168.1526041315398,168.14374,-0.8104044596354072,0.8104044596354072
2016-12-15 15:00:00,165.83333333333334,168.4381103515625,165.50860960422688,168.43811,-2.604777018229157,2.604777018229157
2016-12-15 16:00:00,164.75,172.052001953125,163.59778293937867,172.052,-7.302001953125,7.302001953125
2016-12-15 17:00:00,164.875,174.371826171875,167.57112063972815,174.37183,-9.496826171875,9.496826171875
2016-12-15 18:00:00,164.375,181.90164184570312,176.6768140267152,181.90164,-17.526641845703125,17.526641845703125
2016-12-15 19:00:00,163.20833333333334,190.20423889160156,183.23405966030055,190.20424,-26.99590555826822,26.99590555826822
2016-12-15 20:00:00,163.04166666666666,189.62509155273438,182.93747360179472,189.62509,-26.583424886067718,26.583424886067718
2016-12-15 21:00:00,164.75,185.93824768066406,182.47481677439563,185.93825,-21.188247680664062,21.188247680664062
2016-12-15 22:00:00,166.25,185.14157104492188,181.6006168839104,185.14157,-18.891571044921875,18.891571044921875
2016-12-15 23:00:00,168.125,185.20086669921875,183.90187161927386,185.20087,-17.07586669921875,17.07586669921875
2016-12-16 00:00:00,167.91666666666666,190.7957763671875,185.58861711991332,190.79578,-22.879109700520843,22.879109700520843
2016-12-16 01:00:00,169.16666666666666,186.61373901367188,183.5801202084256,186.61374,-17.447072347005218,17.447072347005218
2017-04-21 08:00:00,34.791666666666664,47.16216278076172,45.09161051152366,47.162163,-12.370496114095054,12.370496114095054
2017-04-21 09:00:00,33.833333333333336,44.3235969543457,44.54916002188118,44.323597,-10.490263621012367,10.490263621012367
2017-04-21 10:00:00,32.375,43.41199493408203,45.050364091483544,43.411995,-11.036994934082031,11.036994934082031
2017-04-21 11:00:00,31.416666666666668,42.24605941772461,45.74489705871059,42.24606,-10.829392751057942,10.829392751057942
2017-04-21 12:00:00,32.541666666666664,39.0992431640625,42.65544712188189,39.099243,-6.557576497395836,6.557576497395836
2017-04-21 13:00:00,33.791666666666664,35.492313385009766,39.56415345859421,35.492313,-1.7006467183431013,1.7006467183431013
2017-04-21 14:00:00,34.708333333333336,40.467491149902344,46.382859840994804,40.46749,-5.759157816569008,5.759157816569008
2017-04-21 15:00:00,34.458333333333336,43.80635070800781,45.20469165661107,43.80635,-9.348017374674477,9.348017374674477
2017-04-21 16:00:00,34.333333333333336,38.92425537109375,43.01146695701789,38.924255,-4.590922037760414,4.590922037760414
2017-04-21 17:00:00,34.708333333333336,42.09950637817383,45.445854155367016,42.099506,-7.391173044840492,7.391173044840492
2017-04-21 18:00:00,34.666666666666664,41.44500732421875,45.109123623075824,41.445007,-6.778340657552086,6.778340657552086
2017-04-21 19:00:00,34.208333333333336,42.22603225708008,43.947253297979536,42.226032,-8.017698923746742,8.017698923746742
2017-04-21 20:00:00,33.666666666666664,44.669334411621094,46.056144719275096,44.669334,-11.00266774495443,11.00266774495443
2017-04-21 21:00:00,32.958333333333336,43.69916534423828,44.6151149332827,43.699165,-10.740832010904946,10.740832010904946
2017-04-21 22:00:00,32.75,44.40949249267578,45.91550099335971,44.409492,-11.659492492675781,11.659492492675781
2017-04-21 23:00:00,32.5,46.06687927246094,46.245536406075,46.06688,-13.566879272460938,13.566879272460938
2017-04-22 00:00:00,32.708333333333336,49.44219970703125,46.054072986353475,49.4422,-16.733866373697914,16.733866373697914
2017-04-22 01:00:00,32.875,46.32365417480469,44.81171223723583,46.323654,-13.448654174804688,13.448654174804688
2017-04-22 02:00:00,31.75,46.56132507324219,47.80031614937526,46.561325,-14.811325073242188,14.811325073242188
2017-04-22 03:00:00,31.125,45.72816467285156,45.94615209965981,45.728165,-14.603164672851562,14.603164672851562
2017-04-22 04:00:00,31.75,44.693443298339844,45.0873717445463,44.693443,-12.943443298339844,12.943443298339844
2017-04-22 05:00:00,32.708333333333336,44.828556060791016,43.77211515433137,44.828556,-12.12022272745768,12.12022272745768
2017-04-22 06:00:00,37.166666666666664,41.58574676513672,41.26176121428391,41.585747,-4.4190800984700545,4.4190800984700545
2017-04-22 07:00:00,40.333333333333336,45.07695770263672,43.34433440820117,45.076958,-4.743624369303383,4.743624369303383
2017-04-22 08:00:00,40.583333333333336,46.65309524536133,47.96362576615711,46.653095,-6.069761912027992,6.069761912027992
2017-04-22 09:00:00,43.416666666666664,45.242862701416016,41.13227603610135,45.242863,-1.8261960347493513,1.8261960347493513
2017-04-22 10:00:00,44.708333333333336,48.194252014160156,44.45591669946502,48.194252,-3.4859186808268205,3.4859186808268205
2017-04-22 11:00:00,46.708333333333336,45.46546173095703,42.61370285848821,45.46546,1.2428716023763045,1.2428716023763045
2017-04-22 12:00:00,47.5,42.43397521972656,44.000464454421454,42.433975,5.0660247802734375,5.0660247802734375
2017-04-22 13:00:00,48.208333333333336,46.113739013671875,48.20637230706074,46.11374,2.0945943196614607,2.0945943196614607
2017-04-22 14:00:00,49.0,47.70582580566406,47.78779582556303,47.705826,1.2941741943359375,1.2941741943359375
2017-04-22 15:00:00,49.666666666666664,47.29932403564453,46.6742286902301,47.299324,2.367342631022133,2.367342631022133
2017-04-22 16:00:00,50.208333333333336,49.86195755004883,46.38023688019607,49.861958,0.3463757832845076,0.3463757832845076
2017-04-22 17:00:00,51.333333333333336,47.45070266723633,45.951935448766534,47.450703,3.8826306660970076,3.8826306660970076
2017-04-22 18:00:00,52.458333333333336,48.216514587402344,46.19701130382623,48.216515,4.241818745930992,4.241818745930992
2017-04-22 19:00:00,53.333333333333336,48.20433807373047,47.66526474653727,48.204338,5.128995259602867,5.128995259602867
2017-04-22 20:00:00,54.75,48.809749603271484,47.17246895679634,48.80975,5.940250396728516,5.940250396728516
2017-04-22 21:00:00,56.208333333333336,47.35881042480469,44.355196564141316,47.35881,8.849522908528648,8.849522908528648
2017-04-22 22:00:00,56.625,44.387733459472656,46.43657242465618,44.387733,12.237266540527344,12.237266540527344
2017-04-22 23:00:00,55.958333333333336,46.70754623413086,46.04172551508578,46.707546,9.250787099202476,9.250787099202476
2017-04-23 00:00:00,55.208333333333336,46.992427825927734,47.144449924940794,46.992428,8.215905507405601,8.215905507405601
2017-04-23 01:00:00,55.75,47.96114730834961,47.84513689073004,47.961147,7.788852691650391,7.788852691650391
2017-04-23 02:00:00,56.375,47.049705505371094,45.38472176574111,47.049706,9.325294494628906,9.325294494628906
2017-04-23 03:00:00,57.625,44.85613250732422,40.45067644289987,44.856133,12.768867492675781,12.768867492675781
2017-04-23 04:00:00,58.583333333333336,47.02223205566406,44.97544938854941,47.022232,11.561101277669273,11.561101277669273
2017-04-23 05:00:00,58.083333333333336,47.464210510253906,47.304306396000904,47.46421,10.61912282307943,10.61912282307943
2017-04-23 06:00:00,56.791666666666664,55.867027282714844,53.88827174049326,55.867027,0.9246393839518205,0.9246393839518205
2017-04-23 07:00:00,55.875,64.86320495605469,61.283282885226896,64.863205,-8.988204956054688,8.988204956054688
2017-04-23 08:00:00,56.5,60.19755172729492,57.38398235631473,60.19755,-3.697551727294922,3.697551727294922
2017-04-23 09:00:00,54.291666666666664,61.60566711425781,56.82850433913711,61.605667,-7.314000447591148,7.314000447591148
2017-04-23 10:00:00,53.666666666666664,56.83205795288086,56.26971141943162,56.832058,-3.165391286214195,3.165391286214195
2017-04-23 11:00:00,52.25,60.98712921142578,57.22741301447383,60.98713,-8.737129211425781,8.737129211425781
2017-04-23 12:00:00,49.958333333333336,64.1933822631836,60.892890123855466,64.19338,-14.235048929850258,14.235048929850258
2017-04-23 13:00:00,49.0,64.75738525390625,61.47002881813923,64.757385,-15.75738525390625,15.75738525390625
2017-04-23 14:00:00,49.333333333333336,63.023372650146484,59.90829316291849,63.023373,-13.690039316813149,13.690039316813149
2017-04-23 15:00:00,49.541666666666664,58.5627555847168,57.1881836856936,58.562756,-9.021088918050133,9.021088918050133
2017-04-23 16:00:00,49.041666666666664,57.43032455444336,56.57322003918055,57.430325,-8.388657887776695,8.388657887776695
2017-04-23 17:00:00,47.375,57.67848205566406,57.94043097859197,57.678482,-10.303482055664062,10.303482055664062
2017-04-23 18:00:00,46.416666666666664,54.5129508972168,56.08807743478774,54.51295,-8.096284230550133,8.096284230550133
2017-04-23 19:00:00,45.458333333333336,58.79882049560547,59.56783967342387,58.79882,-13.340487162272133,13.340487162272133
2017-04-23 20:00:00,44.75,53.81798553466797,55.45382249937314,53.817986,-9.067985534667969,9.067985534667969
2017-04-23 21:00:00,44.208333333333336,54.75720977783203,55.139969552739096,54.75721,-10.548876444498696,10.548876444498696
2017-04-23 22:00:00,43.625,51.31325912475586,52.38745035592199,51.31326,-7.688259124755859,7.688259124755859
2017-04-23 23:00:00,44.416666666666664,48.85380554199219,49.143802165081446,48.853806,-4.437138875325523,4.437138875325523
2017-04-24 00:00:00,45.125,50.559810638427734,49.20648217392598,50.55981,-5.434810638427734,5.434810638427734
2017-04-24 01:00:00,44.958333333333336,51.68586730957031,53.79837496364466,51.685867,-6.727533976236977,6.727533976236977
2017-04-24 02:00:00,44.833333333333336,56.782997131347656,54.72424441351145,56.782997,-11.94966379801432,11.94966379801432
2017-04-24 03:00:00,44.25,55.2305908203125,55.01148376477852,55.23059,-10.9805908203125,10.9805908203125
2017-04-24 04:00:00,44.666666666666664,53.14814376831055,54.99154222505331,53.148144,-8.481477101643883,8.481477101643883
2017-04-24 05:00:00,48.041666666666664,53.783084869384766,53.675288692223454,53.783085,-5.741418202718101,5.741418202718101
2017-04-24 06:00:00,49.875,58.71282196044922,56.57355849673021,58.712822,-8.837821960449219,8.837821960449219
2017-04-24 07:00:00,50.208333333333336,56.286521911621094,54.99882624775874,56.286522,-6.078188578287758,6.078188578287758
2017-04-24 08:00:00,52.625,59.29018020629883,58.046454720633605,59.29018,-6.665180206298828,6.665180206298828
2017-04-24 09:00:00,54.75,55.41360092163086,53.215616360101514,55.4136,-0.6636009216308594,0.6636009216308594
2017-04-24 10:00:00,56.083333333333336,52.516143798828125,51.58953571194873,52.516144,3.5671895345052107,3.5671895345052107
2017-04-24 11:00:00,57.333333333333336,54.03046417236328,55.04299451622218,54.030464,3.3028691609700545,3.3028691609700545
2017-04-24 12:00:00,58.625,48.510536193847656,48.36333012453199,48.510536,10.114463806152344,10.114463806152344
2017-04-24 13:00:00,58.958333333333336,51.058937072753906,52.57618108600603,51.058937,7.8993962605794295,7.8993962605794295
2017-04-24 14:00:00,57.791666666666664,53.545989990234375,55.391363511662554,53.54599,4.245676676432289,4.245676676432289
2017-04-24 15:00:00,58.25,50.018795013427734,53.21226740236256,50.018795,8.231204986572266,8.231204986572266
2017-04-24 16:00:00,59.5,53.96598434448242,54.536813952372334,53.965984,5.534015655517578,5.534015655517578
2017-04-24 17:00:00,60.916666666666664,51.44768142700195,50.77110791509475,51.44768,9.468985239664711,9.468985239664711
2017-04-24 18:00:00,62.791666666666664,53.86198043823242,53.2187335892935,53.86198,8.929686228434242,8.929686228434242
2017-04-24 19:00:00,64.83333333333333,52.71266555786133,51.353713051241016,52.712666,12.120667775472,12.120667775472
2017-04-24 20:00:00,65.375,53.567527770996094,53.64204262973827,53.567528,11.807472229003906,11.807472229003906
2017-04-24 21:00:00,65.41666666666667,52.94443893432617,54.5994014555029,52.94444,12.4722277323405,12.4722277323405
2017-04-24 22:00:00,65.33333333333333,50.80867385864258,50.60283364041044,50.808674,14.52465947469075,14.52465947469075
2017-04-24 23:00:00,64.54166666666667,51.5279426574707,49.955721446838574,51.527943,13.013724009195968,13.013724009195968
2017-04-25 00:00:00,64.5,50.62588119506836,50.78216378722884,50.62588,13.87411880493164,13.87411880493164
2017-04-25 01:00:00,66.625,52.64451599121094,51.93398687255873,52.644516,13.980484008789062,13.980484008789062
2017-04-25 02:00:00,66.83333333333333,50.14918518066406,52.313367283049644,50.149185,16.684148152669266,16.684148152669266
2017-04-25 03:00:00,68.33333333333333,48.52189636230469,51.002636899025596,48.521896,19.81143697102864,19.81143697102864
2017-04-25 04:00:00,70.79166666666667,51.204532623291016,53.83440970222807,51.204533,19.587134043375656,19.587134043375656
2017-04-25 05:00:00,70.91666666666667,52.58795166015625,56.06790810091231,52.58795,18.32871500651042,18.32871500651042
2017-04-25 06:00:00,68.41666666666667,55.900230407714844,57.49044912340868,55.90023,12.516436258951828,12.516436258951828
2017-04-25 07:00:00,69.58333333333333,51.370418548583984,54.5417700237139,51.37042,18.212914784749344,18.212914784749344
2017-04-25 08:00:00,69.75,45.5980224609375,52.95875480554057,45.598022,24.1519775390625,24.1519775390625
2017-04-25 09:00:00,69.33333333333333,46.90564727783203,50.79770128070726,46.905647,22.427686055501297,22.427686055501297
2017-04-25 10:00:00,68.83333333333333,50.360469818115234,52.616520814098635,50.36047,18.472863515218094,18.472863515218094
2017-04-25 11:00:00,68.625,51.92201232910156,51.98347148688718,51.922012,16.702987670898438,16.702987670898438
2017-04-25 12:00:00,68.58333333333333,53.39778518676758,51.717700203531834,53.397785,15.18554814656575,15.18554814656575
2017-04-25 13:00:00,68.66666666666667,53.77008056640625,52.3400836987365,53.77008,14.896586100260421,14.896586100260421
2017-04-25 14:00:00,68.79166666666667,54.76279067993164,52.63334392137473,54.76279,14.02887598673503,14.02887598673503
2017-04-25 15:00:00,68.83333333333333,55.45268249511719,54.09786100807486,55.452682,13.380650838216141,13.380650838216141
2017-04-25 16:00:00,68.58333333333333,54.79087829589844,53.37322176173235,54.79088,13.792455037434891,13.792455037434891
2017-04-25 17:00:00,68.41666666666667,54.305484771728516,53.07808428065707,54.305485,14.111181894938156,14.111181894938156
2017-04-25 18:00:00,68.0,49.911865234375,52.56500130914862,49.911865,18.088134765625,18.088134765625
2017-04-25 19:00:00,67.08333333333333,52.52043914794922,55.14499004191099,52.52044,14.56289418538411,14.56289418538411
2017-04-25 20:00:00,66.91666666666667,52.98196792602539,55.345444572129864,52.981968,13.93469874064128,13.93469874064128
2017-04-25 21:00:00,67.625,54.126251220703125,53.48860332822356,54.12625,13.498748779296875,13.498748779296875
2017-04-25 22:00:00,69.0,55.05052947998047,54.40466057511904,55.05053,13.949470520019531,13.949470520019531
2017-04-25 23:00:00,71.04166666666667,54.249664306640625,53.791559045702165,54.249664,16.792002360026046,16.792002360026046
2017-04-26 00:00:00,72.25,56.16412353515625,54.4781871748269,56.164124,16.08587646484375,16.08587646484375
2017-04-26 01:00:00,70.45833333333333,57.665401458740234,59.18922147776786,57.6654,12.792931874593094,12.792931874593094
2017-04-26 02:00:00,70.75,56.27464294433594,53.84687128864206,56.274643,14.475357055664062,14.475357055664062
2017-04-26 03:00:00,70.125,57.607513427734375,56.11732919132861,57.607513,12.517486572265625,12.517486572265625
2017-04-26 04:00:00,66.625,57.7022590637207,58.41301900458156,57.70226,8.922740936279297,8.922740936279297
2017-04-26 05:00:00,65.54166666666667,58.412723541259766,57.31384058817657,58.412724,7.128943125406906,7.128943125406906
2017-04-26 06:00:00,64.54166666666667,59.0142822265625,56.032688513399776,59.014282,5.527384440104171,5.527384440104171
2017-04-26 07:00:00,62.958333333333336,58.02829360961914,55.877473239075805,58.028294,4.930039723714195,4.930039723714195
2017-04-26 08:00:00,60.166666666666664,59.054195404052734,56.29727962693743,59.054195,1.11247126261393,1.11247126261393
2017-04-26 09:00:00,59.75,58.47505569458008,55.730808495886784,58.475056,1.2749443054199219,1.2749443054199219
2017-04-26 10:00:00,59.416666666666664,59.2948112487793,54.31944393258896,59.29481,0.12185541788736742,0.12185541788736742
2017-04-26 11:00:00,59.208333333333336,59.603843688964844,55.002312296324725,59.603844,-0.39551035563150805,0.39551035563150805
2017-04-26 12:00:00,59.5,59.2896614074707,54.15989988155265,59.28966,0.21033859252929688,0.21033859252929688
2017-04-26 13:00:00,59.333333333333336,60.2655029296875,56.947252265318596,60.265503,-0.9321695963541643,0.9321695963541643
2017-04-26 14:00:00,59.0,61.731075286865234,57.42865426949513,61.731075,-2.7310752868652344,2.7310752868652344
2017-04-26 15:00:00,58.625,60.821556091308594,57.459093607071644,60.821556,-2.1965560913085938,2.1965560913085938
2017-04-26 16:00:00,58.708333333333336,59.3369026184082,57.34662912316629,59.336903,-0.6285692850748674,0.6285692850748674
2017-04-26 17:00:00,59.0,58.00994873046875,57.62597945600727,58.00995,0.99005126953125,0.99005126953125
2017-04-26 18:00:00,58.416666666666664,61.07212448120117,59.64602958310444,61.072124,-2.6554578145345076,2.6554578145345076
2017-04-26 19:00:00,59.291666666666664,60.97245407104492,58.41813146309503,60.972454,-1.6807874043782576,1.6807874043782576
2017-04-26 20:00:00,59.791666666666664,57.53812789916992,55.390034687211056,57.538128,2.2535387674967424,2.2535387674967424
2017-04-26 21:00:00,59.708333333333336,55.57759475708008,55.78490049236084,55.577595,4.130738576253258,4.130738576253258
2017-04-26 22:00:00,58.958333333333336,55.72590255737305,56.43170509430641,55.725903,3.232430775960289,3.232430775960289
2017-04-26 23:00:00,58.25,54.23163604736328,55.38456734051723,54.231636,4.018363952636719,4.018363952636719
2017-04-27 00:00:00,58.5,60.35844802856445,57.955415660407674,60.358448,-1.8584480285644531,1.8584480285644531
2017-04-27 01:00:00,58.416666666666664,57.083805084228516,57.02670859925333,57.083805,1.3328615824381487,1.3328615824381487
2017-04-27 02:00:00,58.5,59.66911315917969,58.639493224770966,59.669113,-1.1691131591796875,1.1691131591796875
2017-04-27 03:00:00,58.208333333333336,59.59576416015625,59.73487288059481,59.595764,-1.3874308268229143,1.3874308268229143
2017-04-27 04:00:00,59.041666666666664,57.263248443603516,56.94382347556038,57.26325,1.7784182230631487,1.7784182230631487
2017-04-27 05:00:00,58.5,59.265541076660156,59.43585638646802,59.26554,-0.7655410766601562,0.7655410766601562
2017-04-27 06:00:00,59.833333333333336,57.86503601074219,58.486133998070066,57.865036,1.9682973225911482,1.9682973225911482
2017-04-27 07:00:00,60.166666666666664,59.87004852294922,58.83937649900526,59.87005,0.29661814371744555,0.29661814371744555
2017-04-27 08:00:00,59.875,58.2023811340332,58.58441874682877,58.20238,1.6726188659667969,1.6726188659667969
2017-04-27 09:00:00,60.208333333333336,55.009849548339844,56.70120228043795,55.00985,5.198483784993492,5.198483784993492
2017-04-27 10:00:00,61.041666666666664,54.24347686767578,55.25048408910236,54.243477,6.798189798990883,6.798189798990883
2017-04-27 11:00:00,61.5,53.0595703125,54.77828523324923,53.05957,8.4404296875,8.4404296875
2017-04-27 12:00:00,62.125,53.19668197631836,55.17730082008272,53.196682,8.92831802368164,8.92831802368164
2017-04-27 13:00:00,62.125,53.948455810546875,55.82285696602597,53.948456,8.176544189453125,8.176544189453125
2017-04-27 14:00:00,62.208333333333336,53.87448501586914,55.664152237971315,53.874485,8.333848317464195,8.333848317464195
2017-04-27 15:00:00,62.458333333333336,53.30742645263672,55.29703356834565,53.307426,9.150906880696617,9.150906880696617
2017-04-27 16:00:00,62.458333333333336,52.29844284057617,55.65162961351339,52.298443,10.159890492757164,10.159890492757164
2017-04-27 17:00:00,62.208333333333336,54.60002136230469,56.51203787094874,54.60002,7.608311971028648,7.608311971028648
2017-04-27 18:00:00,62.416666666666664,54.83452224731445,55.976513821552786,54.834522,7.582144419352211,7.582144419352211
2017-04-27 19:00:00,62.25,53.93656539916992,56.08350705054975,53.936565,8.313434600830078,8.313434600830078
2017-04-27 20:00:00,62.916666666666664,56.737220764160156,58.20104424519151,56.73722,6.179445902506508,6.179445902506508
2017-04-27 21:00:00,63.0,57.94098663330078,57.87497282904588,57.940987,5.059013366699219,5.059013366699219
2017-04-27 22:00:00,64.08333333333333,56.93471908569336,55.92752065986526,56.93472,7.148614247639969,7.148614247639969
2017-04-27 23:00:00,63.958333333333336,56.596134185791016,55.93486134281706,56.596134,7.36219914754232,7.36219914754232
2017-04-28 00:00:00,63.208333333333336,57.41370391845703,59.18144933708314,57.413704,5.7946294148763045,5.7946294148763045
2017-04-28 01:00:00,63.333333333333336,58.38182067871094,59.20315655433126,58.38182,4.951512654622398,4.951512654622398
2017-04-28 02:00:00,63.583333333333336,58.0865592956543,58.002522035185905,58.08656,5.496774037679039,5.496774037679039
2017-04-28 03:00:00,63.375,58.201995849609375,57.7507426134752,58.201996,5.173004150390625,5.173004150390625
2017-04-28 04:00:00,61.416666666666664,58.170631408691406,60.49940699543872,58.17063,3.246035257975258,3.246035257975258
2017-04-28 05:00:00,58.708333333333336,59.99311828613281,60.72099960863752,59.99312,-1.2847849527994768,1.2847849527994768
2017-04-28 06:00:00,56.125,58.08913803100586,59.801648627596286,58.089138,-1.9641380310058594,1.9641380310058594
2017-04-28 07:00:00,54.208333333333336,58.206298828125,60.099675328640636,58.2063,-3.9979654947916643,3.9979654947916643
2017-04-28 08:00:00,53.041666666666664,55.98324203491211,58.42711553462036,55.983242,-2.941575368245445,2.941575368245445
2017-04-28 09:00:00,51.583333333333336,58.344120025634766,58.65813379065516,58.34412,-6.76078669230143,6.76078669230143
2017-04-28 10:00:00,50.25,59.915550231933594,58.49739574646112,59.91555,-9.665550231933594,9.665550231933594
2017-04-28 11:00:00,49.791666666666664,57.83340072631836,57.41989245135661,57.8334,-8.041734059651695,8.041734059651695
2017-04-28 12:00:00,49.291666666666664,59.574501037597656,58.81537938456856,59.5745,-10.282834370930992,10.282834370930992
2017-04-28 13:00:00,49.541666666666664,60.191402435302734,58.221022700018885,60.191402,-10.64973576863607,10.64973576863607
2017-04-28 14:00:00,50.041666666666664,59.410709381103516,58.12172563293055,59.41071,-9.369042714436851,9.369042714436851
2017-04-28 15:00:00,49.5,60.5706787109375,58.585340703207116,60.57068,-11.0706787109375,11.0706787109375
2017-04-28 16:00:00,49.291666666666664,60.049171447753906,58.302753945894366,60.04917,-10.757504781087242,10.757504781087242
2017-04-28 17:00:00,49.125,60.228057861328125,58.807121876901206,60.228058,-11.103057861328125,11.103057861328125
2017-04-28 18:00:00,49.125,57.540828704833984,58.93664087976519,57.54083,-8.415828704833984,8.415828704833984
2017-04-28 19:00:00,48.208333333333336,62.40478515625,61.33421936911436,62.404785,-14.196451822916664,14.196451822916664
2017-04-28 20:00:00,47.875,63.539756774902344,61.355462196815466,63.539757,-15.664756774902344,15.664756774902344
2017-04-28 21:00:00,46.25,60.60917663574219,61.55031291489828,60.609177,-14.359176635742188,14.359176635742188
2017-04-28 22:00:00,44.125,62.53280258178711,62.02193199097222,62.532803,-18.40780258178711,18.40780258178711
2017-04-28 23:00:00,43.541666666666664,59.587791442871094,58.34358321069158,59.58779,-16.04612477620443,16.04612477620443
2017-04-29 00:00:00,42.583333333333336,58.07880401611328,57.63019598340099,58.078804,-15.495470682779946,15.495470682779946
2017-04-29 01:00:00,42.625,57.47797393798828,57.70089221792053,57.477974,-14.852973937988281,14.852973937988281
2017-04-29 02:00:00,44.875,59.84534454345703,58.81533476498906,59.845345,-14.970344543457031,14.970344543457031
2017-04-29 03:00:00,48.625,57.751224517822266,56.366878569484754,57.751225,-9.126224517822266,9.126224517822266
2017-04-29 04:00:00,49.666666666666664,54.13622283935547,52.65477899774418,54.136223,-4.4695561726888045,4.4695561726888045
2017-04-29 05:00:00,50.583333333333336,46.90467834472656,47.53474067079305,46.90468,3.678654988606773,3.678654988606773
2017-04-29 06:00:00,50.583333333333336,50.38811111450195,52.012595266434566,50.38811,0.19522221883138258,0.19522221883138258
2017-04-29 07:00:00,50.958333333333336,52.3896484375,52.85118943966907,52.38965,-1.4313151041666643,1.4313151041666643
2017-04-29 08:00:00,52.5,52.855712890625,53.22853394998533,52.855713,-0.355712890625,0.355712890625
2017-04-29 09:00:00,54.791666666666664,51.56513977050781,52.7811821151543,51.56514,3.226526896158852,3.226526896158852
2017-04-29 10:00:00,56.333333333333336,50.36161804199219,51.92704089987537,50.361618,5.971715291341148,5.971715291341148
2017-04-29 11:00:00,57.041666666666664,50.83143997192383,51.355721026963444,50.83144,6.210226694742836,6.210226694742836
2017-04-29 12:00:00,59.291666666666664,52.09225845336914,52.26267238752895,52.09226,7.199408213297524,7.199408213297524
2017-04-29 13:00:00,58.958333333333336,53.89390182495117,53.59803409020902,53.8939,5.064431508382164,5.064431508382164
2017-04-29 14:00:00,58.625,55.804908752441406,55.81650516398132,55.80491,2.8200912475585938,2.8200912475585938
2017-04-29 15:00:00,58.833333333333336,51.53326416015625,52.30701187439474,51.533264,7.300069173177086,7.300069173177086
2017-04-29 16:00:00,59.125,53.334781646728516,52.282859016451006,53.33478,5.790218353271484,5.790218353271484
2017-04-29 17:00:00,59.166666666666664,54.89305114746094,57.181740747305724,54.89305,4.273615519205727,4.273615519205727
2017-04-29 18:00:00,58.791666666666664,53.31203842163086,53.45767625296575,53.31204,5.479628245035805,5.479628245035805
2017-04-29 19:00:00,58.25,55.17392349243164,52.335909474854724,55.173923,3.0760765075683594,3.0760765075683594
2017-04-29 20:00:00,57.208333333333336,53.23163986206055,53.22555244562229,53.23164,3.976693471272789,3.976693471272789
2017-04-29 21:00:00,58.666666666666664,43.858009338378906,45.981931102836775,43.85801,14.808657328287758,14.808657328287758
2017-04-29 22:00:00,60.291666666666664,44.5025520324707,47.74253803907393,44.502552,15.789114634195961,15.789114634195961
2017-04-29 23:00:00,59.666666666666664,49.15370178222656,51.64078124669313,49.1537,10.512964884440102,10.512964884440102
2017-04-30 00:00:00,59.416666666666664,49.137725830078125,51.015890287218326,49.137726,10.27894083658854,10.27894083658854
2017-04-30 01:00:00,58.291666666666664,52.944541931152344,51.929926906668534,52.944542,5.3471247355143205,5.3471247355143205
2017-04-30 02:00:00,54.708333333333336,58.25418472290039,57.13761276735209,58.254185,-3.545851389567055,3.545851389567055
2017-04-30 03:00:00,50.875,61.664703369140625,58.58306464010859,61.664703,-10.789703369140625,10.789703369140625
2017-04-30 04:00:00,50.416666666666664,55.04241180419922,54.35879131788212,55.04241,-4.6257451375325545,4.6257451375325545
2017-04-30 05:00:00,50.416666666666664,55.14960861206055,56.00671084151937,55.14961,-4.732941945393883,4.732941945393883
2017-04-30 06:00:00,50.291666666666664,51.47311019897461,51.19593210153178,51.47311,-1.181443532307945,1.181443532307945
2017-04-30 07:00:00,49.416666666666664,52.24318313598633,53.7164477692237,52.243183,-2.826516469319664,2.826516469319664
2017-04-30 08:00:00,47.666666666666664,53.61341094970703,54.127683734743,53.61341,-5.946744283040367,5.946744283040367
2017-04-30 09:00:00,44.875,54.81727600097656,54.99502068035373,54.817276,-9.942276000976562,9.942276000976562
2017-04-30 10:00:00,43.125,56.596832275390625,56.61547269481201,56.596832,-13.471832275390625,13.471832275390625
2017-04-30 11:00:00,42.708333333333336,58.10565948486328,57.077183036124765,58.10566,-15.397326151529946,15.397326151529946
2017-04-30 12:00:00,40.375,57.77680206298828,58.06858903633234,57.776802,-17.40180206298828,17.40180206298828
2017-04-30 13:00:00,39.958333333333336,54.46905517578125,54.25659743287304,54.469055,-14.510721842447914,14.510721842447914
2017-04-30 14:00:00,39.083333333333336,52.33591842651367,54.24001585196074,52.33592,-13.252585093180336,13.252585093180336
2017-04-30 15:00:00,38.625,52.43320083618164,54.285580286166486,52.4332,-13.80820083618164,13.80820083618164
2017-04-30 16:00:00,38.25,51.460453033447266,53.828778403687025,51.460453,-13.210453033447266,13.210453033447266
2017-04-30 17:00:00,38.0,49.32939147949219,51.02187639112167,49.32939,-11.329391479492188,11.329391479492188
2017-04-30 18:00:00,38.166666666666664,52.81101989746094,52.687362535404944,52.81102,-14.644353230794273,14.644353230794273
2017-04-30 19:00:00,39.291666666666664,50.656211853027344,51.72131584031236,50.65621,-11.36454518636068,11.36454518636068
2017-04-30 20:00:00,40.5,51.042808532714844,52.269352493059884,51.04281,-10.542808532714844,10.542808532714844
2017-04-30 21:00:00,40.5,54.666961669921875,57.148985570272146,54.66696,-14.166961669921875,14.166961669921875
2017-04-30 22:00:00,39.333333333333336,54.55630111694336,56.17572154936947,54.5563,-15.222967783610024,15.222967783610024
2017-04-30 23:00:00,39.958333333333336,48.22307586669922,50.011006214728255,48.223076,-8.264742533365883,8.264742533365883
2017-05-01 00:00:00,40.0,50.94288635253906,51.32841782290491,50.942886,-10.942886352539062,10.942886352539062
2017-05-01 01:00:00,39.791666666666664,48.82239532470703,50.60171470960919,48.822395,-9.030728658040367,9.030728658040367
2017-05-01 02:00:00,40.208333333333336,45.583099365234375,48.156187086331585,45.5831,-5.374766031901039,5.374766031901039
2017-05-01 03:00:00,39.666666666666664,50.814308166503906,50.77319787526597,50.81431,-11.147641499837242,11.147641499837242
2017-05-01 04:00:00,39.125,52.6451416015625,52.90438016565275,52.64514,-13.5201416015625,13.5201416015625
2017-05-01 05:00:00,38.958333333333336,50.994606018066406,51.36422040638196,50.994606,-12.03627268473307,12.03627268473307
2017-05-01 06:00:00,39.583333333333336,52.31046676635742,51.72962712170515,52.310467,-12.727133433024086,12.727133433024086
2017-05-01 07:00:00,39.666666666666664,52.532936096191406,51.825336103922886,52.532936,-12.866269429524742,12.866269429524742
2017-05-01 08:00:00,39.583333333333336,53.87831115722656,53.16502280879251,53.87831,-14.294977823893227,14.294977823893227
2017-05-01 09:00:00,39.875,52.246849060058594,52.258999500265126,52.24685,-12.371849060058594,12.371849060058594
2017-05-01 10:00:00,39.958333333333336,52.729820251464844,52.63144001316627,52.72982,-12.771486918131508,12.771486918131508
2017-05-01 11:00:00,39.458333333333336,54.44635009765625,53.18741818768004,54.44635,-14.988016764322914,14.988016764322914
2017-05-01 12:00:00,39.375,55.073760986328125,53.53307580047837,55.07376,-15.698760986328125,15.698760986328125
2017-05-01 13:00:00,40.125,51.15013885498047,50.61146584437281,51.15014,-11.025138854980469,11.025138854980469
2017-05-01 14:00:00,40.541666666666664,50.08679962158203,47.15758678374054,50.0868,-9.545132954915367,9.545132954915367
2017-05-01 15:00:00,40.666666666666664,49.39741897583008,47.62469407386379,49.39742,-8.730752309163414,8.730752309163414
2017-05-01 16:00:00,40.166666666666664,51.53199768066406,48.027767089426284,51.531998,-11.365331013997398,11.365331013997398
2017-05-01 17:00:00,39.708333333333336,53.009979248046875,52.26522999618046,53.00998,-13.30164591471354,13.30164591471354
2017-05-01 18:00:00,38.791666666666664,53.68003463745117,53.306841470175364,53.680035,-14.888367970784508,14.888367970784508
2017-05-01 19:00:00,38.125,56.88771057128906,58.17344326299417,56.88771,-18.762710571289062,18.762710571289062
2017-05-01 20:00:00,37.75,53.584320068359375,54.70940943724164,53.58432,-15.834320068359375,15.834320068359375
2017-05-01 21:00:00,40.083333333333336,55.40007019042969,56.58837326088815,55.40007,-15.316736857096352,15.316736857096352
2017-05-01 22:00:00,47.125,52.72077178955078,54.61420024282976,52.72077,-5.595771789550781,5.595771789550781
2017-05-01 23:00:00,52.458333333333336,50.00251007080078,51.34933559909896,50.00251,2.4558232625325545,2.4558232625325545
2017-05-02 00:00:00,57.666666666666664,46.008018493652344,45.568602424007345,46.00802,11.65864817301432,11.65864817301432
2017-05-02 01:00:00,63.25,48.90890121459961,48.34631368002983,48.9089,14.34109878540039,14.34109878540039
2017-05-02 02:00:00,67.79166666666667,53.57917404174805,51.01959121703749,53.579174,14.212492624918625,14.212492624918625
2017-05-02 03:00:00,70.20833333333333,47.51091766357422,47.52849343606332,47.510918,22.69741566975911,22.69741566975911
2017-05-02 04:00:00,71.875,47.78348922729492,44.99342031170552,47.78349,24.091510772705078,24.091510772705078
2017-05-02 05:00:00,74.16666666666667,49.1909294128418,47.43224137677132,49.19093,24.975737253824875,24.975737253824875
2017-05-02 06:00:00,80.95833333333333,50.97669982910156,50.8400944945774,50.9767,29.981633504231766,29.981633504231766
2017-05-02 07:00:00,88.16666666666667,49.2499885559082,47.37087930160578,49.24999,38.91667811075847,38.91667811075847
2017-05-02 08:00:00,90.29166666666667,49.568172454833984,47.7581264290894,49.568172,40.72349421183269,40.72349421183269
2017-05-02 09:00:00,91.29166666666667,50.595611572265625,49.88543224971027,50.59561,40.696055094401046,40.696055094401046
2017-05-02 10:00:00,91.83333333333333,50.583518981933594,48.62920950180858,50.58352,41.249814351399735,41.249814351399735
2017-05-02 11:00:00,92.0,50.678958892822266,49.39523090184721,50.67896,41.321041107177734,41.321041107177734
2017-05-02 12:00:00,91.625,52.40863037109375,52.8673694550473,52.40863,39.21636962890625,39.21636962890625
2017-05-02 13:00:00,91.16666666666667,51.01158142089844,50.682525045705724,51.01158,40.155085245768234,40.155085245768234
2017-05-02 14:00:00,91.125,48.4269905090332,50.05269243425768,48.42699,42.6980094909668,42.6980094909668
2017-05-02 15:00:00,91.83333333333333,49.55550003051758,47.495988274234925,49.5555,42.27783330281575,42.27783330281575
2017-05-02 16:00:00,92.70833333333333,49.62472152709961,48.78483318366538,49.62472,43.08361180623372,43.08361180623372
2017-05-02 17:00:00,93.625,49.42802047729492,49.67746348392592,49.42802,44.19697952270508,44.19697952270508
2017-05-02 18:00:00,94.41666666666667,48.07546615600586,50.020839357695195,48.075466,46.34120051066081,46.34120051066081
2017-05-02 19:00:00,95.41666666666667,47.415584564208984,48.10643801706715,47.415585,48.00108210245769,48.00108210245769
2017-05-02 20:00:00,97.33333333333333,46.37100601196289,47.85390127242612,46.371006,50.96232732137044,50.96232732137044
2017-05-02 21:00:00,95.95833333333333,51.283042907714844,55.4610260082152,51.283043,44.675290425618485,44.675290425618485
2017-05-02 22:00:00,91.45833333333333,56.27870178222656,54.299783772624004,56.2787,35.179631551106766,35.179631551106766
2017-05-02 23:00:00,91.125,60.232364654541016,61.07509949626023,60.232365,30.892635345458984,30.892635345458984
2017-05-03 00:00:00,90.91666666666667,59.39635467529297,59.03962324775012,59.396355,31.520311991373703,31.520311991373703
2017-05-03 01:00:00,86.29166666666667,66.66775512695312,66.927271424471,66.667755,19.623911539713546,19.623911539713546
2017-05-03 02:00:00,82.375,61.95994567871094,61.8730091918125,61.959946,20.415054321289062,20.415054321289062
2017-05-03 03:00:00,81.125,59.84435272216797,58.04327275161638,59.844353,21.28064727783203,21.28064727783203
2017-05-03 04:00:00,80.375,57.639469146728516,56.022256509434996,57.63947,22.735530853271484,22.735530853271484
2017-05-03 05:00:00,78.95833333333333,61.467132568359375,61.485951375530455,61.467133,17.491200764973954,17.491200764973954
2017-05-03 06:00:00,73.625,67.05145263671875,62.1531427037063,67.05145,6.57354736328125,6.57354736328125
2017-05-03 07:00:00,68.83333333333333,67.06509399414062,63.303427151117305,67.065094,1.7682393391927036,1.7682393391927036
2017-05-03 08:00:00,66.20833333333333,58.74506759643555,61.37873649033625,58.745068,7.463265736897782,7.463265736897782
2017-05-03 09:00:00,64.875,61.66381072998047,58.29278068764598,61.66381,3.2111892700195312,3.2111892700195312
2017-05-03 10:00:00,63.958333333333336,59.630760192871094,55.65675270749294,59.63076,4.327573140462242,4.327573140462242
2017-05-03 11:00:00,63.583333333333336,58.7283935546875,55.21135160238123,58.728394,4.854939778645836,4.854939778645836
2017-05-03 12:00:00,64.04166666666667,54.98044967651367,54.21035689733457,54.98045,9.061216990153,9.061216990153
2017-05-03 13:00:00,63.583333333333336,56.29156494140625,56.07424261323344,56.291565,7.291768391927086,7.291768391927086
2017-05-03 14:00:00,63.666666666666664,59.18567657470703,57.368133520328335,59.185677,4.480990091959633,4.480990091959633
2017-05-03 15:00:00,63.583333333333336,67.14263916015625,65.33516128626579,67.14264,-3.5593058268229143,3.5593058268229143
2017-05-03 16:00:00,63.541666666666664,68.57682800292969,68.43246397817317,68.57683,-5.035161336263023,5.035161336263023
2017-05-03 17:00:00,63.958333333333336,66.19063568115234,65.11588249152642,66.190636,-2.232302347819008,2.232302347819008
2017-05-03 18:00:00,64.25,67.65387725830078,65.6908914617019,67.65388,-3.4038772583007812,3.4038772583007812
2017-05-03 19:00:00,64.125,71.27971649169922,68.04802193126301,71.27972,-7.154716491699219,7.154716491699219
2017-05-03 20:00:00,62.583333333333336,69.94770812988281,71.39401496710394,69.94771,-7.364374796549477,7.364374796549477
2017-05-03 21:00:00,62.625,66.79695892333984,67.9196366294452,66.79696,-4.171958923339844,4.171958923339844
2017-05-03 22:00:00,63.291666666666664,68.7877426147461,67.50493716055293,68.78774,-5.4960759480794295,5.4960759480794295
2017-05-03 23:00:00,60.708333333333336,70.1236801147461,70.97085324391742,70.12368,-9.415346781412758,9.415346781412758
2017-05-04 00:00:00,57.916666666666664,72.09255981445312,70.52963814324298,72.09256,-14.17589314778646,14.17589314778646
2017-05-04 01:00:00,57.875,62.09685134887695,61.81348670435988,62.09685,-4.221851348876953,4.221851348876953
2017-05-04 02:00:00,59.666666666666664,61.47947692871094,60.16609832917053,61.479477,-1.8128102620442732,1.8128102620442732
2017-05-04 03:00:00,62.875,59.084197998046875,58.26327094137869,59.084198,3.790802001953125,3.790802001953125
2017-05-04 04:00:00,64.5,57.461307525634766,56.13265414871408,57.461308,7.038692474365234,7.038692474365234
2017-05-04 05:00:00,66.54166666666667,59.544654846191406,60.4161517000574,59.544655,6.997011820475265,6.997011820475265
2017-05-04 06:00:00,67.33333333333333,64.57990264892578,63.13458766904942,64.5799,2.7534306844075473,2.7534306844075473
2017-05-04 07:00:00,65.95833333333333,58.18150329589844,56.95742393672581,58.181503,7.776830037434891,7.776830037434891
2017-05-04 08:00:00,67.33333333333333,47.367767333984375,47.0016602033651,47.367767,19.965565999348954,19.965565999348954
2017-05-04 09:00:00,68.25,52.55915451049805,49.861316462466654,52.559155,15.690845489501953,15.690845489501953
2017-05-04 10:00:00,69.58333333333333,46.9229736328125,44.34705310914127,46.922974,22.66035970052083,22.66035970052083
2017-05-04 11:00:00,70.29166666666667,49.56855392456055,47.44869807402061,49.568554,20.723112742106125,20.723112742106125
2017-05-04 12:00:00,70.125,50.50130081176758,48.61098779558848,50.5013,19.623699188232422,19.623699188232422
2017-05-04 13:00:00,70.5,51.970184326171875,49.7863650074456,51.970184,18.529815673828125,18.529815673828125
2017-05-04 14:00:00,70.58333333333333,55.825111389160156,51.99827383428858,55.82511,14.758221944173172,14.758221944173172
2017-05-04 15:00:00,70.16666666666667,62.85667037963867,57.339098072481626,62.85667,7.3099962870279995,7.3099962870279995
2017-05-04 16:00:00,69.625,54.9444465637207,50.86665121739345,54.944447,14.680553436279297,14.680553436279297
2017-05-04 17:00:00,68.29166666666667,63.6412467956543,59.244380344576484,63.641247,4.6504198710123745,4.6504198710123745
2017-05-04 18:00:00,67.5,66.40281677246094,61.59310659472454,66.40282,1.0971832275390625,1.0971832275390625
2017-05-04 19:00:00,66.33333333333333,60.125850677490234,55.68427481014573,60.12585,6.207482655843094,6.207482655843094
2017-05-04 20:00:00,64.875,57.181678771972656,53.04619169368006,57.18168,7.693321228027344,7.693321228027344
2017-05-04 21:00:00,63.375,54.050514221191406,53.06110041572581,54.050514,9.324485778808594,9.324485778808594
2017-05-04 22:00:00,60.958333333333336,52.59400177001953,52.572453547574575,52.594,8.364331563313804,8.364331563313804
2017-05-04 23:00:00,59.125,50.78275680541992,52.39676987719071,50.782757,8.342243194580078,8.342243194580078
2017-05-05 00:00:00,57.791666666666664,51.02171325683594,52.756019979940795,51.021713,6.769953409830727,6.769953409830727
2017-05-05 01:00:00,57.791666666666664,46.79848861694336,48.93166640804612,46.79849,10.993178049723305,10.993178049723305
2017-05-05 02:00:00,55.291666666666664,52.83073425292969,54.34781790579363,52.830734,2.460932413736977,2.460932413736977
2017-05-05 03:00:00,51.083333333333336,62.753971099853516,63.03455259190269,62.75397,-11.67063776652018,11.67063776652018
2017-05-05 04:00:00,49.375,59.215309143066406,59.31043795792582,59.21531,-9.840309143066406,9.840309143066406
2017-05-05 05:00:00,46.625,63.64130783081055,63.66857113800524,63.641308,-17.016307830810547,17.016307830810547
2017-05-05 06:00:00,44.625,56.07290267944336,55.83587793023501,56.072903,-11.44790267944336,11.44790267944336
2017-05-05 07:00:00,43.75,55.06187057495117,54.714435539920814,55.06187,-11.311870574951172,11.311870574951172
2017-07-28 10:00:00,43.291666666666664,40.35268783569336,41.35931198536716,40.352688,2.938978830973305,2.938978830973305
2017-07-28 11:00:00,44.333333333333336,39.96073913574219,39.91876384807347,39.96074,4.372594197591148,4.372594197591148
2017-07-28 12:00:00,44.0,38.24783706665039,38.79311216874126,38.247837,5.752162933349609,5.752162933349609
2017-07-28 13:00:00,44.208333333333336,34.0685920715332,34.34422676825219,34.068592,10.139741261800133,10.139741261800133
2017-07-28 14:00:00,44.666666666666664,38.95331573486328,38.87053940888147,38.953316,5.713350931803383,5.713350931803383
2017-07-28 15:00:00,44.583333333333336,37.417686462402344,38.577277012440966,37.417686,7.165646870930992,7.165646870930992
2017-07-28 16:00:00,43.958333333333336,41.064144134521484,41.489481857936596,41.064144,2.8941891988118513,2.8941891988118513
2017-07-28 17:00:00,43.833333333333336,41.887245178222656,41.817956949724454,41.887245,1.9460881551106795,1.9460881551106795
2017-07-28 18:00:00,44.125,39.153690338134766,39.27631428431174,39.15369,4.971309661865234,4.971309661865234
2017-07-28 19:00:00,44.541666666666664,37.495086669921875,38.106123424185064,37.495087,7.046579996744789,7.046579996744789
2017-07-28 20:00:00,44.333333333333336,40.39475631713867,41.72802858225902,40.394756,3.938577016194664,3.938577016194664
2017-07-28 21:00:00,43.75,42.27310562133789,45.25604144230356,42.273106,1.4768943786621094,1.4768943786621094
2017-07-28 22:00:00,44.041666666666664,38.08606719970703,39.88120402748275,38.086067,5.955599466959633,5.955599466959633
2017-07-28 23:00:00,44.291666666666664,38.385719299316406,38.15110346788114,38.38572,5.905947367350258,5.905947367350258
2017-07-29 00:00:00,44.333333333333336,37.71258544921875,36.19228842471698,37.712585,6.620747884114586,6.620747884114586
2017-07-29 01:00:00,43.5,37.003562927246094,38.96707261680319,37.003563,6.496437072753906,6.496437072753906
2017-07-29 02:00:00,43.458333333333336,35.8446044921875,38.017669660287645,35.844604,7.613728841145836,7.613728841145836
2017-07-29 03:00:00,44.458333333333336,33.99186706542969,37.39664418178395,33.991867,10.466466267903648,10.466466267903648
2017-07-29 04:00:00,49.541666666666664,36.099159240722656,38.50193585692195,36.09916,13.442507425944008,13.442507425944008
2017-07-29 05:00:00,55.208333333333336,38.88710021972656,39.82529801116934,38.8871,16.321233113606773,16.321233113606773
2017-07-29 06:00:00,57.708333333333336,36.75850296020508,39.53651949232859,36.758503,20.949830373128258,20.949830373128258
2017-07-29 07:00:00,60.916666666666664,38.20185470581055,41.532757705367224,38.201855,22.714811960856117,22.714811960856117
2017-07-29 08:00:00,60.833333333333336,38.375091552734375,41.77166159068746,38.37509,22.45824178059896,22.45824178059896
2017-07-29 09:00:00,58.5,40.54244613647461,45.693705349478876,40.542446,17.95755386352539,17.95755386352539
2017-07-29 10:00:00,56.375,39.95176696777344,46.311234402032895,39.951767,16.423233032226562,16.423233032226562
2017-07-29 11:00:00,56.208333333333336,38.519187927246094,43.22540013936142,38.519188,17.689145406087242,17.689145406087242
2017-07-29 12:00:00,58.791666666666664,32.24429702758789,36.509332897748244,32.244297,26.547369639078774,26.547369639078774
2017-07-29 13:00:00,60.125,35.51785659790039,37.538676085159935,35.517857,24.60714340209961,24.60714340209961
2017-07-29 14:00:00,60.833333333333336,39.724876403808594,44.48975276407281,39.724876,21.108456929524742,21.108456929524742
2017-07-29 15:00:00,59.875,42.71480941772461,45.993996018136315,42.71481,17.16019058227539,17.16019058227539
2017-07-29 16:00:00,59.916666666666664,39.085479736328125,40.52093041723567,39.08548,20.83118693033854,20.83118693033854
2017-07-29 17:00:00,60.208333333333336,40.260841369628906,42.124379167036906,40.26084,19.94749196370443,19.94749196370443
2017-07-29 18:00:00,59.875,40.61961364746094,43.02900289340848,40.619614,19.255386352539062,19.255386352539062
2017-07-29 19:00:00,59.75,39.858917236328125,41.809308710358806,39.858917,19.891082763671875,19.891082763671875
2017-07-29 20:00:00,60.125,40.15008544921875,42.562235037063644,40.150085,19.97491455078125,19.97491455078125
2017-07-29 21:00:00,60.166666666666664,39.59687042236328,42.079565247209764,39.59687,20.569796244303383,20.569796244303383
2017-07-29 22:00:00,60.041666666666664,41.58209228515625,42.74338190826567,41.582092,18.459574381510414,18.459574381510414
2017-07-29 23:00:00,60.75,40.472625732421875,42.645027789210694,40.472626,20.277374267578125,20.277374267578125
2017-07-30 00:00:00,62.958333333333336,38.68181228637695,40.448290674748364,38.681812,24.276521046956383,24.276521046956383
2017-07-30 01:00:00,67.16666666666667,35.5589485168457,37.386147236460886,35.55895,31.60771814982097,31.60771814982097
2017-07-30 02:00:00,71.58333333333333,36.74740219116211,39.63198141820916,36.747402,34.83593114217122,34.83593114217122
2017-07-30 03:00:00,71.29166666666667,36.553810119628906,39.95379662178072,36.55381,34.737856547037765,34.737856547037765
2017-07-30 04:00:00,68.0,44.20988464355469,44.67052092909364,44.209885,23.790115356445312,23.790115356445312
2017-07-30 05:00:00,62.25,48.22576141357422,50.73330109489627,48.22576,14.024238586425781,14.024238586425781
2017-07-30 06:00:00,59.75,44.944122314453125,46.2103071552445,44.944122,14.805877685546875,14.805877685546875
2017-07-30 07:00:00,56.125,49.365013122558594,50.057180246070466,49.365013,6.759986877441406,6.759986877441406
2017-07-30 08:00:00,55.708333333333336,41.33524703979492,42.85238161355003,41.335247,14.373086293538414,14.373086293538414
2017-07-30 09:00:00,55.583333333333336,41.43073272705078,42.55872629512214,41.430733,14.152600606282554,14.152600606282554
2017-07-30 10:00:00,55.125,42.36265182495117,45.4892149278551,42.36265,12.762348175048828,12.762348175048828
2017-07-30 11:00:00,55.416666666666664,44.54894256591797,45.91949039493912,44.548943,10.867724100748696,10.867724100748696
2017-07-30 12:00:00,53.583333333333336,42.55924987792969,44.46819023076883,42.55925,11.024083455403648,11.024083455403648
2017-07-30 13:00:00,52.583333333333336,48.27098846435547,48.10799941583596,48.27099,4.312344868977867,4.312344868977867
2017-07-30 14:00:00,51.75,51.83356475830078,50.851001586712435,51.833565,-0.08356475830078125,0.08356475830078125
2017-07-30 15:00:00,52.666666666666664,36.9126091003418,37.39064915335707,36.91261,15.754057566324867,15.754057566324867
2017-07-30 16:00:00,53.083333333333336,40.631080627441406,39.50365385383182,40.63108,12.45225270589193,12.45225270589193
2017-07-30 17:00:00,52.875,46.47050476074219,46.236801752402,46.470505,6.4044952392578125,6.4044952392578125
2017-07-30 18:00:00,52.666666666666664,41.0426025390625,41.76608505673952,41.042603,11.624064127604164,11.624064127604164
2017-07-30 19:00:00,52.416666666666664,44.77143096923828,45.28657349531728,44.77143,7.645235697428383,7.645235697428383
2017-07-30 20:00:00,51.625,46.28863525390625,47.96288478556446,46.288635,5.33636474609375,5.33636474609375
2017-07-30 21:00:00,51.041666666666664,44.11785125732422,44.64555953865279,44.11785,6.9238154093424455,6.9238154093424455
2017-07-30 22:00:00,50.541666666666664,44.220462799072266,44.328367085083016,44.220463,6.321203867594399,6.321203867594399
2017-07-30 23:00:00,49.25,46.37860870361328,46.81814434062308,46.37861,2.8713912963867188,2.8713912963867188
2017-07-31 00:00:00,47.083333333333336,48.31684875488281,47.93357143199354,48.31685,-1.2335154215494768,1.2335154215494768
2017-07-31 01:00:00,42.833333333333336,50.262027740478516,52.73035789434229,50.262028,-7.42869440714518,7.42869440714518
2017-07-31 02:00:00,38.208333333333336,57.506065368652344,56.6136523934724,57.506065,-19.297732035319008,19.297732035319008
2017-07-31 03:00:00,37.208333333333336,43.814048767089844,44.398026091672875,43.81405,-6.605715433756508,6.605715433756508
2017-07-31 04:00:00,35.208333333333336,46.53751754760742,47.94404754747354,46.537518,-11.329184214274086,11.329184214274086
2017-07-31 05:00:00,35.083333333333336,42.11394500732422,42.203117856870236,42.113945,-7.030611673990883,7.030611673990883
2017-07-31 06:00:00,35.166666666666664,37.31550216674805,42.18510908059842,37.315502,-2.1488355000813826,2.1488355000813826
2017-07-31 07:00:00,36.833333333333336,36.656394958496094,40.21533454469752,36.656395,0.17693837483724195,0.17693837483724195
2017-07-31 08:00:00,37.916666666666664,39.88161849975586,42.7764834799767,39.88162,-1.964951833089195,1.964951833089195
2017-07-31 09:00:00,38.125,40.564720153808594,43.38064555903472,40.56472,-2.4397201538085938,2.4397201538085938
2017-07-31 10:00:00,38.125,39.898765563964844,43.68126805071859,39.898766,-1.7737655639648438,1.7737655639648438
2017-07-31 11:00:00,36.875,41.56938171386719,44.92139472215017,41.56938,-4.6943817138671875,4.6943817138671875
2017-07-31 12:00:00,36.416666666666664,40.994361877441406,44.27512012491342,40.99436,-4.577695210774742,4.577695210774742
2017-07-31 13:00:00,36.708333333333336,44.69602966308594,47.115670820514154,44.69603,-7.987696329752602,7.987696329752602
2017-07-31 14:00:00,36.458333333333336,42.36937713623047,43.37889122645566,42.369377,-5.911043802897133,5.911043802897133
2017-07-31 15:00:00,36.208333333333336,44.62348937988281,45.66188851340852,44.62349,-8.415156046549477,8.415156046549477
2017-07-31 16:00:00,36.25,48.00910949707031,48.5951043851036,48.00911,-11.759109497070312,11.759109497070312
2017-07-31 17:00:00,35.791666666666664,44.13628387451172,46.1272528457133,44.136284,-8.344617207845054,8.344617207845054
2017-07-31 18:00:00,35.083333333333336,39.497108459472656,43.68167352116637,39.49711,-4.4137751261393205,4.4137751261393205
2017-07-31 19:00:00,35.791666666666664,38.89581298828125,43.14969180767004,38.895813,-3.1041463216145857,3.1041463216145857
2017-07-31 20:00:00,36.25,36.8713264465332,40.629018510133164,36.871326,-0.6213264465332031,0.6213264465332031
2017-07-31 21:00:00,37.125,34.99581527709961,40.375146210440995,34.995815,2.1291847229003906,2.1291847229003906
2017-07-31 22:00:00,37.458333333333336,37.77276611328125,40.75595582448596,37.772766,-0.3144327799479143,0.3144327799479143
2017-07-31 23:00:00,37.583333333333336,35.238502502441406,39.773347370797296,35.238503,2.3448308308919295,2.3448308308919295
2017-08-01 00:00:00,37.291666666666664,33.78352355957031,36.512881360455985,33.783524,3.508143107096352,3.508143107096352
2017-08-01 01:00:00,37.5,32.720977783203125,34.23800525155783,32.720978,4.779022216796875,4.779022216796875
2017-08-01 02:00:00,37.645833333333336,34.194786071777344,35.394466075727735,34.194786,3.451047261555992,3.451047261555992
2017-08-01 03:00:00,37.729166666666664,38.909568786621094,39.51232586307279,38.90957,-1.1804021199544295,1.1804021199544295
2017-08-01 04:00:00,37.9375,35.405479431152344,36.62039303345227,35.40548,2.5320205688476562,2.5320205688476562
2017-08-01 05:00:00,38.854166666666664,36.045448303222656,34.16126820733245,36.04545,2.808718363444008,2.808718363444008
2017-08-01 06:00:00,39.1875,35.73762130737305,34.72965537295694,35.73762,3.449878692626953,3.449878692626953
2017-08-01 07:00:00,38.895833333333336,34.05018615722656,37.042433239006506,34.050186,4.845647176106773,4.845647176106773
2017-08-01 08:00:00,39.354166666666664,39.61720275878906,40.72217605329283,39.617203,-0.2630360921223982,0.2630360921223982
2017-08-01 09:00:00,40.479166666666664,38.769775390625,39.12346096767497,38.769775,1.7093912760416643,1.7093912760416643
2017-08-01 10:00:00,41.020833333333336,35.97570037841797,37.27344663631823,35.9757,5.045132954915367,5.045132954915367
2017-08-01 11:00:00,42.1875,35.958473205566406,37.099360883550396,35.958473,6.229026794433594,6.229026794433594
2017-08-01 12:00:00,43.354166666666664,36.097679138183594,36.88351968961335,36.09768,7.2564875284830705,7.2564875284830705
2017-08-01 13:00:00,44.9375,34.8422966003418,37.54153477903759,34.842297,10.095203399658203,10.095203399658203
2017-08-01 14:00:00,45.9375,36.22412109375,37.9333116107965,36.22412,9.71337890625,9.71337890625
2017-08-01 15:00:00,45.729166666666664,39.02239227294922,40.00075353578165,39.022392,6.7067743937174455,6.7067743937174455
2017-08-01 16:00:00,45.6875,42.12786102294922,42.96427294722064,42.12786,3.5596389770507812,3.5596389770507812
2017-08-01 17:00:00,45.229166666666664,37.5907096862793,39.26705686204192,37.59071,7.638456980387367,7.638456980387367
2017-08-01 18:00:00,45.979166666666664,31.024993896484375,32.638937687608355,31.024994,14.95417277018229,14.95417277018229
2017-08-01 19:00:00,45.229166666666664,38.145057678222656,40.12875281696722,38.145058,7.084108988444008,7.084108988444008
2017-08-01 20:00:00,44.770833333333336,39.07938766479492,39.7574712522684,39.079388,5.691445668538414,5.691445668538414
2017-08-01 21:00:00,43.770833333333336,39.117820739746094,40.37179008535331,39.11782,4.653012593587242,4.653012593587242
2017-08-01 22:00:00,43.9375,38.562808990478516,40.401994145839424,38.56281,5.374691009521484,5.374691009521484
2017-08-01 23:00:00,44.375,37.211631774902344,38.661391768822725,37.21163,7.163368225097656,7.163368225097656
2017-08-02 00:00:00,45.125,34.70013427734375,34.50091507506479,34.700134,10.42486572265625,10.42486572265625
2017-08-02 01:00:00,46.25,35.58970642089844,36.20864403174522,35.589706,10.660293579101562,10.660293579101562
2017-08-02 02:00:00,48.395833333333336,38.247867584228516,38.26781059660666,38.247868,10.14796574910482,10.14796574910482
2017-08-02 03:00:00,51.5625,34.92143249511719,31.896098008707007,34.921432,16.641067504882812,16.641067504882812
2017-08-02 04:00:00,53.8125,33.845115661621094,32.31450235953761,33.845116,19.967384338378906,19.967384338378906
2017-08-02 05:00:00,56.479166666666664,40.71533966064453,38.60337518602411,40.71534,15.763827006022133,15.763827006022133
2017-08-02 06:00:00,57.479166666666664,39.71250915527344,37.89687776111683,39.71251,17.766657511393227,17.766657511393227
2017-08-02 07:00:00,57.104166666666664,43.24933624267578,42.57422619316806,43.249336,13.854830423990883,13.854830423990883
2017-08-02 08:00:00,56.229166666666664,45.28118896484375,43.09636290021639,45.28119,10.947977701822914,10.947977701822914
2017-08-02 09:00:00,56.1875,45.824737548828125,42.23426682005817,45.824738,10.362762451171875,10.362762451171875
2017-08-02 10:00:00,56.1875,47.1384391784668,44.79822618021452,47.13844,9.049060821533203,9.049060821533203
2017-08-02 11:00:00,56.0625,49.96553421020508,47.29866866918677,49.965534,6.096965789794922,6.096965789794922
2017-08-02 12:00:00,55.604166666666664,48.619354248046875,45.58817566812079,48.619354,6.984812418619789,6.984812418619789
2017-08-02 13:00:00,54.8125,51.73955154418945,49.81978425356534,51.73955,3.072948455810547,3.072948455810547
2017-08-02 14:00:00,54.354166666666664,47.161563873291016,44.59814838296381,47.161564,7.192602793375649,7.192602793375649
2017-08-02 15:00:00,54.354166666666664,40.36549377441406,39.88954127178185,40.365494,13.988672892252602,13.988672892252602
2017-08-02 16:00:00,53.4375,41.96283721923828,40.96908758493067,41.962837,11.474662780761719,11.474662780761719
2017-08-02 17:00:00,53.270833333333336,36.751678466796875,37.90631733371769,36.75168,16.51915486653646,16.51915486653646
2017-08-02 18:00:00,53.604166666666664,40.000953674316406,39.231998022908385,40.000954,13.603212992350258,13.603212992350258
2017-08-02 19:00:00,53.645833333333336,41.47592544555664,42.035825932536625,41.475925,12.169907887776695,12.169907887776695
2017-08-02 20:00:00,54.270833333333336,41.50885772705078,39.78938684510886,41.508858,12.761975606282554,12.761975606282554
2017-08-02 21:00:00,54.604166666666664,40.33890151977539,38.69788616886931,40.3389,14.265265146891274,14.265265146891274
2017-08-02 22:00:00,54.0625,42.24259948730469,42.80043215962057,42.2426,11.819900512695312,11.819900512695312
2017-08-02 23:00:00,53.666666666666664,41.669315338134766,42.21499452514227,41.669315,11.997351328531899,11.997351328531899
2017-08-03 00:00:00,53.125,43.12378692626953,42.43397965116349,43.123787,10.001213073730469,10.001213073730469
2017-08-03 01:00:00,52.166666666666664,48.44982147216797,47.80688472890139,48.44982,3.7168451944986955,3.7168451944986955
2017-08-03 02:00:00,50.125,47.01405334472656,46.11932337664246,47.014053,3.1109466552734375,3.1109466552734375
2017-08-03 03:00:00,47.166666666666664,51.3971061706543,49.84868349887446,51.397106,-4.230439503987633,4.230439503987633
2017-08-03 04:00:00,44.625,49.399147033691406,47.191310969870585,49.399147,-4.774147033691406,4.774147033691406
2017-08-03 05:00:00,41.25,48.96052551269531,48.29298839045177,48.960526,-7.7105255126953125,7.7105255126953125
2017-08-03 06:00:00,40.041666666666664,45.25461196899414,43.81205092158886,45.254612,-5.212945302327476,5.212945302327476
2017-08-03 07:00:00,40.416666666666664,40.37561798095703,40.80467085381015,40.375618,0.04104868570963305,0.04104868570963305
2017-08-03 08:00:00,41.291666666666664,40.45754623413086,41.16057699615253,40.457546,0.8341204325358049,0.8341204325358049
2017-08-03 09:00:00,41.208333333333336,45.33731460571289,43.51885097544609,45.337315,-4.128981272379555,4.128981272379555
2017-08-03 10:00:00,42.75,45.74412536621094,44.87193003439311,45.744125,-2.9941253662109375,2.9941253662109375
2017-08-03 11:00:00,41.916666666666664,44.66572570800781,43.70906964248309,44.665726,-2.749059041341148,2.749059041341148
2017-08-03 12:00:00,41.333333333333336,43.670223236083984,43.08277927162877,43.670223,-2.3368899027506487,2.3368899027506487
2017-08-03 13:00:00,39.958333333333336,45.802459716796875,43.91800423893378,45.80246,-5.844126383463539,5.844126383463539
2017-08-03 14:00:00,38.916666666666664,42.92641067504883,42.681043118307606,42.92641,-4.009744008382164,4.009744008382164
2017-08-03 15:00:00,38.333333333333336,42.47544860839844,42.81673487863326,42.47545,-4.142115275065102,4.142115275065102
2017-08-03 16:00:00,38.083333333333336,38.5050048828125,39.113483265990155,38.505005,-0.4216715494791643,0.4216715494791643
2017-08-03 17:00:00,38.416666666666664,39.378662109375,38.898459029908665,39.378662,-0.9619954427083357,0.9619954427083357
2017-08-03 18:00:00,38.291666666666664,40.50022888183594,40.65764301397281,40.50023,-2.208562215169273,2.208562215169273
2017-08-03 19:00:00,37.75,40.51087188720703,40.79186896873608,40.51087,-2.7608718872070312,2.7608718872070312
2017-08-03 20:00:00,37.5,39.7991943359375,39.338232295052975,39.799194,-2.2991943359375,2.2991943359375
2017-08-03 21:00:00,37.5,38.85765075683594,39.4955443154018,38.85765,-1.3576507568359375,1.3576507568359375
2017-08-03 22:00:00,37.166666666666664,36.770423889160156,36.27531429568365,36.770424,0.39624277750650805,0.39624277750650805
2017-08-03 23:00:00,37.208333333333336,40.74531936645508,37.971534787924874,40.74532,-3.5369860331217424,3.5369860331217424
2017-08-04 00:00:00,37.875,39.31636047363281,38.161000955248426,39.31636,-1.4413604736328125,1.4413604736328125
2017-08-04 01:00:00,38.041666666666664,36.37956237792969,37.439752352169194,36.379562,1.6621042887369768,1.6621042887369768
2017-08-04 02:00:00,37.791666666666664,36.27085876464844,37.963534703514554,36.27086,1.5208079020182268,1.5208079020182268
2017-08-04 03:00:00,37.708333333333336,35.82167053222656,38.53892391547984,35.82167,1.8866628011067732,1.8866628011067732
2017-08-04 04:00:00,37.0,30.408489227294922,34.92067859049287,30.40849,6.591510772705078,6.591510772705078
2017-08-04 05:00:00,35.875,35.24797821044922,37.29101257809707,35.24798,0.6270217895507812,0.6270217895507812
2017-08-04 06:00:00,34.916666666666664,37.01531982421875,37.47224749317129,37.01532,-2.0986531575520857,2.0986531575520857
2017-08-04 07:00:00,32.791666666666664,42.055335998535156,41.67250274499199,42.055336,-9.263669331868492,9.263669331868492
2017-08-04 08:00:00,30.75,43.082130432128906,42.987935757574206,43.08213,-12.332130432128906,12.332130432128906
2017-08-04 09:00:00,28.875,43.85730743408203,43.80502489890829,43.857307,-14.982307434082031,14.982307434082031
2017-08-04 10:00:00,25.958333333333332,42.788028717041016,44.94935143746698,42.78803,-16.829695383707683,16.829695383707683
2017-08-04 11:00:00,25.125,37.784854888916016,37.47446559318843,37.784855,-12.659854888916016,12.659854888916016
2017-08-04 12:00:00,24.416666666666668,37.03550720214844,38.08414820695252,37.035507,-12.61884053548177,12.61884053548177
2017-08-04 13:00:00,23.625,34.583160400390625,33.517382739393796,34.58316,-10.958160400390625,10.958160400390625
2017-08-04 14:00:00,23.25,33.90715026855469,35.25193650361411,33.90715,-10.657150268554688,10.657150268554688
2017-08-04 15:00:00,23.083333333333332,30.602825164794922,31.786399877227126,30.602825,-7.51949183146159,7.51949183146159
2017-08-04 16:00:00,23.0,32.31254577636719,33.422514847066566,32.312546,-9.312545776367188,9.312545776367188
2017-08-04 17:00:00,22.583333333333332,32.869991302490234,36.16858760956515,32.86999,-10.286657969156902,10.286657969156902
2017-08-04 18:00:00,21.958333333333332,33.46111297607422,34.41527257856018,33.461113,-11.502779642740887,11.502779642740887
2017-08-04 19:00:00,22.166666666666668,30.506359100341797,33.273414772439,30.50636,-8.339692433675129,8.339692433675129
2017-08-04 20:00:00,21.875,33.74152374267578,34.693981709837665,33.741524,-11.866523742675781,11.866523742675781
2017-08-04 21:00:00,22.166666666666668,34.3321533203125,35.84270354541173,34.332153,-12.165486653645832,12.165486653645832
2017-08-04 22:00:00,23.083333333333332,30.341251373291016,31.555693523365484,30.341251,-7.2579180399576835,7.2579180399576835
2017-08-04 23:00:00,22.916666666666668,32.39344024658203,31.592326408742306,32.39344,-9.476773579915363,9.476773579915363
2017-08-05 00:00:00,22.458333333333332,35.30057144165039,35.46505493931735,35.30057,-12.842238108317058,12.842238108317058
2017-08-05 01:00:00,22.875,31.672977447509766,34.28949132532933,31.672977,-8.797977447509766,8.797977447509766
2017-08-05 02:00:00,24.25,29.484622955322266,30.334306558851925,29.484623,-5.234622955322266,5.234622955322266
2017-08-05 03:00:00,24.916666666666668,28.339763641357422,30.940190181357686,28.339764,-3.423096974690754,3.423096974690754
2017-08-05 04:00:00,25.875,23.873733520507812,23.869237894554086,23.873734,2.0012664794921875,2.0012664794921875
2017-08-05 05:00:00,29.166666666666668,24.30792236328125,23.21749771596996,24.307922,4.858744303385418,4.858744303385418
2017-08-05 06:00:00,30.625,27.491641998291016,25.036972043581653,27.491642,3.1333580017089844,3.1333580017089844
2017-08-05 07:00:00,32.208333333333336,25.585643768310547,20.786388745276046,25.585644,6.622689565022789,6.622689565022789
2017-08-05 08:00:00,34.875,22.940914154052734,19.675075876948753,22.940914,11.934085845947266,11.934085845947266
2017-08-05 09:00:00,35.666666666666664,22.358596801757812,20.432361494400464,22.358597,13.308069864908852,13.308069864908852
2017-08-05 10:00:00,35.5,21.944358825683594,22.26810401532853,21.944359,13.555641174316406,13.555641174316406
2017-08-05 11:00:00,35.833333333333336,21.32575225830078,20.834929375297953,21.325752,14.507581075032554,14.507581075032554
2017-08-05 12:00:00,36.041666666666664,20.355819702148438,20.523429433288214,20.35582,15.685846964518227,15.685846964518227
2017-08-05 13:00:00,36.791666666666664,20.533370971679688,18.875908470623767,20.533371,16.258295694986977,16.258295694986977
2017-08-05 14:00:00,37.333333333333336,18.78868865966797,17.316057247384133,18.788689,18.544644673665367,18.544644673665367
2017-08-05 15:00:00,37.25,19.826984405517578,18.61785354437578,19.826984,17.423015594482422,17.423015594482422
2017-08-05 16:00:00,37.666666666666664,18.660572052001953,17.881892240442234,18.660572,19.00609461466471,19.00609461466471
2017-08-05 17:00:00,37.916666666666664,18.164119720458984,18.457650911638503,18.16412,19.75254694620768,19.75254694620768
2017-08-05 18:00:00,38.375,23.19655990600586,23.352594332237246,23.19656,15.17844009399414,15.17844009399414
2017-08-05 19:00:00,38.333333333333336,24.702503204345703,24.5158411044542,24.702503,13.630830128987633,13.630830128987633
2017-08-05 20:00:00,38.25,23.03366470336914,23.28521408411055,23.033665,15.21633529663086,15.21633529663086
2017-08-05 21:00:00,37.291666666666664,24.676898956298828,25.496171464791036,24.676899,12.614767710367836,12.614767710367836
2017-08-05 22:00:00,37.0,24.487960815429688,26.736819413768796,24.48796,12.512039184570312,12.512039184570312
2017-08-05 23:00:00,36.833333333333336,23.239173889160156,23.68413048546326,23.239174,13.59415944417318,13.59415944417318
2017-08-06 00:00:00,36.958333333333336,27.69497299194336,26.223812200743925,27.694973,9.263360341389976,9.263360341389976
2017-08-06 01:00:00,36.583333333333336,29.11636734008789,28.97768995095571,29.116367,7.466965993245445,7.466965993245445
2017-08-06 02:00:00,35.5,30.64212417602539,30.041340359234567,30.642124,4.857875823974609,4.857875823974609
2017-08-06 03:00:00,34.5,31.986255645751953,31.371803010850915,31.986256,2.513744354248047,2.513744354248047
2017-08-06 04:00:00,34.0,31.35540771484375,30.674922125858075,31.355408,2.64459228515625,2.64459228515625
2017-08-06 05:00:00,32.166666666666664,30.960865020751953,30.626470149912308,30.960865,1.2058016459147112,1.2058016459147112
2017-08-06 06:00:00,31.166666666666668,30.3038330078125,29.24718466569445,30.303833,0.8628336588541679,0.8628336588541679
2017-08-06 07:00:00,29.333333333333332,32.05615234375,33.34539251413961,32.056152,-2.722819010416668,2.722819010416668
2017-08-06 08:00:00,26.375,36.72748947143555,37.43347935361224,36.72749,-10.352489471435547,10.352489471435547
2017-08-06 09:00:00,25.666666666666668,34.44843292236328,34.76075587898651,34.448433,-8.781766255696613,8.781766255696613
2017-08-06 10:00:00,26.291666666666668,32.71708297729492,30.972494906215136,32.717083,-6.425416310628254,6.425416310628254
2017-08-06 11:00:00,27.5,34.700836181640625,33.576083420146006,34.700836,-7.200836181640625,7.200836181640625
2017-08-06 12:00:00,28.333333333333332,33.350074768066406,32.519190362538524,33.350075,-5.016741434733074,5.016741434733074
2017-08-06 13:00:00,28.583333333333332,34.660430908203125,33.72331388219405,34.66043,-6.077097574869793,6.077097574869793
2017-08-06 14:00:00,28.833333333333332,34.463985443115234,33.511895854073195,34.463985,-5.630652109781902,5.630652109781902
2017-08-06 15:00:00,29.125,33.49517822265625,31.272520873819232,33.49518,-4.37017822265625,4.37017822265625
2017-08-06 16:00:00,29.208333333333332,32.35536193847656,31.839464271379608,32.355362,-3.1470286051432304,3.1470286051432304
2017-08-06 17:00:00,29.291666666666668,33.02954864501953,32.62067659374615,33.02955,-3.7378819783528634,3.7378819783528634
2017-08-06 18:00:00,28.875,32.23712921142578,31.619923477666894,32.23713,-3.3621292114257812,3.3621292114257812
2017-08-06 19:00:00,28.333333333333332,31.871337890625,31.319992817332032,31.871338,-3.538004557291668,3.538004557291668
2017-08-06 20:00:00,28.166666666666668,34.559730529785156,34.112457858126284,34.55973,-6.393063863118488,6.393063863118488
2017-08-06 21:00:00,28.083333333333332,32.408958435058594,31.00382824987716,32.40896,-4.325625101725262,4.325625101725262
2017-08-06 22:00:00,27.416666666666668,34.916290283203125,34.30781568274539,34.91629,-7.499623616536457,7.499623616536457
2017-08-06 23:00:00,27.875,33.28086853027344,32.46153562024695,33.28087,-5.4058685302734375,5.4058685302734375
2017-08-07 00:00:00,27.708333333333332,35.23332595825195,36.45933967243709,35.233326,-7.524992624918621,7.524992624918621
2017-08-07 01:00:00,28.083333333333332,36.230350494384766,37.585180412848935,36.23035,-8.147017161051433,8.147017161051433
2017-08-07 02:00:00,28.583333333333332,35.13926696777344,34.92710079768883,35.139267,-6.555933634440105,6.555933634440105
2017-08-07 03:00:00,28.75,34.14238739013672,33.0476244193261,34.142387,-5.392387390136719,5.392387390136719
2017-08-07 04:00:00,28.875,32.21034622192383,29.59857494412714,32.210346,-3.335346221923828,3.335346221923828
2017-08-07 05:00:00,29.291666666666668,36.10293197631836,35.20698233196756,36.102932,-6.8112653096516915,6.8112653096516915
2017-08-07 06:00:00,30.541666666666668,33.51151657104492,29.69040663239454,33.511517,-2.969849904378254,2.969849904378254
2017-08-07 07:00:00,33.791666666666664,30.047138214111328,28.493852498446447,30.047138,3.744528452555336,3.744528452555336
2017-08-07 08:00:00,34.916666666666664,28.940921783447266,27.78804489735563,28.940922,5.975744883219399,5.975744883219399
2017-08-07 09:00:00,35.708333333333336,27.90343475341797,26.2215247268021,27.903435,7.804898579915367,7.804898579915367
2017-08-07 10:00:00,36.083333333333336,27.935131072998047,28.701285048508485,27.935131,8.148202260335289,8.148202260335289
2017-08-07 11:00:00,35.25,30.554584503173828,31.85104324240339,30.554585,4.695415496826172,4.695415496826172
2017-08-07 12:00:00,34.958333333333336,31.41702651977539,31.56808852067152,31.417027,3.541306813557945,3.541306813557945
2017-08-07 13:00:00,35.25,33.312252044677734,34.725769102992956,33.312252,1.9377479553222656,1.9377479553222656
2017-08-07 14:00:00,35.625,33.64373779296875,34.37527206814379,33.643738,1.98126220703125,1.98126220703125
2017-08-07 15:00:00,36.208333333333336,32.2728385925293,31.442070226660594,32.27284,3.935494740804039,3.935494740804039
2017-08-07 16:00:00,36.333333333333336,34.94511413574219,33.403025916911034,34.945114,1.3882191975911482,1.3882191975911482
2017-08-07 17:00:00,36.375,35.49512481689453,34.10184340363336,35.495125,0.8798751831054688,0.8798751831054688
2017-08-07 18:00:00,36.541666666666664,33.61781692504883,32.27243786795134,33.617817,2.923849741617836,2.923849741617836
2017-08-07 19:00:00,36.916666666666664,30.979671478271484,29.961558222740173,30.979671,5.93699518839518,5.93699518839518
2017-08-07 20:00:00,36.666666666666664,30.094852447509766,30.39452269010592,30.094852,6.571814219156899,6.571814219156899
2017-08-07 21:00:00,37.0,30.235515594482422,29.120361138792415,30.235516,6.764484405517578,6.764484405517578
2017-08-07 22:00:00,37.958333333333336,28.63824462890625,28.726008523609927,28.638245,9.320088704427086,9.320088704427086
2017-08-07 23:00:00,37.625,33.27454376220703,32.25140325507058,33.274544,4.350456237792969,4.350456237792969
2017-08-08 00:00:00,37.25,32.40398025512695,31.277273595620183,32.40398,4.846019744873047,4.846019744873047
2017-08-08 01:00:00,36.333333333333336,33.40673828125,32.59139310214911,33.40674,2.9265950520833357,2.9265950520833357
2017-08-08 02:00:00,35.166666666666664,34.62652587890625,33.93166116164391,34.626526,0.5401407877604143,0.5401407877604143
2017-08-08 03:00:00,35.458333333333336,31.067180633544922,30.659709576964467,31.06718,4.391152699788414,4.391152699788414
2017-08-08 04:00:00,35.958333333333336,30.67818832397461,29.128265406058482,30.678188,5.280145009358726,5.280145009358726
2017-08-08 05:00:00,35.708333333333336,34.0283088684082,34.22684000538107,34.02831,1.6800244649251326,1.6800244649251326
2017-08-08 06:00:00,34.583333333333336,32.4327278137207,33.54955318664904,32.432728,2.1506055196126326,2.1506055196126326
2017-08-08 07:00:00,32.041666666666664,29.19818878173828,31.82090761530351,29.198189,2.843477884928383,2.843477884928383
2017-08-08 08:00:00,31.5,32.09394836425781,34.223295690128985,32.09395,-0.5939483642578125,0.5939483642578125
2017-08-08 09:00:00,30.958333333333332,35.22203063964844,35.585244914978645,35.22203,-4.263697306315105,4.263697306315105
2017-08-08 10:00:00,30.583333333333332,38.78395080566406,38.920821807823096,38.78395,-8.20061747233073,8.20061747233073
2017-08-08 11:00:00,30.416666666666668,38.04755401611328,37.66532435084406,38.047554,-7.630887349446613,7.630887349446613
2017-08-08 12:00:00,30.125,39.984764099121094,39.58009550947028,39.984764,-9.859764099121094,9.859764099121094
2017-08-08 13:00:00,29.708333333333332,41.08995056152344,40.77446725166887,41.08995,-11.381617228190105,11.381617228190105
2017-08-08 14:00:00,29.25,37.947349548339844,38.956382130727214,37.94735,-8.697349548339844,8.697349548339844
2017-08-08 15:00:00,29.916666666666668,37.26416778564453,38.236073380528815,37.264168,-7.347501118977863,7.347501118977863
2017-08-08 16:00:00,29.458333333333332,37.21473693847656,37.68998888306235,37.214737,-7.75640360514323,7.75640360514323
2017-08-08 17:00:00,29.833333333333332,36.58629608154297,35.930541607549564,36.586296,-6.752962748209637,6.752962748209637
2017-08-08 18:00:00,29.666666666666668,35.52131652832031,35.43540030582104,35.521317,-5.854649861653645,5.854649861653645
2017-08-08 19:00:00,29.541666666666668,35.670257568359375,35.79937133581529,35.670258,-6.128590901692707,6.128590901692707
2017-08-08 20:00:00,30.416666666666668,35.68194580078125,33.19053960477167,35.681946,-5.265279134114582,5.265279134114582
2017-08-08 21:00:00,31.541666666666668,36.037269592285156,34.965313545355485,36.03727,-4.495602925618488,4.495602925618488
2017-08-08 22:00:00,30.583333333333332,37.60272979736328,37.90629156287217,37.60273,-7.019396464029949,7.019396464029949
2017-08-08 23:00:00,30.166666666666668,34.62580871582031,34.010779560971706,34.62581,-4.459142049153645,4.459142049153645
2017-08-09 00:00:00,29.958333333333332,33.238037109375,31.01878479066185,33.238037,-3.279703776041668,3.279703776041668
2017-08-09 01:00:00,29.583333333333332,34.25652313232422,33.18232803300304,34.256523,-4.673189798990887,4.673189798990887
2017-08-09 02:00:00,29.666666666666668,32.6529426574707,30.894859927559423,32.652943,-2.9862759908040353,2.9862759908040353
2017-08-09 03:00:00,29.333333333333332,33.95915222167969,33.4040028416297,33.959152,-4.625818888346355,4.625818888346355
2017-08-09 04:00:00,28.75,36.0037956237793,35.72650758481548,36.003796,-7.253795623779297,7.253795623779297
2017-08-09 05:00:00,27.708333333333332,37.039634704589844,36.7700237701714,37.039635,-9.331301371256512,9.331301371256512
2017-08-09 06:00:00,27.458333333333332,33.26523971557617,32.731416124820974,33.26524,-5.80690638224284,5.80690638224284
2017-08-09 07:00:00,27.5,32.842472076416016,30.51389447070215,32.842472,-5.342472076416016,5.342472076416016
2017-08-09 08:00:00,27.458333333333332,34.74853515625,32.79672538112997,34.748535,-7.290201822916668,7.290201822916668
2017-08-09 09:00:00,27.416666666666668,30.796722412109375,29.38051801532191,30.796722,-3.380055745442707,3.380055745442707
2017-08-09 10:00:00,27.125,30.74939727783203,29.811581820492208,30.749397,-3.6243972778320312,3.6243972778320312
2017-08-09 11:00:00,26.833333333333332,31.79836654663086,30.93829674771387,31.798367,-4.965033213297527,4.965033213297527
2017-08-09 12:00:00,26.541666666666668,28.558975219726562,28.31708647038977,28.558975,-2.0173085530598946,2.0173085530598946
2017-08-09 13:00:00,26.291666666666668,30.84261703491211,30.87590888981154,30.842617,-4.5509503682454415,4.5509503682454415
2017-08-09 14:00:00,26.291666666666668,31.142562866210938,31.30435579749551,31.142563,-4.85089619954427,4.85089619954427
2017-08-09 15:00:00,25.208333333333332,31.855266571044922,32.478363353733684,31.855267,-6.64693323771159,6.64693323771159
2017-08-09 16:00:00,25.625,27.15237045288086,28.037525430626175,27.15237,-1.5273704528808594,1.5273704528808594
2017-08-09 17:00:00,25.375,30.518768310546875,31.54266392182664,30.518768,-5.143768310546875,5.143768310546875
2017-08-09 18:00:00,25.75,29.167972564697266,28.63290263372211,29.167973,-3.4179725646972656,3.4179725646972656
2017-08-09 19:00:00,25.916666666666668,26.787799835205078,26.467060909267033,26.7878,-0.8711331685384103,0.8711331685384103
2017-08-09 20:00:00,25.333333333333332,28.726219177246094,30.220186468595156,28.72622,-3.3928858439127616,3.3928858439127616
2017-08-09 21:00:00,24.041666666666668,31.51540756225586,34.15301352050338,31.515408,-7.4737408955891915,7.4737408955891915
2017-08-09 22:00:00,24.083333333333332,29.915050506591797,28.588178142914945,29.91505,-5.831717173258465,5.831717173258465
2017-08-09 23:00:00,24.208333333333332,27.383331298828125,28.4259623388048,27.383331,-3.174997965494793,3.174997965494793
2017-08-10 00:00:00,24.25,25.965396881103516,26.790978742958075,25.965397,-1.7153968811035156,1.7153968811035156
2017-08-10 01:00:00,24.041666666666668,25.057514190673828,25.921143420995296,25.057514,-1.0158475240071603,1.0158475240071603
2017-08-10 02:00:00,23.666666666666668,25.577041625976562,26.101879438725774,25.577042,-1.9103749593098946,1.9103749593098946
2017-08-10 03:00:00,23.083333333333332,26.73525619506836,26.943030510473136,26.735256,-3.6519228617350272,3.6519228617350272
2017-08-10 04:00:00,22.583333333333332,26.086807250976562,25.863755258613114,26.086807,-3.5034739176432304,3.5034739176432304
2017-08-10 05:00:00,22.166666666666668,24.53327178955078,25.585825443509354,24.533272,-2.3666051228841134,2.3666051228841134
2017-08-10 06:00:00,22.125,25.923961639404297,25.411733832795747,25.923962,-3.798961639404297,3.798961639404297
2017-08-10 07:00:00,21.666666666666668,25.929683685302734,25.884609146142846,25.929684,-4.2630170186360665,4.2630170186360665
2017-08-10 08:00:00,21.666666666666668,27.665485382080078,27.2277573886535,27.665485,-5.99881871541341,5.99881871541341
2017-08-10 09:00:00,21.375,27.30828094482422,26.67142145897672,27.30828,-5.933280944824219,5.933280944824219
2017-08-10 10:00:00,21.5,26.267459869384766,26.298005512494058,26.26746,-4.767459869384766,4.767459869384766
2017-08-10 11:00:00,22.083333333333332,27.712482452392578,27.381456915255356,27.712482,-5.629149119059246,5.629149119059246
2017-08-10 12:00:00,22.5,27.751052856445312,27.503659351679232,27.751053,-5.2510528564453125,5.2510528564453125
2017-08-10 13:00:00,23.166666666666668,26.693859100341797,28.22132372986018,26.69386,-3.527192433675129,3.527192433675129
2017-08-10 14:00:00,24.375,27.48794937133789,28.929456845181146,27.48795,-3.1129493713378906,3.1129493713378906
2017-08-10 15:00:00,25.625,25.352725982666016,28.308432904900226,25.352726,0.2722740173339844,0.2722740173339844
2017-08-10 16:00:00,26.416666666666668,27.815147399902344,30.07884741064056,27.815147,-1.398480733235676,1.398480733235676
2017-08-10 17:00:00,27.375,26.876686096191406,29.162233381130264,26.876686,0.49831390380859375,0.49831390380859375
2017-08-10 18:00:00,28.333333333333332,28.275245666503906,29.871481791586675,28.275246,0.0580876668294259,0.0580876668294259
2017-08-10 19:00:00,29.541666666666668,27.08328628540039,29.03988044720789,27.083286,2.4583803812662772,2.4583803812662772
2017-08-10 20:00:00,31.041666666666668,26.080181121826172,28.39273078725693,26.080181,4.961485544840496,4.961485544840496
2017-08-10 21:00:00,32.5,25.791942596435547,27.36432993272775,25.791943,6.708057403564453,6.708057403564453
2017-08-10 22:00:00,33.25,24.628257751464844,25.925764820912402,24.628258,8.621742248535156,8.621742248535156
2017-08-10 23:00:00,33.875,24.285724639892578,25.40253297208296,24.285725,9.589275360107422,9.589275360107422
2017-08-11 00:00:00,34.5,24.08440399169922,25.14649589997824,24.084404,10.415596008300781,10.415596008300781
2017-08-11 01:00:00,35.25,24.292972564697266,25.074518710121264,24.292973,10.957027435302734,10.957027435302734
2017-08-11 02:00:00,36.0,23.663909912109375,24.5541205615804,23.66391,12.336090087890625,12.336090087890625
2017-08-11 03:00:00,36.333333333333336,25.057952880859375,27.05459880800481,25.057953,11.27538045247396,11.27538045247396
2017-08-11 04:00:00,36.333333333333336,24.876873016357422,26.41270948850528,24.876873,11.456460316975914,11.456460316975914
2017-08-11 05:00:00,36.833333333333336,23.693283081054688,26.36255279002295,23.693283,13.140050252278648,13.140050252278648
2017-08-11 06:00:00,36.416666666666664,25.442798614501953,26.414741634672914,25.442799,10.973868052164711,10.973868052164711
2017-08-11 07:00:00,36.666666666666664,24.75870132446289,26.420017212101275,24.758701,11.907965342203774,11.907965342203774
2017-08-11 08:00:00,36.458333333333336,25.551265716552734,26.266315824587018,25.551266,10.907067616780601,10.907067616780601
2017-08-11 09:00:00,36.458333333333336,26.633983612060547,26.91007242838577,26.633984,9.824349721272789,9.824349721272789
2017-10-20 11:00:00,14.166666666666666,22.568893432617188,20.13282642020387,22.568893,-8.402226765950521,8.402226765950521
2017-10-20 12:00:00,13.666666666666666,22.234153747558594,19.93750058389259,22.234154,-8.567487080891928,8.567487080891928
2017-10-20 13:00:00,13.208333333333334,23.447071075439453,20.93902110835437,23.447071,-10.23873774210612,10.23873774210612
2017-10-20 14:00:00,13.791666666666666,22.587055206298828,21.570271633592945,22.587055,-8.795388539632162,8.795388539632162
2017-10-20 15:00:00,13.916666666666666,20.67835235595703,20.03079527996556,20.678352,-6.761685689290365,6.761685689290365
2017-10-20 16:00:00,13.833333333333334,20.622390747070312,21.757995061917125,20.62239,-6.789057413736979,6.789057413736979
2017-10-20 17:00:00,13.5,20.51123809814453,21.3981814953828,20.511238,-7.011238098144531,7.011238098144531
2017-10-20 18:00:00,12.875,21.858890533447266,19.988476920323436,21.85889,-8.983890533447266,8.983890533447266
2017-10-20 19:00:00,12.5,21.704078674316406,20.605767445752644,21.704079,-9.204078674316406,9.204078674316406
2017-10-20 20:00:00,11.875,22.657474517822266,21.988675092210716,22.657475,-10.782474517822266,10.782474517822266
2017-10-20 21:00:00,11.333333333333334,25.318405151367188,26.668470554275704,25.318405,-13.985071818033854,13.985071818033854
2017-10-20 22:00:00,10.833333333333334,25.661903381347656,27.60085564832004,25.661903,-14.828570048014322,14.828570048014322
2017-10-20 23:00:00,10.708333333333334,24.803722381591797,26.521740618588034,24.803722,-14.095389048258463,14.095389048258463
2017-10-21 00:00:00,10.416666666666666,26.675212860107422,25.248114740006155,26.675213,-16.258546193440758,16.258546193440758
2017-10-21 01:00:00,9.9375,28.575576782226562,26.87227946470252,28.575577,-18.638076782226562,18.638076782226562
2017-10-21 02:00:00,9.520833333333334,27.952350616455078,25.438894864136664,27.95235,-18.431517283121742,18.431517283121742
2017-10-21 03:00:00,9.354166666666666,28.519451141357422,27.143109505951692,28.519451,-19.165284474690758,19.165284474690758
2017-10-21 04:00:00,9.1875,30.414817810058594,29.432180310060183,30.414818,-21.227317810058594,21.227317810058594
2017-10-21 05:00:00,9.104166666666666,34.02640914916992,30.94565472997177,34.02641,-24.922242482503258,24.922242482503258
2017-10-21 06:00:00,8.8125,36.07954406738281,31.927489280528736,36.079544,-27.267044067382812,27.267044067382812
2017-10-21 07:00:00,8.854166666666666,33.12479019165039,31.271241143070927,33.12479,-24.270623524983726,24.270623524983726
2017-10-21 08:00:00,9.354166666666666,35.99443054199219,32.48846879510096,35.99443,-26.640263875325523,26.640263875325523
2017-10-21 09:00:00,10.145833333333334,35.79740905761719,29.02804592074477,35.79741,-25.651575724283852,25.651575724283852
2017-10-21 10:00:00,10.6875,37.36843490600586,30.080206902811785,37.368435,-26.68093490600586,26.68093490600586
2017-10-21 11:00:00,10.895833333333334,36.524349212646484,30.37302153122349,36.52435,-25.62851587931315,25.62851587931315
2017-10-21 12:00:00,11.270833333333334,35.409324645996094,28.924466208631742,35.409325,-24.138491312662758,24.138491312662758
2017-10-21 13:00:00,11.979166666666666,35.7849006652832,29.458062858007125,35.7849,-23.80573399861654,23.80573399861654
2017-10-21 14:00:00,12.020833333333334,35.142059326171875,28.17840016042399,35.14206,-23.12122599283854,23.12122599283854
2017-10-21 15:00:00,12.6875,38.38691711425781,32.16190825908348,38.386917,-25.699417114257812,25.699417114257812
2017-10-21 16:00:00,13.395833333333334,39.238014221191406,32.52419444607429,39.238014,-25.84218088785807,25.84218088785807
2017-10-21 17:00:00,14.9375,37.275211334228516,28.98768899432639,37.27521,-22.337711334228516,22.337711334228516
2017-10-21 18:00:00,17.020833333333332,34.06309509277344,26.911263395430698,34.063095,-17.042261759440105,17.042261759440105
2017-10-21 19:00:00,18.645833333333332,33.33312225341797,25.908661827333102,33.333122,-14.687288920084637,14.687288920084637
2017-10-21 20:00:00,21.0625,34.72532653808594,27.57141678168563,34.725327,-13.662826538085938,13.662826538085938
2017-10-21 21:00:00,23.145833333333332,30.619407653808594,22.136539755892805,30.619408,-7.473574320475262,7.473574320475262
2017-10-21 22:00:00,24.9375,29.765064239501953,21.342715556623283,29.765064,-4.827564239501953,4.827564239501953
2017-10-21 23:00:00,26.895833333333332,29.485877990722656,21.293106495459263,29.485878,-2.590044657389324,2.590044657389324
2017-10-22 00:00:00,28.479166666666668,35.169639587402344,24.534619192613746,35.16964,-6.690472920735676,6.690472920735676
2017-10-22 02:00:00,29.958333333333332,34.60854721069336,26.147344411960635,34.608547,-4.650213877360027,4.650213877360027
2017-10-22 03:00:00,31.708333333333332,30.253833770751953,24.755418009082817,30.253834,1.454499562581379,1.454499562581379
2017-10-22 04:00:00,33.125,30.39569854736328,27.19926217496287,30.395699,2.7293014526367188,2.7293014526367188
2017-10-22 05:00:00,34.791666666666664,31.719329833984375,25.91259268398869,31.71933,3.0723368326822893,3.0723368326822893
2017-10-22 06:00:00,36.291666666666664,36.53876495361328,32.41585371140744,36.538765,-0.24709828694661695,0.24709828694661695
2017-10-22 07:00:00,40.083333333333336,36.58067321777344,29.530845881408908,36.580673,3.502660115559898,3.502660115559898
2017-10-22 08:00:00,44.583333333333336,39.50410461425781,33.63570141891038,39.504105,5.079228719075523,5.079228719075523
2017-10-22 09:00:00,45.666666666666664,44.60894775390625,38.51070048672255,44.608948,1.0577189127604143,1.0577189127604143
2017-10-22 10:00:00,46.458333333333336,46.86960220336914,46.00035341129742,46.869602,-0.4112688700358049,0.4112688700358049
2017-10-22 11:00:00,47.208333333333336,48.11327362060547,43.11973258010526,48.113274,-0.904940287272133,0.904940287272133
2017-10-22 12:00:00,47.916666666666664,41.19331359863281,32.702169784909714,41.193314,6.723353068033852,6.723353068033852
2017-10-22 13:00:00,48.75,38.96778869628906,29.14540182472288,38.96779,9.782211303710938,9.782211303710938
2017-10-22 14:00:00,49.291666666666664,38.864288330078125,31.822465440779332,38.86429,10.42737833658854,10.42737833658854
2017-10-22 15:00:00,50.333333333333336,41.20044708251953,33.00176632254711,41.200447,9.132886250813804,9.132886250813804
2017-10-22 16:00:00,50.833333333333336,42.028255462646484,38.86329479155176,42.028255,8.805077870686851,8.805077870686851
2017-10-22 17:00:00,51.375,45.981597900390625,41.9258908889964,45.981598,5.393402099609375,5.393402099609375
2017-10-22 18:00:00,52.375,48.07289505004883,46.7450230537181,48.072895,4.302104949951172,4.302104949951172
2017-10-22 19:00:00,53.5,62.51150894165039,56.50217937794521,62.51151,-9.01150894165039,9.01150894165039
2017-10-22 20:00:00,54.833333333333336,60.56598663330078,56.652488268593615,60.565987,-5.7326532999674455,5.7326532999674455
2017-10-22 21:00:00,55.375,60.51063537597656,57.30186220314641,60.510635,-5.1356353759765625,5.1356353759765625
2017-10-22 22:00:00,56.875,58.07434844970703,54.8604967664824,58.07435,-1.1993484497070312,1.1993484497070312
2017-10-22 23:00:00,56.875,56.31446838378906,51.37988949833558,56.31447,0.5605316162109375,0.5605316162109375
2017-10-23 00:00:00,56.583333333333336,55.47605895996094,54.53828650756308,55.47606,1.1072743733723982,1.1072743733723982
2017-10-23 01:00:00,56.75,59.31595230102539,57.342807567755706,59.315952,-2.5659523010253906,2.5659523010253906
2017-10-23 02:00:00,56.958333333333336,58.44858169555664,54.66175858676823,58.44858,-1.490248362223305,1.490248362223305
2017-10-23 03:00:00,57.25,60.26466369628906,56.38696283316759,60.264664,-3.0146636962890625,3.0146636962890625
2017-10-23 04:00:00,57.375,58.43903350830078,55.430979668407076,58.439034,-1.0640335083007812,1.0640335083007812
2017-10-23 05:00:00,57.875,58.88484191894531,56.08735985751114,58.884842,-1.0098419189453125,1.0098419189453125
2017-10-23 06:00:00,61.375,61.51079559326172,59.78209969196486,61.510796,-0.13579559326171875,0.13579559326171875
2017-10-23 07:00:00,64.83333333333333,57.832618713378906,58.75031437063105,57.83262,7.000714619954422,7.000714619954422
2017-10-23 08:00:00,62.375,61.9757080078125,60.03889574061501,61.975708,0.3992919921875,0.3992919921875
2017-10-23 09:00:00,63.125,55.1551628112793,56.32684351202714,55.155163,7.969837188720703,7.969837188720703
2017-10-23 10:00:00,64.29166666666667,55.41536331176758,52.4994060516233,55.415363,8.876303354899093,8.876303354899093
2017-10-23 11:00:00,65.125,57.67733383178711,55.49662628818763,57.677334,7.447666168212891,7.447666168212891
2017-10-23 12:00:00,66.375,56.25586700439453,50.96937172283424,56.255867,10.119132995605469,10.119132995605469
2017-10-23 13:00:00,68.125,57.45250701904297,53.56431325464278,57.452507,10.672492980957031,10.672492980957031
2017-10-23 14:00:00,70.25,61.928199768066406,58.519365251480416,61.9282,8.321800231933594,8.321800231933594
2017-10-23 15:00:00,71.54166666666667,61.61737060546875,58.6584847928266,61.61737,9.924296061197921,9.924296061197921
2017-10-23 16:00:00,72.70833333333333,62.296875,59.15089966074995,62.296875,10.411458333333329,10.411458333333329
2017-10-23 17:00:00,74.25,57.324127197265625,57.26896537979715,57.324127,16.925872802734375,16.925872802734375
2017-10-23 18:00:00,75.0,61.34915542602539,59.987124416399524,61.349155,13.65084457397461,13.65084457397461
2017-10-23 19:00:00,74.58333333333333,62.031192779541016,61.5866859486319,62.031193,12.552140553792313,12.552140553792313
2017-10-23 20:00:00,74.875,61.44887924194336,61.252972725405954,61.44888,13.42612075805664,13.42612075805664
2017-10-23 21:00:00,73.08333333333333,63.737213134765625,62.88431744297274,63.737213,9.346120198567704,9.346120198567704
2017-10-23 22:00:00,71.04166666666667,61.19590377807617,60.53381102132406,61.195904,9.8457628885905,9.8457628885905
2017-10-23 23:00:00,73.5,51.66245651245117,53.70279578966561,51.662457,21.837543487548828,21.837543487548828
2017-10-24 00:00:00,75.70833333333333,49.97474670410156,53.862971230387735,49.974747,25.733586629231766,25.733586629231766
2017-10-24 01:00:00,82.0,46.566314697265625,53.28994250299899,46.566315,35.433685302734375,35.433685302734375
2017-10-24 02:00:00,87.04166666666667,48.373966217041016,52.60635186201173,48.373966,38.667700449625656,38.667700449625656
2017-10-24 03:00:00,91.83333333333333,55.55975341796875,54.87865619715204,55.559753,36.27357991536458,36.27357991536458
2017-10-24 04:00:00,92.20833333333333,56.68150329589844,54.92463221163655,56.681503,35.52683003743489,35.52683003743489
2017-10-24 05:00:00,93.95833333333333,57.5939826965332,57.632437159156,57.593983,36.364350636800125,36.364350636800125
2017-10-24 06:00:00,93.79166666666667,57.1227912902832,58.16493037288809,57.12279,36.66887537638347,36.66887537638347
2017-10-24 07:00:00,88.875,55.98427200317383,56.0848305127502,55.984272,32.89072799682617,32.89072799682617
2017-10-24 08:00:00,88.33333333333333,46.41596221923828,51.180163657921526,46.415962,41.91737111409505,41.91737111409505
2017-10-24 09:00:00,87.95833333333333,54.061500549316406,53.60114404560266,54.0615,33.89683278401692,33.89683278401692
2017-10-24 10:00:00,89.04166666666667,54.86354064941406,56.75158090717349,54.86354,34.17812601725261,34.17812601725261
2017-10-24 11:00:00,89.0,56.80997085571289,57.61573746112508,56.80997,32.19002914428711,32.19002914428711
2017-10-24 12:00:00,88.83333333333333,60.95002746582031,62.08692839400263,60.950027,27.883305867513016,27.883305867513016
2017-10-24 13:00:00,88.08333333333333,66.84331512451172,68.97540928608322,66.843315,21.24001820882161,21.24001820882161
2017-10-24 14:00:00,87.16666666666667,68.15216064453125,70.45835789099525,68.15216,19.01450602213542,19.01450602213542
2017-10-24 15:00:00,86.75,73.01696014404297,78.97943091089125,73.01696,13.733039855957031,13.733039855957031
2017-10-24 16:00:00,86.66666666666667,69.84815979003906,71.86819335685006,69.84816,16.81850687662761,16.81850687662761
2017-10-24 17:00:00,86.54166666666667,71.46241760253906,70.76641693151151,71.46242,15.079249064127609,15.079249064127609
2017-10-24 18:00:00,86.54166666666667,75.11031341552734,75.85836669302822,75.11031,11.431353251139328,11.431353251139328
2017-10-24 19:00:00,87.95833333333333,67.80777740478516,68.11715896930899,67.80778,20.150555928548172,20.150555928548172
2017-10-24 20:00:00,89.54166666666667,80.40667724609375,75.59033072337222,80.40668,9.134989420572921,9.134989420572921
2017-10-24 21:00:00,92.95833333333333,58.47435760498047,57.6864430467279,58.474358,34.48397572835286,34.48397572835286
2017-10-24 22:00:00,96.20833333333333,55.59458923339844,58.825956470136276,55.59459,40.61374409993489,40.61374409993489
2017-10-24 23:00:00,96.625,76.07120513916016,75.99795483711024,76.071205,20.553794860839844,20.553794860839844
2017-10-25 00:00:00,98.625,71.81095886230469,70.51495640872704,71.81096,26.814041137695312,26.814041137695312
2017-10-25 01:00:00,94.41666666666667,81.7788314819336,82.01338481391481,81.77883,12.637835184733078,12.637835184733078
2017-10-25 02:00:00,90.79166666666667,83.61886596679688,84.37011559306075,83.618866,7.172800699869796,7.172800699869796
2017-10-25 03:00:00,86.54166666666667,83.39744567871094,85.9553737277059,83.397446,3.144220987955734,3.144220987955734
2017-10-25 04:00:00,87.20833333333333,71.97044372558594,72.02190739344805,71.97044,15.237889607747391,15.237889607747391
2017-10-25 05:00:00,85.75,74.2892074584961,78.79343525758328,74.28921,11.460792541503906,11.460792541503906
2017-10-25 06:00:00,82.54166666666667,73.08992004394531,74.7616499232464,73.08992,9.451746622721359,9.451746622721359
2017-10-25 07:00:00,81.875,65.32865905761719,68.39643609027038,65.32866,16.546340942382812,16.546340942382812
2017-10-25 08:00:00,82.08333333333333,62.85984802246094,63.06409417341572,62.859848,19.22348531087239,19.22348531087239
2017-10-25 09:00:00,81.66666666666667,66.39765167236328,67.43957183289436,66.39765,15.26901499430339,15.26901499430339
2017-10-25 10:00:00,79.66666666666667,73.15953063964844,78.82425159134648,73.15953,6.507136027018234,6.507136027018234
2017-10-25 11:00:00,79.29166666666667,69.82393646240234,73.35893880858119,69.82394,9.467730204264328,9.467730204264328
2017-10-25 12:00:00,79.04166666666667,72.90541076660156,73.48629263429456,72.90541,6.136255900065109,6.136255900065109
2017-10-25 13:00:00,78.5,72.81919860839844,75.29075065711076,72.8192,5.6808013916015625,5.6808013916015625
2017-10-25 14:00:00,77.625,75.51407623291016,77.18733780459361,75.51408,2.1109237670898438,2.1109237670898438
2017-10-25 15:00:00,76.75,76.68235778808594,78.8372241202878,76.68236,0.0676422119140625,0.0676422119140625
2017-10-25 16:00:00,76.16666666666667,74.24471282958984,76.13629704729425,74.24471,1.9219538370768277,1.9219538370768277
2017-10-25 17:00:00,75.33333333333333,71.13468170166016,73.35156195999643,71.13468,4.198651631673172,4.198651631673172
2017-10-25 18:00:00,74.54166666666667,70.62944030761719,74.0878882813332,70.62944,3.912226359049484,3.912226359049484
2017-10-25 19:00:00,73.58333333333333,74.53801727294922,80.20991628292285,74.53802,-0.9546839396158902,0.9546839396158902
2017-10-25 20:00:00,71.375,76.61463928222656,83.69971115895017,76.61464,-5.2396392822265625,5.2396392822265625
2017-10-25 21:00:00,70.20833333333333,79.15705108642578,86.3186074241682,79.15705,-8.948717753092453,8.948717753092453
2017-10-25 22:00:00,70.08333333333333,81.7862548828125,87.86238963403075,81.786255,-11.702921549479171,11.702921549479171
2017-10-25 23:00:00,71.25,87.91512298583984,92.86381442305407,87.91512,-16.665122985839844,16.665122985839844
2017-10-26 00:00:00,69.83333333333333,91.57612609863281,98.44181536752663,91.576126,-21.742792765299484,21.742792765299484
2017-10-26 01:00:00,70.75,86.7556381225586,90.52725871243906,86.75564,-16.005638122558594,16.005638122558594
2017-10-26 02:00:00,72.04166666666667,81.93865966796875,82.27635920890357,81.93866,-9.896993001302079,9.896993001302079
2017-10-26 03:00:00,72.91666666666667,72.9256591796875,74.68765592709043,72.92566,-0.008992513020828596,0.008992513020828596
2017-10-26 04:00:00,73.29166666666667,70.34938049316406,77.81233406080143,70.34938,2.942286173502609,2.942286173502609
2017-10-26 05:00:00,73.95833333333333,67.1498031616211,69.91305423718916,67.1498,6.808530171712235,6.808530171712235
2017-10-26 06:00:00,75.45833333333333,64.57866668701172,61.474890693376686,64.57867,10.87966664632161,10.87966664632161
2017-10-26 07:00:00,77.0,61.17292022705078,66.17602503171783,61.17292,15.827079772949219,15.827079772949219
2017-10-26 08:00:00,77.58333333333333,67.45857238769531,72.3663959852639,67.45857,10.124760945638016,10.124760945638016
2017-10-26 09:00:00,78.875,61.34344482421875,64.08738645228036,61.343445,17.53155517578125,17.53155517578125
2017-10-26 10:00:00,80.16666666666667,61.3305778503418,63.79642215887335,61.330578,18.836088816324875,18.836088816324875
2017-10-26 11:00:00,81.375,67.75618743896484,67.28764463507736,67.75619,13.618812561035156,13.618812561035156
2017-10-26 12:00:00,82.5,69.46624755859375,69.967063925442,69.46625,13.03375244140625,13.03375244140625
2017-10-26 13:00:00,83.45833333333333,68.8580093383789,69.1599859035909,68.85801,14.600323994954422,14.600323994954422
2017-10-26 14:00:00,84.5,67.29077911376953,67.04061802413104,67.29078,17.20922088623047,17.20922088623047
2017-10-26 15:00:00,85.33333333333333,66.58175659179688,65.97711178264494,66.58176,18.751576741536454,18.751576741536454
2017-10-26 16:00:00,86.125,66.10017395019531,67.45272023160881,66.100174,20.024826049804688,20.024826049804688
2017-10-26 17:00:00,87.16666666666667,66.81757354736328,66.06406443366618,66.81757,20.34909311930339,20.34909311930339
2017-10-26 18:00:00,88.375,64.46125793457031,65.8760859612666,64.46126,23.913742065429688,23.913742065429688
2017-10-26 19:00:00,89.20833333333333,64.1528091430664,65.36640013619262,64.15281,25.055524190266922,25.055524190266922
2017-10-26 20:00:00,91.375,58.297882080078125,60.92828562931919,58.297882,33.077117919921875,33.077117919921875
2017-10-26 21:00:00,92.875,64.86485290527344,67.35266338384868,64.86485,28.010147094726562,28.010147094726562
2017-10-26 22:00:00,92.54166666666667,72.6875991821289,74.00428356143505,72.6876,19.854067484537765,19.854067484537765
2017-10-26 23:00:00,90.91666666666667,78.06427001953125,78.99963855376733,78.06427,12.852396647135421,12.852396647135421
2017-10-27 00:00:00,89.79166666666667,66.7385482788086,68.62073883737938,66.73855,23.053118387858078,23.053118387858078
2017-10-27 01:00:00,88.5,74.59861755371094,73.22984147717162,74.59862,13.901382446289062,13.901382446289062
2017-10-27 02:00:00,87.58333333333333,74.50210571289062,73.37973169809624,74.502106,13.081227620442704,13.081227620442704
2017-10-27 03:00:00,87.625,72.55877685546875,69.31728495105128,72.55878,15.06622314453125,15.06622314453125
2017-10-27 04:00:00,88.04166666666667,73.32456970214844,72.70610185872165,73.32457,14.717096964518234,14.717096964518234
2017-10-27 05:00:00,88.5,73.90968322753906,72.33168422789937,73.90968,14.590316772460938,14.590316772460938
2017-10-27 06:00:00,88.625,76.89503479003906,77.37169535100332,76.895035,11.729965209960938,11.729965209960938
2017-10-27 07:00:00,90.54166666666667,79.6812744140625,80.05049126614256,79.681274,10.860392252604171,10.860392252604171
2017-10-27 08:00:00,91.16666666666667,76.65515899658203,76.65338714751492,76.65516,14.51150767008464,14.51150767008464
2017-10-27 09:00:00,90.79166666666667,78.00456237792969,78.59197097969283,78.00456,12.787104288736984,12.787104288736984
2017-10-27 10:00:00,89.95833333333333,83.88067626953125,83.62619394084396,83.88068,6.077657063802079,6.077657063802079
2017-10-27 11:00:00,89.5,87.27604675292969,86.28118637161911,87.27605,2.2239532470703125,2.2239532470703125
2017-10-27 12:00:00,89.125,88.91850280761719,88.93209389150789,88.9185,0.2064971923828125,0.2064971923828125
2017-10-27 13:00:00,88.91666666666667,91.44352722167969,90.89960762896409,91.44353,-2.526860555013016,2.526860555013016
2017-10-27 14:00:00,88.33333333333333,92.67540740966797,90.54770419608003,92.67541,-4.34207407633464,4.34207407633464
2017-10-27 15:00:00,88.0,94.9443588256836,90.67560109681894,94.94436,-6.944358825683594,6.944358825683594
2017-10-27 16:00:00,87.45833333333333,90.23074340820312,86.15710947569443,90.23074,-2.7724100748697964,2.7724100748697964
2017-10-27 17:00:00,86.91666666666667,89.36250305175781,86.7744091022137,89.3625,-2.445836385091141,2.445836385091141
2017-10-27 18:00:00,85.45833333333333,89.67871856689453,86.6741740609354,89.67872,-4.220385233561203,4.220385233561203
2017-10-27 19:00:00,84.75,89.50662231445312,85.98375481870151,89.50662,-4.756622314453125,4.756622314453125
2017-10-27 20:00:00,83.125,89.71165466308594,87.17927431410762,89.711655,-6.5866546630859375,6.5866546630859375
2017-10-27 21:00:00,81.16666666666667,89.27900695800781,87.2102953904436,89.27901,-8.112340291341141,8.112340291341141
2017-10-27 22:00:00,79.875,78.18852233886719,78.72778136988197,78.18852,1.6864776611328125,1.6864776611328125
2017-10-27 23:00:00,79.83333333333333,78.1798324584961,77.9713423618722,78.17983,1.6535008748372348,1.6535008748372348
2017-10-28 00:00:00,80.625,76.58580780029297,76.18677205653682,76.58581,4.039192199707031,4.039192199707031
2017-10-28 01:00:00,82.625,77.84477996826172,76.52408109918751,77.84478,4.780220031738281,4.780220031738281
2017-10-28 02:00:00,83.08333333333333,80.22510528564453,77.70970532344585,80.225105,2.8582280476887973,2.8582280476887973
2017-10-28 03:00:00,86.16666666666667,85.78799438476562,81.92672018598819,85.787994,0.3786722819010464,0.3786722819010464
2017-10-28 04:00:00,90.08333333333333,89.72193145751953,85.0975428196036,89.72193,0.36140187581379735,0.36140187581379735
2017-10-28 05:00:00,90.5,90.82171630859375,87.3999181896222,90.82172,-0.32171630859375,0.32171630859375
2017-10-28 06:00:00,89.625,87.281494140625,85.0367420328975,87.281494,2.343505859375,2.343505859375
2017-10-28 07:00:00,87.20833333333333,94.65896606445312,92.02697967654214,94.658966,-7.450632731119796,7.450632731119796
2017-10-28 08:00:00,86.45833333333333,86.85284423828125,87.09516336191454,86.852844,-0.3945109049479214,0.3945109049479214
2017-10-28 09:00:00,86.04166666666667,81.80841827392578,81.84103773694937,81.80842,4.23324839274089,4.23324839274089
2017-10-28 10:00:00,85.83333333333333,80.6667251586914,78.49624811722089,80.666725,5.166608174641922,5.166608174641922
2017-10-28 11:00:00,85.54166666666667,81.31411743164062,79.17629811280123,81.31412,4.227549235026046,4.227549235026046
2017-10-28 12:00:00,85.04166666666667,79.3083267211914,78.76025012826193,79.30833,5.733339945475265,5.733339945475265
2017-10-28 13:00:00,84.75,83.66529846191406,81.01966407674367,83.6653,1.0847015380859375,1.0847015380859375
2017-10-28 14:00:00,84.66666666666667,81.48892211914062,78.45277548944227,81.48892,3.1777445475260464,3.1777445475260464
2017-10-28 15:00:00,84.08333333333333,82.4591064453125,78.87570674481124,82.45911,1.6242268880208286,1.6242268880208286
2017-10-28 16:00:00,84.16666666666667,82.32903289794922,82.032919028596,82.32903,1.8376337687174527,1.8376337687174527
2017-10-28 17:00:00,84.20833333333333,83.65779113769531,80.28544975589638,83.65779,0.5505421956380161,0.5505421956380161
2017-10-28 18:00:00,85.0,84.45481872558594,77.77894738585715,84.45482,0.5451812744140625,0.5451812744140625
2017-10-28 19:00:00,86.41666666666667,94.90476989746094,88.16695056685116,94.90477,-8.488103230794266,8.488103230794266
2017-10-28 20:00:00,87.29166666666667,91.57987976074219,87.01739216138428,91.57988,-4.288213094075516,4.288213094075516
2017-10-28 21:00:00,86.91666666666667,86.2028579711914,80.47429841458894,86.20286,0.7138086954752652,0.7138086954752652
2017-10-28 22:00:00,85.875,90.04161834716797,80.74127850661355,90.04162,-4.166618347167969,4.166618347167969
2017-10-28 23:00:00,84.125,96.01122283935547,88.30209800200704,96.01122,-11.886222839355469,11.886222839355469
2017-10-29 00:00:00,82.45833333333333,100.50074768066406,94.81908434037601,100.50075,-18.042414347330734,18.042414347330734
2017-10-29 01:00:00,79.20833333333333,103.69078063964844,97.51210998444284,103.69078,-24.48244730631511,24.48244730631511
2017-10-29 02:00:00,76.83333333333333,97.8128890991211,91.4037014852179,97.81289,-20.979555765787765,20.979555765787765
2017-10-29 03:00:00,71.33333333333333,102.06607055664062,99.94022209840975,102.06607,-30.732737223307296,30.732737223307296
2017-10-29 04:00:00,65.125,109.0038070678711,105.0629503662514,109.00381,-43.878807067871094,43.878807067871094
2017-10-29 05:00:00,62.375,102.58438110351562,95.70008823879195,102.58438,-40.209381103515625,40.209381103515625
2017-10-29 06:00:00,62.916666666666664,81.17521667480469,76.24984766715144,81.17522,-18.258550008138023,18.258550008138023
2017-10-29 07:00:00,62.291666666666664,88.57102966308594,81.91971937084224,88.57103,-26.279362996419273,26.279362996419273
2017-10-29 08:00:00,62.375,90.32717895507812,85.16064489309395,90.32718,-27.952178955078125,27.952178955078125
2017-10-29 09:00:00,62.875,88.13014221191406,82.53819224475437,88.13014,-25.255142211914062,25.255142211914062
2017-10-29 10:00:00,63.541666666666664,90.48372650146484,83.84107852154968,90.48373,-26.94205983479818,26.94205983479818
2017-10-29 11:00:00,63.96774193548387,89.87196350097656,86.6744194578024,89.87196,-25.90422156549269,25.90422156549269
2017-10-29 12:00:00,64.61155913978494,88.83555603027344,83.49216674030572,88.835556,-24.223996890488493,24.223996890488493
2017-10-29 13:00:00,65.01478494623656,89.27388000488281,83.3714153217655,89.27388,-24.259095058646253,24.259095058646253
2017-10-29 14:00:00,65.46908602150538,90.87842559814453,85.29530463304695,90.878426,-25.409339576639155,25.409339576639155
2017-10-29 15:00:00,66.3494623655914,91.33877563476562,82.45958271947532,91.338776,-24.989313269174218,24.989313269174218
2017-10-29 16:00:00,66.53091397849462,83.72236633300781,84.53921927045342,83.72237,-17.19145235451319,17.19145235451319
2017-10-29 17:00:00,66.18010752688171,81.06575012207031,80.74369082160796,81.06575,-14.8856425951886,14.8856425951886
2017-10-29 18:00:00,65.29704301075269,87.58639526367188,86.10884944234452,87.586395,-22.289352252919187,22.289352252919187
2017-10-29 19:00:00,62.5483870967742,87.26734924316406,91.47354593604308,87.26735,-24.718962146389863,24.718962146389863
2017-10-29 20:00:00,60.475806451612904,83.37094116210938,87.42242720305272,83.37094,-22.89513471049647,22.89513471049647
2017-10-29 21:00:00,59.91263440860215,70.38142395019531,74.15827734808782,70.381424,-10.46878954159316,10.46878954159316
2017-10-29 22:00:00,59.85887096774193,70.57364654541016,69.8619093679704,70.57365,-10.714775577668227,10.714775577668227
2017-10-29 23:00:00,59.23118279569892,68.49031066894531,68.24398539233007,68.49031,-9.259127873246392,9.259127873246392
2017-10-30 00:00:00,58.571236559139784,73.63473510742188,71.60961561321487,73.634735,-15.063498548282091,15.063498548282091
2017-10-30 01:00:00,58.12903225806451,74.88402557373047,71.04420205458327,74.884026,-16.754993315665956,16.754993315665956
2017-10-30 02:00:00,58.362903225806456,72.37594604492188,67.64410413423866,72.375946,-14.01304281911542,14.01304281911542
2017-10-30 03:00:00,58.89784946236559,70.5609359741211,64.934738719203,70.560936,-11.663086511755502,11.663086511755502
2017-10-30 04:00:00,59.317204301075265,66.66393280029297,62.24001767980401,66.66393,-7.346728499217704,7.346728499217704
2017-10-30 05:00:00,59.57930107526881,67.34965515136719,60.424780625746756,67.349655,-7.7703540760983785,7.7703540760983785
2017-10-30 06:00:00,57.892473118279575,77.60118103027344,73.66845112905186,77.60118,-19.708707911993862,19.708707911993862
2017-10-30 07:00:00,56.798387096774185,65.60590362548828,62.70708518563976,65.6059,-8.807516528714096,8.807516528714096
2017-10-30 08:00:00,55.25537634408602,75.17037963867188,71.45945371292841,75.17038,-19.91500329458586,19.91500329458586
2017-10-30 09:00:00,53.596774193548384,81.37557220458984,76.74733069674876,81.37557,-27.77879801104146,27.77879801104146
2017-10-30 10:00:00,51.82258064516129,80.87649536132812,78.07095492030014,80.876495,-29.053914716166837,29.053914716166837
2017-10-30 11:00:00,50.048387096774185,76.73594665527344,79.731271329935,76.73595,-26.687559558499252,26.687559558499252
2017-10-30 12:00:00,48.274193548387096,78.88069915771484,78.62156998589738,78.8807,-30.606505609327748,30.606505609327748
2017-10-30 13:00:00,46.5,83.85553741455078,85.08195462254464,83.85554,-37.35553741455078,37.35553741455078
2017-10-30 14:00:00,44.7258064516129,82.26753997802734,82.21474098411197,82.26754,-37.54173352641445,37.54173352641445
2017-10-30 15:00:00,42.9516129032258,79.91299438476562,81.19103506863215,79.912994,-36.961381481539824,36.961381481539824
2017-10-30 16:00:00,41.17741935483871,75.96361541748047,76.21925095469666,75.963615,-34.78619606264176,34.78619606264176
2017-10-30 17:00:00,39.403225806451616,68.9378662109375,66.3732507010094,68.93787,-29.534640404485884,29.534640404485884
2017-10-30 18:00:00,38.53629032258064,68.73599243164062,66.92171185650233,68.73599,-30.199702109059984,30.199702109059984
2017-10-30 19:00:00,38.4516129032258,67.48934173583984,65.4672557011535,67.48934,-29.037728832614043,29.037728832614043
2017-10-30 20:00:00,39.399193548387096,66.51908111572266,66.94903265616078,66.51908,-27.11988756733556,27.11988756733556
2017-10-30 21:00:00,41.33736559139785,70.332763671875,68.68811177283024,70.33276,-28.995398080477152,28.995398080477152
2017-10-30 22:00:00,41.22446236559139,69.90086364746094,69.10832765036663,69.90086,-28.676401281869545,28.676401281869545
2017-10-30 23:00:00,40.935483870967744,69.48851013183594,66.7264386443938,69.48851,-28.553026260868194,28.553026260868194
2017-10-31 00:00:00,41.053763440860216,64.07816314697266,66.89665875641344,64.07816,-23.02439970611244,23.02439970611244
2017-10-31 01:00:00,41.74596774193548,64.38912963867188,64.89820953127355,64.38913,-22.643161896736395,22.643161896736395
2017-10-31 02:00:00,42.803763440860216,65.84028625488281,68.72805406477107,65.84029,-23.036522814022597,23.036522814022597
2017-10-31 03:00:00,42.97715053763441,68.02811431884766,70.34077597517857,68.028114,-25.050963781213248,25.050963781213248
2017-10-31 04:00:00,43.34946236559139,70.30368041992188,71.34434818721029,70.30368,-26.954218054330482,26.954218054330482
2017-10-31 05:00:00,43.58736559139785,69.62455749511719,70.21248865271188,69.62456,-26.03719190371934,26.03719190371934
2017-10-31 06:00:00,45.149193548387096,62.83648681640625,61.921472015746254,62.836487,-17.687293268019154,17.687293268019154
2017-10-31 07:00:00,46.9516129032258,68.19895935058594,58.42853249158705,68.19896,-21.247346447360137,21.247346447360137
2017-10-31 08:00:00,46.91129032258064,59.95458221435547,52.88526670643821,59.954582,-13.043291891774828,13.043291891774828
2017-10-31 09:00:00,47.23655913978494,56.1091423034668,53.441252029579466,56.109142,-8.87258316368186,8.87258316368186
2017-10-31 10:00:00,46.63575268817204,58.36598205566406,53.48387083797232,58.365982,-11.730229367492022,11.730229367492022
2017-10-31 11:00:00,46.10887096774193,57.58633804321289,54.248251821869765,57.586338,-11.477467075470962,11.477467075470962
2017-10-31 12:00:00,45.655913978494624,57.885746002197266,55.114044047295145,57.885746,-12.229832023702642,12.229832023702642
2017-10-31 13:00:00,45.44354838709677,57.854984283447266,54.88277286568667,57.854984,-12.411435896350497,12.411435896350497
2017-10-31 14:00:00,45.38844086021505,57.00381088256836,53.60243607270487,57.00381,-11.61537002235331,11.61537002235331
2017-10-31 15:00:00,45.65725806451613,55.65556335449219,52.10993030172101,55.655563,-9.99830528997606,9.99830528997606
2017-10-31 16:00:00,46.166666666666664,51.61442947387695,48.17318455650905,51.61443,-5.447762807210289,5.447762807210289
2017-10-31 17:00:00,46.875,50.223960876464844,45.958632642334614,50.22396,-3.3489608764648438,3.3489608764648438
2017-10-31 18:00:00,47.958333333333336,55.48689651489258,54.52588666417784,55.486897,-7.528563181559242,7.528563181559242
2017-10-31 19:00:00,48.958333333333336,59.297550201416016,58.95174204735401,59.29755,-10.33921686808268,10.33921686808268
2017-10-31 20:00:00,49.333333333333336,61.13339614868164,63.03544897015638,61.133396,-11.800062815348305,11.800062815348305
2017-10-31 21:00:00,47.583333333333336,64.52066802978516,66.96380378632995,64.52067,-16.93733469645182,16.93733469645182
2017-10-31 22:00:00,49.208333333333336,51.62926483154297,54.31482959199382,51.629265,-2.420931498209633,2.420931498209633
2017-10-31 23:00:00,50.583333333333336,50.49803161621094,53.75857175645489,50.49803,0.0853017171223982,0.0853017171223982
2017-11-01 00:00:00,51.708333333333336,51.46131896972656,56.622213744598696,51.46132,0.2470143636067732,0.2470143636067732
2017-11-01 01:00:00,52.708333333333336,59.86676025390625,61.77046632279063,59.86676,-7.158426920572914,7.158426920572914
2017-11-01 02:00:00,53.125,63.26371383666992,68.40220343855665,63.263714,-10.138713836669922,10.138713836669922
2017-11-01 03:00:00,54.083333333333336,59.97406005859375,63.85938416402752,59.97406,-5.890726725260414,5.890726725260414
2017-11-01 04:00:00,55.125,60.3002815246582,65.7501079828203,60.30028,-5.175281524658203,5.175281524658203
2017-11-01 05:00:00,55.958333333333336,58.09245300292969,64.39751224272075,58.092453,-2.134119669596352,2.134119669596352
2017-11-01 06:00:00,55.708333333333336,64.51588439941406,67.74060421280741,64.515884,-8.807551066080727,8.807551066080727
2017-11-01 07:00:00,55.375,67.45724487304688,67.71711717518059,67.457245,-12.082244873046875,12.082244873046875
2017-11-01 08:00:00,56.333333333333336,56.55651092529297,54.19499160437254,56.55651,-0.22317759195963305,0.22317759195963305
2017-11-01 09:00:00,56.333333333333336,59.450897216796875,58.731673547726125,59.450897,-3.1175638834635393,3.1175638834635393
2017-11-01 10:00:00,56.791666666666664,53.64750671386719,52.78363188905352,53.647507,3.144159952799477,3.144159952799477
2017-11-01 11:00:00,56.916666666666664,52.65306091308594,51.24858814349416,52.65306,4.263605753580727,4.263605753580727
2017-11-01 12:00:00,57.416666666666664,53.672000885009766,52.97113838918059,53.672,3.7446657816568987,3.7446657816568987
2017-11-01 13:00:00,57.458333333333336,53.62908172607422,51.41222718715863,53.62908,3.829251607259117,3.829251607259117
2017-11-01 14:00:00,57.708333333333336,52.950599670410156,50.933881159703255,52.9506,4.7577336629231795,4.7577336629231795
2017-11-01 15:00:00,57.333333333333336,56.70988845825195,54.599136636676846,56.70989,0.6234448750813826,0.6234448750813826
2017-11-01 16:00:00,56.791666666666664,57.3360710144043,53.26858426567963,57.33607,-0.5444043477376326,0.5444043477376326
2017-11-01 17:00:00,56.5,55.68235778808594,51.7976170518235,55.682358,0.8176422119140625,0.8176422119140625
2017-11-01 18:00:00,57.125,62.184722900390625,60.33836360183588,62.184723,-5.059722900390625,5.059722900390625
2017-11-01 19:00:00,56.958333333333336,64.50214385986328,63.51971015756387,64.502144,-7.5438105265299455,7.5438105265299455
2017-11-01 20:00:00,57.583333333333336,63.33503723144531,64.19182649022954,63.335037,-5.751703898111977,5.751703898111977
2017-11-01 21:00:00,59.875,58.456138610839844,59.226194776722316,58.45614,1.4188613891601562,1.4188613891601562
2017-11-01 22:00:00,61.875,67.89717864990234,69.27432689956117,67.89718,-6.022178649902344,6.022178649902344
2017-11-01 23:00:00,62.958333333333336,67.26376342773438,68.13678271882952,67.26376,-4.305430094401039,4.305430094401039
2017-11-02 00:00:00,63.75,67.15975952148438,66.40111009202784,67.15976,-3.409759521484375,3.409759521484375
2017-11-02 01:00:00,64.70833333333333,67.4461898803711,66.7400834816874,67.44619,-2.737856547037765,2.737856547037765
2017-11-02 02:00:00,64.45833333333333,65.43785095214844,66.32719151410974,65.43785,-0.9795176188151089,0.9795176188151089
2017-11-02 03:00:00,66.20833333333333,71.77428436279297,67.87709132219514,71.774284,-5.56595102945964,5.56595102945964
2017-11-02 04:00:00,67.70833333333333,73.35635375976562,68.95848674842475,73.35635,-5.648020426432296,5.648020426432296
2017-11-02 05:00:00,68.95833333333333,73.17583465576172,70.0381592114762,73.175835,-4.21750132242839,4.21750132242839
2017-11-02 06:00:00,70.20833333333333,73.71316528320312,66.81351614967386,73.713165,-3.5048319498697964,3.5048319498697964
2017-11-02 07:00:00,71.75,73.96342468261719,67.69078889650676,73.963425,-2.2134246826171875,2.2134246826171875
2017-11-02 08:00:00,72.33333333333333,68.62959289550781,67.28541762576184,68.62959,3.703740437825516,3.703740437825516
2017-11-02 09:00:00,72.45833333333333,62.98678970336914,61.59067314267725,62.98679,9.471543629964188,9.471543629964188
2017-11-02 10:00:00,72.58333333333333,66.96835327148438,65.76760191753984,66.96835,5.614980061848954,5.614980061848954
2017-11-02 11:00:00,72.66666666666667,63.0747184753418,62.48902617883883,63.07472,9.591948191324875,9.591948191324875
2017-11-02 12:00:00,72.75,67.98677062988281,66.23860495274467,67.98677,4.7632293701171875,4.7632293701171875
2017-11-02 13:00:00,73.125,61.67770004272461,61.99212251433453,61.6777,11.44729995727539,11.44729995727539
2017-11-02 14:00:00,73.125,65.07859802246094,64.62201630575905,65.0786,8.046401977539062,8.046401977539062
2017-11-02 15:00:00,73.25,59.17860412597656,58.703814522664594,59.178604,14.071395874023438,14.071395874023438
2017-11-02 16:00:00,73.91666666666667,59.1689338684082,57.653914593563464,59.168934,14.747732798258468,14.747732798258468
2017-11-02 17:00:00,74.375,57.22343444824219,53.19169890092651,57.223434,17.151565551757812,17.151565551757812
2017-11-02 18:00:00,73.54166666666667,68.9483413696289,65.67986184430738,68.94834,4.593325297037765,4.593325297037765
2017-11-02 19:00:00,73.375,65.43525695800781,62.79555205470821,65.43526,7.9397430419921875,7.9397430419921875
2017-11-02 20:00:00,71.625,70.68221282958984,67.99266888356384,70.68221,0.9427871704101562,0.9427871704101562
2017-11-02 21:00:00,70.625,73.04737854003906,69.72442860498477,73.04738,-2.4223785400390625,2.4223785400390625
2017-11-02 22:00:00,67.58333333333333,72.18389892578125,71.031073418939,72.1839,-4.600565592447921,4.600565592447921
2017-11-02 23:00:00,65.33333333333333,70.75859832763672,68.28789730823404,70.7586,-5.42526499430339,5.42526499430339
2017-11-03 00:00:00,64.08333333333333,67.40663146972656,68.15968622837622,67.40663,-3.323298136393234,3.323298136393234
2017-11-03 01:00:00,62.333333333333336,67.0999526977539,69.13166131072136,67.09995,-4.7666193644205705,4.7666193644205705
2017-11-03 02:00:00,61.291666666666664,60.629127502441406,62.209524047663066,60.629128,0.662539164225258,0.662539164225258
2017-11-03 03:00:00,60.0,72.12495422363281,74.20515010461854,72.124954,-12.124954223632812,12.124954223632812
2017-11-03 04:00:00,59.083333333333336,70.95584869384766,73.41528283303515,70.95585,-11.87251536051432,11.87251536051432
2017-11-03 05:00:00,58.625,71.86418151855469,72.56802910384691,71.86418,-13.239181518554688,13.239181518554688
2017-11-03 06:00:00,56.875,71.81332397460938,72.17940371668965,71.813324,-14.938323974609375,14.938323974609375
2017-11-03 07:00:00,54.666666666666664,73.55159759521484,73.18951683155,73.5516,-18.88493092854818,18.88493092854818
2017-11-03 08:00:00,53.833333333333336,65.72698974609375,64.43759017298594,65.72699,-11.893656412760414,11.893656412760414
2017-11-03 09:00:00,53.458333333333336,60.6383056640625,60.10910160121115,60.638306,-7.179972330729164,7.179972330729164
2017-11-03 10:00:00,53.541666666666664,59.98923110961914,60.559843896107154,59.98923,-6.447564442952476,6.447564442952476
2017-11-03 11:00:00,53.625,57.31955337524414,61.15764121681398,57.319553,-3.6945533752441406,3.6945533752441406
2017-12-01 12:00:00,139.0,130.41583251953125,133.04913595807727,130.41583,8.58416748046875,8.58416748046875
2017-12-01 13:00:00,138.875,129.49737548828125,128.84367164997437,129.49738,9.37762451171875,9.37762451171875
2017-12-01 14:00:00,138.83333333333334,128.8034210205078,129.44063896085743,128.80342,10.02991231282553,10.02991231282553
2017-12-01 15:00:00,139.125,132.97482299804688,127.86173809824315,132.97482,6.150177001953125,6.150177001953125
2017-12-01 16:00:00,138.5,127.91525268554688,122.83307061634548,127.91525,10.584747314453125,10.584747314453125
2017-12-01 17:00:00,137.79166666666666,130.90740966796875,127.63650497718469,130.90741,6.884256998697907,6.884256998697907
2017-12-01 18:00:00,137.04166666666666,129.53860473632812,128.2026104615407,129.5386,7.503061930338532,7.503061930338532
2017-12-01 19:00:00,136.125,135.62667846679688,132.37473329716966,135.62668,0.498321533203125,0.498321533203125
2017-12-01 20:00:00,138.04166666666666,134.6123046875,129.36152821400734,134.6123,3.429361979166657,3.429361979166657
2017-12-01 21:00:00,137.25,137.54931640625,135.36619946232744,137.54932,-0.29931640625,0.29931640625
2017-12-01 22:00:00,138.70833333333334,121.59776306152344,117.89499537608982,121.59776,17.110570271809905,17.110570271809905
2017-12-01 23:00:00,138.25,127.50598907470703,123.5394885476849,127.50599,10.744010925292969,10.744010925292969
2017-12-02 00:00:00,137.75,138.59181213378906,136.20924611730862,138.59181,-0.8418121337890625,0.8418121337890625
2017-12-02 01:00:00,135.875,138.33853149414062,137.72110716578698,138.33853,-2.463531494140625,2.463531494140625
2017-12-02 02:00:00,130.20833333333334,151.67221069335938,149.24329768345962,151.67221,-21.463877360026032,21.463877360026032
2017-12-02 03:00:00,125.625,136.54180908203125,140.2980504906917,136.54181,-10.91680908203125,10.91680908203125
2017-12-02 04:00:00,114.20833333333333,155.09857177734375,155.1463251770266,155.09857,-40.89023844401042,40.89023844401042
2017-12-02 05:00:00,113.125,126.30367279052734,121.61969984397965,126.30367,-13.178672790527344,13.178672790527344
2017-12-02 06:00:00,113.125,139.8602752685547,139.28786959584025,139.86028,-26.735275268554688,26.735275268554688
2017-12-02 07:00:00,114.875,133.08236694335938,126.49081295194075,133.08237,-18.207366943359375,18.207366943359375
2017-12-02 08:00:00,115.58333333333333,127.07025909423828,121.68569474671845,127.07026,-11.486925760904953,11.486925760904953
2017-12-02 09:00:00,116.29166666666667,122.66256713867188,122.75320696452923,122.66257,-6.370900472005204,6.370900472005204
2017-12-02 10:00:00,114.08333333333333,128.98992919921875,129.01194225217583,128.98993,-14.906595865885421,14.906595865885421
2017-12-02 11:00:00,113.83333333333333,123.20458984375,119.67507808529682,123.20459,-9.371256510416671,9.371256510416671
2017-12-02 12:00:00,113.25,129.42877197265625,123.6809971223863,129.42877,-16.17877197265625,16.17877197265625
2017-12-02 13:00:00,112.66666666666667,137.48855590820312,125.2648210235398,137.48856,-24.821889241536454,24.821889241536454
2017-12-02 14:00:00,111.875,134.72113037109375,126.13722676783071,134.72113,-22.84613037109375,22.84613037109375
2017-12-02 15:00:00,110.79166666666667,135.42227172851562,126.35884309236734,135.42227,-24.630605061848954,24.630605061848954
2017-12-02 16:00:00,110.79166666666667,129.81121826171875,123.174967981539,129.81122,-19.01955159505208,19.01955159505208
2017-12-02 17:00:00,110.33333333333333,132.769287109375,125.62063774938721,132.76929,-22.43595377604167,22.43595377604167
2017-12-02 18:00:00,110.41666666666667,139.60665893554688,131.93887452013027,139.60666,-29.189992268880204,29.189992268880204
2017-12-02 19:00:00,108.29166666666667,132.27590942382812,127.2917804080425,132.27591,-23.984242757161454,23.984242757161454
2017-12-02 20:00:00,106.375,139.82382202148438,140.8335926492018,139.82382,-33.448822021484375,33.448822021484375
2017-12-02 21:00:00,105.79166666666667,130.9590301513672,132.1598757337382,130.95903,-25.167363484700516,25.167363484700516
2017-12-02 22:00:00,105.70833333333333,127.00786590576172,125.49194273200703,127.007866,-21.29953257242839,21.29953257242839
2017-12-02 23:00:00,104.95833333333333,131.47921752929688,125.21532061378701,131.47922,-26.520884195963546,26.520884195963546
2017-12-03 00:00:00,105.16666666666667,132.2532501220703,132.24704626026454,132.25325,-27.08658345540364,27.08658345540364
2017-12-03 01:00:00,106.20833333333333,128.9584503173828,125.6926237821292,128.95845,-22.750116984049484,22.750116984049484
2017-12-03 02:00:00,107.25,121.18995666503906,115.86057828913941,121.18996,-13.939956665039062,13.939956665039062
2017-12-03 03:00:00,110.83333333333333,124.2350845336914,116.71275991949773,124.235085,-13.401751200358078,13.401751200358078
2017-12-03 04:00:00,116.08333333333333,116.43495178222656,114.09234017951572,116.43495,-0.3516184488932339,0.3516184488932339
2017-12-03 05:00:00,122.41666666666667,112.71843719482422,114.18039765474641,112.71844,9.698229471842453,9.698229471842453
2017-12-03 06:00:00,122.75,122.22480773925781,126.33002293905251,122.22481,0.5251922607421875,0.5251922607421875
2017-12-03 07:00:00,123.70833333333333,123.88958740234375,126.5581477870683,123.88959,-0.1812540690104214,0.1812540690104214
2017-12-03 08:00:00,125.75,119.79338073730469,119.60448756928763,119.79338,5.9566192626953125,5.9566192626953125
2017-12-03 09:00:00,125.875,119.06086730957031,119.51152780812401,119.06087,6.8141326904296875,6.8141326904296875
2017-12-03 10:00:00,126.41666666666667,104.79087829589844,108.54753578892512,104.79088,21.625788370768234,21.625788370768234
2017-12-03 11:00:00,126.5,115.76779174804688,118.17581871682881,115.76779,10.732208251953125,10.732208251953125
2017-12-03 12:00:00,127.04166666666667,121.84236145019531,119.93602697909198,121.84236,5.199305216471359,5.199305216471359
2017-12-03 13:00:00,127.125,104.74740600585938,107.92760476452133,104.747406,22.377593994140625,22.377593994140625
2017-12-03 14:00:00,127.625,101.94114685058594,105.4886251227954,101.94115,25.683853149414062,25.683853149414062
2017-12-03 15:00:00,127.79166666666667,98.20518493652344,100.56305875244563,98.205185,29.586481730143234,29.586481730143234
2017-12-03 16:00:00,128.08333333333334,97.54647064208984,103.3404048067198,97.54647,30.5368626912435,30.5368626912435
2017-12-03 17:00:00,128.29166666666666,91.50791931152344,94.96559361426114,91.50792,36.78374735514322,36.78374735514322
2017-12-03 18:00:00,127.25,94.40299987792969,100.898551780995,94.403,32.84700012207031,32.84700012207031
2017-12-03 19:00:00,126.58333333333333,91.83165740966797,95.0476744604649,91.83166,34.75167592366536,34.75167592366536
2017-12-03 20:00:00,122.91666666666667,90.11205291748047,95.43004174597343,90.11205,32.8046137491862,32.8046137491862
2017-12-03 21:00:00,120.375,99.9577865600586,102.1760916824332,99.95779,20.417213439941406,20.417213439941406
2017-12-03 22:00:00,117.91666666666667,103.11140441894531,102.36595817530497,103.111404,14.805262247721359,14.805262247721359
2017-12-03 23:00:00,116.08333333333333,101.20097351074219,101.44709193856225,101.20097,14.882359822591141,14.882359822591141
2017-12-04 00:00:00,115.33333333333333,107.03936767578125,109.65506417325471,107.03937,8.293965657552079,8.293965657552079
2017-12-04 01:00:00,113.25,112.90262603759766,111.11502165460006,112.902626,0.34737396240234375,0.34737396240234375
2017-12-04 02:00:00,116.95833333333333,105.73351287841797,107.43570170323568,105.73351,11.22482045491536,11.22482045491536
2017-12-04 03:00:00,115.70833333333333,113.28387451171875,111.83859267621979,113.283875,2.4244588216145786,2.4244588216145786
2017-12-04 04:00:00,113.75,117.9111328125,115.45066903055691,117.91113,-4.1611328125,4.1611328125
2017-12-04 05:00:00,112.04166666666667,120.85751342773438,122.02963594128663,120.85751,-8.815846761067704,8.815846761067704
2017-12-04 06:00:00,112.625,117.2061767578125,123.49644738716653,117.20618,-4.5811767578125,4.5811767578125
2017-12-04 07:00:00,113.54166666666667,121.25360107421875,124.70135450280364,121.2536,-7.711934407552079,7.711934407552079
2017-12-04 08:00:00,117.33333333333333,115.09246826171875,122.96420966723551,115.09247,2.2408650716145786,2.2408650716145786
2017-12-04 09:00:00,121.625,115.69061279296875,117.75757817731764,115.69061,5.93438720703125,5.93438720703125
2017-12-04 10:00:00,125.625,114.43789672851562,116.68080352578572,114.4379,11.187103271484375,11.187103271484375
2017-12-04 11:00:00,126.33333333333333,114.8377914428711,112.11175102962306,114.83779,11.495541890462235,11.495541890462235
2017-12-04 12:00:00,125.83333333333333,118.80941772460938,113.08121592920287,118.80942,7.023915608723954,7.023915608723954
2017-12-04 13:00:00,125.66666666666667,113.92266845703125,109.73797994086385,113.92267,11.743998209635421,11.743998209635421
2017-12-04 14:00:00,126.125,116.13006591796875,112.50770859236948,116.130066,9.99493408203125,9.99493408203125
2017-12-04 15:00:00,126.29166666666667,124.47517395019531,118.32237940953232,124.475174,1.816492716471359,1.816492716471359
2017-12-04 16:00:00,126.16666666666667,125.74531555175781,123.95981275979656,125.745316,0.4213511149088589,0.4213511149088589
2017-12-04 17:00:00,126.58333333333333,117.59264373779297,117.23029445280515,117.59264,8.99068959554036,8.99068959554036
2017-12-04 18:00:00,126.875,117.0199966430664,115.40873521667696,117.02,9.855003356933594,9.855003356933594
2017-12-04 19:00:00,127.08333333333333,115.88916015625,117.33175264323376,115.88916,11.194173177083329,11.194173177083329
2017-12-04 20:00:00,128.45833333333334,111.35516357421875,111.58473767486751,111.35516,17.103169759114593,17.103169759114593
2017-12-04 21:00:00,129.29166666666666,116.79920196533203,115.1669757719602,116.7992,12.492464701334626,12.492464701334626
2017-12-04 22:00:00,131.83333333333334,109.84979248046875,113.78335931755416,109.84979,21.983540852864593,21.983540852864593
2017-12-04 23:00:00,134.16666666666666,102.58555603027344,112.89001474609556,102.585556,31.58111063639322,31.58111063639322
2017-12-05 00:00:00,136.91666666666666,110.1849594116211,123.35726347199301,110.18496,26.731707255045563,26.731707255045563
2017-12-05 01:00:00,143.20833333333334,106.41886901855469,117.28059756039447,106.41887,36.789464314778655,36.789464314778655
2017-12-05 02:00:00,147.45833333333334,132.73020935058594,139.10753012777346,132.73021,14.728123982747405,14.728123982747405
2017-12-05 03:00:00,152.66666666666666,119.45191192626953,122.23547280157969,119.45191,33.214754740397126,33.214754740397126
2017-12-05 04:00:00,152.20833333333334,113.57614135742188,118.75738009626934,113.57614,38.63219197591147,38.63219197591147
2017-12-05 05:00:00,147.79166666666666,120.99488830566406,120.777844668629,120.99489,26.796778361002595,26.796778361002595
2017-12-05 06:00:00,145.125,136.63442993164062,133.71747224010272,136.63443,8.490570068359375,8.490570068359375
2017-12-05 07:00:00,141.70833333333334,132.35919189453125,133.67434240783214,132.35919,9.349141438802093,9.349141438802093
2017-12-05 08:00:00,136.08333333333334,138.93222045898438,139.90558428704531,138.93222,-2.848887125651032,2.848887125651032
2017-12-05 09:00:00,129.83333333333334,124.79832458496094,133.15177073703774,124.798325,5.035008748372405,5.035008748372405
2017-12-05 10:00:00,124.875,128.55990600585938,131.23176326207675,128.5599,-3.684906005859375,3.684906005859375
2017-12-05 11:00:00,123.375,134.0426025390625,131.25558229548267,134.0426,-10.6676025390625,10.6676025390625
2017-12-05 12:00:00,123.33333333333333,131.296875,123.74232586418107,131.29688,-7.963541666666671,7.963541666666671
2017-12-05 13:00:00,123.375,126.40135192871094,116.59007275708687,126.40135,-3.0263519287109375,3.0263519287109375
2017-12-05 14:00:00,122.83333333333333,132.1248016357422,122.03944436070746,132.1248,-9.291468302408859,9.291468302408859
2017-12-05 15:00:00,122.70833333333333,125.03842163085938,114.58520279956376,125.03842,-2.3300882975260464,2.3300882975260464
2017-12-05 16:00:00,122.83333333333333,122.8580322265625,113.18520194381946,122.85803,-0.024698893229171404,0.024698893229171404
2017-12-05 17:00:00,122.20833333333333,119.9915771484375,111.40607134556865,119.99158,2.2167561848958286,2.2167561848958286
2017-12-05 18:00:00,121.29166666666667,118.744384765625,112.95370476964435,118.744385,2.5472819010416714,2.5472819010416714
2017-12-05 19:00:00,122.29166666666667,117.50833892822266,113.1586059175703,117.50834,4.783327738444015,4.783327738444015
2017-12-05 20:00:00,123.875,119.46763610839844,118.25639481848592,119.467636,4.4073638916015625,4.4073638916015625
2017-12-05 21:00:00,123.58333333333333,124.66477966308594,120.40626422784493,124.66478,-1.081446329752609,1.081446329752609
2017-12-05 22:00:00,122.91666666666667,122.97859191894531,116.99746586592019,122.97859,-0.061925252278641096,0.061925252278641096
2017-12-05 23:00:00,122.79166666666667,127.95014190673828,125.13054610244654,127.95014,-5.15847524007161,5.15847524007161
2017-12-06 00:00:00,121.875,148.69949340820312,140.55895723846479,148.6995,-26.824493408203125,26.824493408203125
2017-12-06 01:00:00,120.875,160.84999084472656,147.34688854846465,160.84999,-39.97499084472656,39.97499084472656
2017-12-06 02:00:00,112.41666666666667,168.50665283203125,160.0489705692836,168.50665,-56.08998616536458,56.08998616536458
2017-12-06 03:00:00,105.45833333333333,174.7947540283203,153.8742688059472,174.79475,-69.33642069498698,69.33642069498698
2017-12-06 04:00:00,107.79166666666667,146.10885620117188,128.73233859445796,146.10886,-38.317189534505204,38.317189534505204
2017-12-06 05:00:00,111.66666666666667,137.63751220703125,119.96283114554146,137.63751,-25.97084554036458,25.97084554036458
2017-12-06 06:00:00,113.79166666666667,135.60569763183594,126.23915256185835,135.6057,-21.814030965169266,21.814030965169266
2017-12-06 07:00:00,119.125,138.078369140625,128.76197931450528,138.07837,-18.953369140625,18.953369140625
2017-12-06 08:00:00,119.54166666666667,137.61448669433594,127.13720237793677,137.61449,-18.072820027669266,18.072820027669266
2017-12-06 09:00:00,120.20833333333333,127.70931243896484,118.17097327409037,127.70931,-7.500979105631515,7.500979105631515
2017-12-06 10:00:00,120.33333333333333,121.41802978515625,107.1026491412418,121.41803,-1.0846964518229214,1.0846964518229214
2017-12-06 11:00:00,120.54166666666667,117.67390441894531,104.44311325929,117.673904,2.867762247721359,2.867762247721359
2017-12-06 12:00:00,120.54166666666667,119.02340698242188,110.38872681503759,119.02341,1.5182596842447964,1.5182596842447964
2017-12-06 13:00:00,120.41666666666667,124.271484375,111.49813700708681,124.271484,-3.8548177083333286,3.8548177083333286
2017-12-06 14:00:00,120.20833333333333,118.09850311279297,109.47678187955827,118.0985,2.10983022054036,2.10983022054036
2017-12-06 15:00:00,120.75,120.11604309082031,108.065072952065,120.11604,0.6339569091796875,0.6339569091796875
2017-12-06 16:00:00,121.41666666666667,119.95219421386719,110.48835485791268,119.952194,1.464472452799484,1.464472452799484
2017-12-06 17:00:00,122.08333333333333,118.26551818847656,110.30914756681318,118.26552,3.817815144856766,3.817815144856766
2017-12-06 18:00:00,123.33333333333333,124.29452514648438,112.65956943265164,124.294525,-0.9611918131510464,0.9611918131510464
2017-12-06 19:00:00,123.20833333333333,128.34471130371094,121.84796837172426,128.34471,-5.136377970377609,5.136377970377609
2017-12-06 20:00:00,123.45833333333333,131.2531280517578,120.81056007491806,131.25313,-7.794794718424484,7.794794718424484
2017-12-06 21:00:00,123.04166666666667,130.9329833984375,119.6447451623606,130.93298,-7.891316731770829,7.891316731770829
2017-12-06 22:00:00,121.70833333333333,137.18307495117188,125.78402656727114,137.18307,-15.474741617838546,15.474741617838546
2017-12-06 23:00:00,119.45833333333333,135.45196533203125,122.79637073565439,135.45197,-15.993631998697921,15.993631998697921
2017-12-07 00:00:00,115.33333333333333,144.24838256835938,128.4576253707603,144.24838,-28.915049235026046,28.915049235026046
2017-12-07 01:00:00,106.91666666666667,151.87603759765625,134.20507944518775,151.87604,-44.95937093098958,44.95937093098958
2017-12-07 02:00:00,104.375,123.11064147949219,112.37385563981168,123.11064,-18.735641479492188,18.735641479492188
2017-12-07 03:00:00,103.41666666666667,118.66189575195312,110.67031870133114,118.661896,-15.245229085286454,15.245229085286454
2017-12-07 04:00:00,100.58333333333333,138.2845458984375,124.76139868855314,138.28455,-37.70121256510417,37.70121256510417
2017-12-07 05:00:00,98.33333333333333,134.6570587158203,124.25999386575764,134.65706,-36.323725382486984,36.323725382486984
2017-12-07 06:00:00,94.0,139.5343780517578,131.42753729117607,139.53438,-45.53437805175781,45.53437805175781
2017-12-07 07:00:00,85.54166666666667,145.97882080078125,142.89018828167903,145.97882,-60.43715413411458,60.43715413411458
2017-12-07 08:00:00,82.04166666666667,135.3739013671875,128.31659245771485,135.3739,-53.33223470052083,53.33223470052083
2017-12-07 09:00:00,81.66666666666667,127.627197265625,121.80084096781482,127.6272,-45.96053059895833,45.96053059895833
2017-12-07 10:00:00,81.70833333333333,127.51559448242188,122.39736829469177,127.515594,-45.807261149088546,45.807261149088546
2017-12-07 11:00:00,81.91666666666667,131.6068115234375,124.52597074010828,131.60681,-49.69014485677083,49.69014485677083
2017-12-07 12:00:00,82.625,133.73089599609375,123.46774020152407,133.7309,-51.10589599609375,51.10589599609375
2017-12-07 13:00:00,84.625,131.8552703857422,121.45417264998069,131.85527,-47.23027038574219,47.23027038574219
2017-12-07 14:00:00,87.29166666666667,126.88985443115234,118.03861937615842,126.889854,-39.59818776448567,39.59818776448567
2017-12-07 15:00:00,88.41666666666667,133.04925537109375,123.4072259000732,133.04926,-44.63258870442708,44.63258870442708
2017-12-07 16:00:00,87.54166666666667,132.93115234375,123.40558772189178,132.93115,-45.38948567708333,45.38948567708333
2017-12-07 17:00:00,86.875,137.950439453125,125.74885413732063,137.95044,-51.075439453125,51.075439453125
2017-12-07 18:00:00,85.91666666666667,126.90839385986328,120.13317895476752,126.908394,-40.99172719319661,40.99172719319661
2017-12-07 19:00:00,86.5,127.75462341308594,121.58530149855198,127.75462,-41.25462341308594,41.25462341308594
2017-12-07 20:00:00,85.29166666666667,127.48916625976562,122.43010777292096,127.48917,-42.197499593098954,42.197499593098954
2017-12-07 21:00:00,85.70833333333333,120.90367889404297,118.60600588902399,120.90368,-35.19534556070964,35.19534556070964
2017-12-07 22:00:00,86.70833333333333,114.66197204589844,109.5949513181454,114.66197,-27.95363871256511,27.95363871256511
2017-12-07 23:00:00,87.58333333333333,106.78683471679688,107.28541992963581,106.786835,-19.203501383463546,19.203501383463546
2017-12-08 00:00:00,86.66666666666667,110.2527084350586,110.48252928805813,110.25271,-23.586041768391922,23.586041768391922
2017-12-08 01:00:00,87.54166666666667,108.23851013183594,104.21013849713025,108.23851,-20.696843465169266,20.696843465169266
2017-12-08 02:00:00,88.70833333333333,114.54667663574219,111.58605552157886,114.54668,-25.83834330240886,25.83834330240886
2017-12-08 03:00:00,88.75,120.60574340820312,115.068615279962,120.60574,-31.855743408203125,31.855743408203125
2017-12-08 04:00:00,87.0,113.07984924316406,112.59548220583912,113.07985,-26.079849243164062,26.079849243164062
2017-12-08 05:00:00,83.54166666666667,117.34518432617188,116.37077118617789,117.345184,-33.803517659505204,33.803517659505204
2017-12-08 06:00:00,81.45833333333333,106.1996078491211,106.67901417846913,106.19961,-24.741274515787765,24.741274515787765
2017-12-08 07:00:00,81.08333333333333,95.62271118164062,97.83847271566138,95.62271,-14.539377848307296,14.539377848307296
2017-12-08 08:00:00,80.79166666666667,100.71691131591797,104.17091766716511,100.71691,-19.925244649251297,19.925244649251297
2017-12-08 09:00:00,80.66666666666667,110.03257751464844,108.44712545760554,110.03258,-29.365910847981766,29.365910847981766
2017-12-08 10:00:00,80.29166666666667,110.56610107421875,107.21881376141651,110.5661,-30.27443440755208,30.27443440755208
2017-12-08 11:00:00,79.95833333333333,113.37862396240234,110.34374552117933,113.378624,-33.420290629069015,33.420290629069015
2017-12-08 12:00:00,79.0,104.6097412109375,100.02378393911,104.60974,-25.6097412109375,25.6097412109375
2017-12-08 13:00:00,76.66666666666667,119.90525817871094,117.44978469742621,119.90526,-43.238591512044266,43.238591512044266
2017-12-08 14:00:00,73.04166666666667,120.46126556396484,118.08978025448285,120.461266,-47.41959889729817,47.41959889729817
2017-12-08 15:00:00,70.125,114.25112915039062,112.20778045423795,114.25113,-44.126129150390625,44.126129150390625
2017-12-08 16:00:00,69.0,92.92887115478516,84.56061655929129,92.92887,-23.928871154785156,23.928871154785156
2017-12-08 17:00:00,67.83333333333333,88.88520812988281,85.24006395413633,88.88521,-21.051874796549484,21.051874796549484
2017-12-08 18:00:00,65.20833333333333,95.55330657958984,88.24312146906692,95.55331,-30.344973246256515,30.344973246256515
2017-12-08 19:00:00,60.541666666666664,119.61988830566406,112.53549293834814,119.61989,-59.0782216389974,59.0782216389974
2017-12-08 20:00:00,56.666666666666664,111.95860290527344,101.67668639753992,111.9586,-55.29193623860677,55.29193623860677
2017-12-08 21:00:00,51.791666666666664,120.7060775756836,113.52629533422815,120.70608,-68.91441090901694,68.91441090901694
2017-12-08 22:00:00,46.708333333333336,118.47134399414062,112.29186912183492,118.471344,-71.76301066080728,71.76301066080728
2017-12-08 23:00:00,42.125,116.62754821777344,108.57383649154687,116.62755,-74.50254821777344,74.50254821777344
2017-12-09 00:00:00,37.625,119.12970733642578,100.93573889357633,119.12971,-81.50470733642578,81.50470733642578
2017-12-09 01:00:00,33.25,121.57084655761719,104.65381237965157,121.57085,-88.32084655761719,88.32084655761719
2017-12-09 02:00:00,28.916666666666668,111.48416137695312,102.04062783348623,111.48416,-82.56749471028645,82.56749471028645
2017-12-09 03:00:00,24.708333333333332,117.89747619628906,114.55321991727249,117.89748,-93.18914286295573,93.18914286295573
2017-12-09 04:00:00,21.583333333333332,96.8104248046875,90.81161767858141,96.810425,-75.22709147135417,75.22709147135417
2017-12-09 05:00:00,20.041666666666668,74.94441986083984,58.74277385549284,74.94442,-54.90275319417317,54.90275319417317
2017-12-09 06:00:00,18.583333333333332,74.4638442993164,56.705654077525644,74.463844,-55.88051096598308,55.88051096598308
2017-12-09 07:00:00,16.791666666666668,76.48162841796875,62.422484537053926,76.48163,-59.68996175130208,59.68996175130208
2017-12-09 08:00:00,15.375,67.17418670654297,56.900051196085,67.17419,-51.79918670654297,51.79918670654297
2017-12-09 09:00:00,13.375,69.08673095703125,57.1335060930639,69.08673,-55.71173095703125,55.71173095703125
2017-12-09 10:00:00,12.458333333333334,65.7581558227539,50.216722722081016,65.758156,-53.29982248942057,53.29982248942057
2017-12-09 11:00:00,11.541666666666666,57.65581512451172,48.5762423484038,57.655815,-46.114148457845054,46.114148457845054
2017-12-09 12:00:00,10.916666666666666,49.64649200439453,41.35294693542564,49.646492,-38.72982533772787,38.72982533772787
2017-12-09 13:00:00,10.416666666666666,36.817657470703125,33.66654135455645,36.817657,-26.40099080403646,26.40099080403646
2017-12-09 14:00:00,10.5,37.04939270019531,35.1595543596983,37.049393,-26.549392700195312,26.549392700195312
2017-12-09 15:00:00,10.458333333333334,46.36998748779297,41.5611562015612,46.369987,-35.91165415445963,35.91165415445963
2017-12-09 16:00:00,10.458333333333334,46.24921417236328,39.856418138595856,46.249214,-35.790880839029946,35.790880839029946
2017-12-09 17:00:00,10.791666666666666,36.46245574951172,36.788534389524614,36.462456,-25.670789082845054,25.670789082845054
2017-12-09 18:00:00,11.916666666666666,36.16947555541992,28.06455366539797,36.169476,-24.252808888753258,24.252808888753258
2017-12-09 19:00:00,12.541666666666666,35.406227111816406,26.143970210528096,35.406227,-22.864560445149742,22.864560445149742
2017-12-09 20:00:00,13.0,35.230831146240234,28.244030969226177,35.23083,-22.230831146240234,22.230831146240234
2017-12-09 21:00:00,13.541666666666666,33.98670959472656,27.71587639425049,33.98671,-20.445042928059898,20.445042928059898
2017-12-09 22:00:00,13.875,35.31349563598633,26.91849040256086,35.313496,-21.438495635986328,21.438495635986328
2017-12-09 23:00:00,14.208333333333334,43.97621154785156,34.07595820626402,43.97621,-29.767878214518227,29.767878214518227
2017-12-10 00:00:00,14.583333333333334,39.11003875732422,29.713596921618496,39.11004,-24.526705423990883,24.526705423990883
2017-12-10 01:00:00,14.916666666666666,34.120975494384766,26.205481123149823,34.120975,-19.2043088277181,19.2043088277181
2017-12-10 02:00:00,14.625,34.97057342529297,24.47183951544917,34.970573,-20.34557342529297,20.34557342529297
2017-12-10 03:00:00,14.416666666666666,40.064552307128906,31.206648403930846,40.064552,-25.647885640462242,25.647885640462242
2017-12-10 04:00:00,14.0,40.448997497558594,31.29027437047894,40.448997,-26.448997497558594,26.448997497558594
2017-12-10 05:00:00,13.75,39.16807174682617,34.80087991478133,39.16807,-25.418071746826172,25.418071746826172
2017-12-10 06:00:00,13.625,42.230186462402344,37.41642901111682,42.230186,-28.605186462402344,28.605186462402344
2017-12-10 07:00:00,13.666666666666666,43.89093017578125,36.70548196962113,43.89093,-30.224263509114586,30.224263509114586
2017-12-10 08:00:00,14.166666666666666,38.110877990722656,32.9358037050971,38.110878,-23.944211324055992,23.944211324055992
2017-12-10 09:00:00,15.166666666666666,36.755558013916016,29.831692990182987,36.755558,-21.58889134724935,21.58889134724935
2017-12-10 10:00:00,15.958333333333334,37.864097595214844,31.491617833331706,37.864098,-21.905764261881508,21.905764261881508
2017-12-10 11:00:00,16.25,48.87621307373047,41.53886193441368,48.876213,-32.62621307373047,32.62621307373047
2017-12-10 12:00:00,16.625,39.40852355957031,30.55121115748438,39.408524,-22.783523559570312,22.783523559570312
2017-12-10 13:00:00,17.166666666666668,34.49627685546875,28.115317167034302,34.496277,-17.329610188802082,17.329610188802082
2017-12-10 14:00:00,18.25,40.93107986450195,30.202349366689205,40.93108,-22.681079864501953,22.681079864501953
2017-12-10 15:00:00,19.541666666666668,37.73822021484375,26.494092321267736,37.73822,-18.196553548177082,18.196553548177082
2017-12-10 16:00:00,20.833333333333332,32.51942443847656,24.32229856952539,32.519424,-11.68609110514323,11.68609110514323
2017-12-10 17:00:00,22.541666666666668,45.20766830444336,33.84146237654355,45.20767,-22.66600163777669,22.66600163777669
2017-12-10 18:00:00,23.5,56.49512481689453,45.94498430794018,56.495125,-32.99512481689453,32.99512481689453
2017-12-10 19:00:00,25.291666666666668,51.43292236328125,41.197722570499465,51.432922,-26.141255696614582,26.141255696614582
2017-12-10 20:00:00,27.291666666666668,54.16719436645508,42.84210780593721,54.167194,-26.87552769978841,26.87552769978841
2017-12-10 21:00:00,30.375,50.37276840209961,37.49185372890001,50.37277,-19.99776840209961,19.99776840209961
2017-12-10 22:00:00,33.291666666666664,52.557350158691406,34.6431158187422,52.55735,-19.265683492024742,19.265683492024742
2017-12-10 23:00:00,35.125,54.85808563232422,41.43342263892201,54.858086,-19.73308563232422,19.73308563232422
2017-12-11 00:00:00,37.416666666666664,59.582130432128906,49.93401997189894,59.58213,-22.165463765462242,22.165463765462242
2017-12-11 01:00:00,39.541666666666664,60.19327163696289,50.51038212357625,60.19327,-20.651604970296226,20.651604970296226
2017-12-11 02:00:00,41.583333333333336,61.292999267578125,50.356990565074355,61.293,-19.70966593424479,19.70966593424479
2017-12-11 03:00:00,44.25,61.04615020751953,47.82343074594784,61.04615,-16.79615020751953,16.79615020751953
2017-12-11 04:00:00,46.958333333333336,57.13868713378906,40.08289944068867,57.138687,-10.180353800455727,10.180353800455727
2017-12-11 05:00:00,50.166666666666664,64.36559295654297,48.36926580584656,64.36559,-14.198926289876304,14.198926289876304
2017-12-11 06:00:00,53.166666666666664,63.6768798828125,44.83918217395122,63.67688,-10.510213216145836,10.510213216145836
2017-12-11 07:00:00,56.291666666666664,66.28146362304688,44.83975720369347,66.28146,-9.98979695638021,9.98979695638021
2017-12-11 08:00:00,58.791666666666664,70.36549377441406,51.52967123075385,70.36549,-11.573827107747398,11.573827107747398
2017-12-11 09:00:00,59.875,77.91462707519531,58.56714726114409,77.91463,-18.039627075195312,18.039627075195312
2017-12-11 10:00:00,60.5,79.09573364257812,60.85128569910049,79.09573,-18.595733642578125,18.595733642578125
2017-12-11 11:00:00,62.083333333333336,75.46717834472656,55.306157012230535,75.46718,-13.383845011393227,13.383845011393227
2017-12-11 12:00:00,63.208333333333336,74.24422454833984,55.56206005754778,74.244225,-11.035891215006508,11.035891215006508
2017-12-11 13:00:00,65.125,74.35631561279297,60.6331097741335,74.356316,-9.231315612792969,9.231315612792969
2017-12-11 14:00:00,66.20833333333333,82.44857025146484,65.0139596359835,82.44857,-16.240236918131515,16.240236918131515
2017-12-11 15:00:00,66.41666666666667,85.87152862548828,71.97443079904315,85.87153,-19.45486195882161,19.45486195882161
2017-12-11 16:00:00,66.625,96.75196838378906,82.93674642538829,96.75197,-30.126968383789062,30.126968383789062
2017-12-11 17:00:00,66.33333333333333,98.82927703857422,87.99580892708836,98.82928,-32.49594370524089,32.49594370524089
2017-12-11 18:00:00,67.125,96.58897399902344,80.0733695728517,96.588974,-29.463973999023438,29.463973999023438
2017-12-11 19:00:00,68.5,104.28892517089844,88.14189055619201,104.288925,-35.78892517089844,35.78892517089844
2017-12-11 20:00:00,71.125,103.40709686279297,88.94076515955281,103.4071,-32.28209686279297,32.28209686279297
2017-12-11 21:00:00,73.66666666666667,96.74681854248047,90.5156744913949,96.74682,-23.080151875813797,23.080151875813797
2017-12-11 22:00:00,78.04166666666667,100.16302490234375,91.99521730993733,100.163025,-22.12135823567708,22.12135823567708
2017-12-11 23:00:00,83.25,100.75553894042969,89.23482883135496,100.75554,-17.505538940429688,17.505538940429688
2017-12-12 00:00:00,93.5,103.559814453125,91.1070810537631,103.559814,-10.059814453125,10.059814453125
2017-12-12 01:00:00,102.54166666666667,100.02854919433594,93.16378130738009,100.02855,2.513117472330734,2.513117472330734
2017-12-12 02:00:00,110.5,106.15896606445312,96.79469576434519,106.158966,4.341033935546875,4.341033935546875
2017-12-12 03:00:00,117.375,108.75691986083984,101.65637126169878,108.75692,8.618080139160156,8.618080139160156
2017-12-12 04:00:00,126.04166666666667,106.5758056640625,102.38184722305932,106.575806,19.46586100260417,19.46586100260417
2017-12-12 05:00:00,135.375,109.37397003173828,100.59666582625692,109.37397,26.00102996826172,26.00102996826172
2017-12-12 06:00:00,144.66666666666666,115.11396789550781,104.80776783406364,115.11397,29.552698771158845,29.552698771158845
2017-12-12 07:00:00,154.75,116.57170104980469,106.38141516002366,116.5717,38.17829895019531,38.17829895019531
2017-12-12 08:00:00,161.75,123.51976013183594,109.47584777279663,123.51976,38.23023986816406,38.23023986816406
2017-12-12 09:00:00,166.75,116.36495208740234,104.48860939317217,116.36495,50.385047912597656,50.385047912597656
2017-12-12 10:00:00,170.20833333333334,113.81887817382812,101.05552454908775,113.81888,56.38945515950522,56.38945515950522
2017-12-12 11:00:00,171.95833333333334,116.11908721923828,102.84591758620344,116.11909,55.83924611409506,55.83924611409506
2017-12-12 12:00:00,174.0,115.3678970336914,101.05534096084295,115.3679,58.632102966308594,58.632102966308594
2017-12-12 13:00:00,174.75,123.41581726074219,105.1238763335048,123.41582,51.33418273925781,51.33418273925781
2017-12-12 14:00:00,175.95833333333334,126.9034423828125,109.83791837358443,126.90344,49.05489095052084,49.05489095052084
2017-12-12 15:00:00,178.16666666666666,126.91991424560547,106.59070753334399,126.919914,51.24675242106119,51.24675242106119
2017-12-12 16:00:00,180.45833333333334,123.71965789794922,107.70619661688417,123.71966,56.738675435384124,56.738675435384124
2017-12-12 17:00:00,183.0,116.905517578125,99.7383524533864,116.90552,66.094482421875,66.094482421875
2017-12-12 18:00:00,185.70833333333334,131.40257263183594,115.89363768883226,131.40257,54.305760701497405,54.305760701497405
2017-12-12 19:00:00,189.20833333333334,138.58697509765625,123.72576857855145,138.58698,50.62135823567709,50.62135823567709
2017-12-12 20:00:00,192.0,141.470947265625,127.7223345809976,141.47095,50.529052734375,50.529052734375
2017-12-12 21:00:00,196.41666666666666,139.01498413085938,130.79574979784772,139.01498,57.40168253580728,57.40168253580728
2017-12-12 22:00:00,200.375,141.77456665039062,127.50487919502481,141.77457,58.600433349609375,58.600433349609375
2017-12-12 23:00:00,208.33333333333334,135.64389038085938,124.83974190694258,135.64389,72.68944295247397,72.68944295247397
2017-12-13 00:00:00,207.625,148.03358459472656,137.40734399650944,148.03358,59.59141540527344,59.59141540527344
2017-12-13 01:00:00,207.125,155.34075927734375,129.05754175964557,155.34076,51.78424072265625,51.78424072265625
2017-12-13 02:00:00,208.29166666666666,144.56466674804688,125.81325867378577,144.56467,63.72699991861978,63.72699991861978
2017-12-13 03:00:00,214.5,148.24417114257812,137.6839685564962,148.24417,66.25582885742188,66.25582885742188
2017-12-13 04:00:00,221.1431249999999,174.78656005859375,152.27135069427231,174.78656,46.35656494140616,46.35656494140616
2017-12-13 05:00:00,219.85145833333323,165.0731964111328,161.13685707181733,165.0732,54.778261922200414,54.778261922200414
2017-12-13 06:00:00,220.6431249999999,167.53213500976562,160.2258243227074,167.53214,53.11098999023429,53.11098999023429
2017-12-13 07:00:00,220.2681249999999,174.51966857910156,172.51618854080087,174.51967,45.74845642089835,45.74845642089835
2017-12-13 08:00:00,218.8931249999999,170.51849365234375,161.8414074875877,170.5185,48.37463134765616,48.37463134765616
2017-12-13 09:00:00,220.6431249999999,163.67385864257812,149.43737854214876,163.67386,56.96926635742179,56.96926635742179
2017-12-13 10:00:00,222.6431249999999,146.42007446289062,140.57438329553662,146.42007,76.22305053710929,76.22305053710929
2017-12-13 11:00:00,225.1431249999999,140.51300048828125,137.67271104462105,140.513,84.63012451171866,84.63012451171866
2017-12-13 12:00:00,225.55979166666657,142.9908447265625,139.1519935077065,142.99084,82.56894694010407,82.56894694010407
2017-12-13 13:00:00,226.05979166666657,145.39797973632812,139.77882731711946,145.39798,80.66181193033844,80.66181193033844
2017-12-13 14:00:00,225.10145833333323,156.35968017578125,139.7961321397856,156.35968,68.74177815755198,68.74177815755198
2017-12-13 15:00:00,223.55979166666657,155.31735229492188,143.9561595130672,155.31735,68.2424393717447,68.2424393717447
2017-12-13 16:00:00,221.8931249999999,152.13650512695312,147.5159065931275,152.1365,69.75661987304679,69.75661987304679
2017-12-13 17:00:00,219.85145833333323,151.75689697265625,147.79608935662463,151.7569,68.09456136067698,68.09456136067698
2017-12-13 18:00:00,217.7681249999999,149.04879760742188,146.5519068328118,149.0488,68.71932739257804,68.71932739257804
2017-12-13 19:00:00,215.1431249999999,153.63348388671875,153.79221159365085,153.63348,61.50964111328116,61.50964111328116
2017-12-13 20:00:00,212.68479166666657,163.88162231445312,163.04607568557518,163.88162,48.803169352213445,48.803169352213445
2017-12-13 21:00:00,209.93479166666657,178.80369567871094,181.11292630187856,178.8037,31.131095987955632,31.131095987955632
2017-12-13 22:00:00,207.35145833333323,187.33013916015625,189.52909274883547,187.33014,20.021319173176977,20.021319173176977
2017-12-13 23:00:00,203.10145833333323,199.57113647460938,205.72840090125692,199.57114,3.530321858723852,3.530321858723852
2017-12-14 00:00:00,204.10145833333323,190.35101318359375,187.7925310484209,190.35101,13.750445149739477,13.750445149739477
2017-12-14 01:00:00,201.72645833333323,193.0030517578125,187.93704737074674,193.00305,8.723406575520727,8.723406575520727
2017-12-14 02:00:00,199.7681249999999,204.71170043945312,197.7251105654282,204.7117,-4.9435754394532125,4.9435754394532125
2017-12-14 03:00:00,192.3931249999999,224.161376953125,216.31665624367844,224.16138,-31.768251953125088,31.768251953125088
2017-12-14 04:00:00,181.875,233.66580200195312,227.19514552564357,233.6658,-51.790802001953125,51.790802001953125
2017-12-14 05:00:00,179.08333333333334,212.547607421875,197.84551114126128,212.5476,-33.46427408854166,33.46427408854166
2017-12-14 06:00:00,174.04166666666666,215.32565307617188,208.76297046802495,215.32565,-41.28398640950522,41.28398640950522
2017-12-14 07:00:00,168.5,213.46807861328125,207.29831512069876,213.46808,-44.96807861328125,44.96807861328125
2017-12-14 08:00:00,166.79166666666666,196.760498046875,193.21518424104704,196.7605,-29.968831380208343,29.968831380208343
2017-12-14 09:00:00,164.33333333333334,192.94830322265625,187.5589771225276,192.9483,-28.614969889322907,28.614969889322907
2017-12-14 10:00:00,164.79166666666666,193.32037353515625,183.9841715205831,193.32037,-28.528706868489593,28.528706868489593
2017-12-14 11:00:00,163.33333333333334,189.14022827148438,186.57165048289497,189.14023,-25.806894938151032,25.806894938151032
2017-12-14 12:00:00,165.04166666666666,181.45559692382812,177.5244242939677,181.4556,-16.413930257161468,16.413930257161468
2017-12-14 13:00:00,165.625,182.49215698242188,179.15958957915376,182.49216,-16.867156982421875,16.867156982421875
2017-12-14 14:00:00,165.95833333333334,172.83706665039062,166.52347936543882,172.83707,-6.878733317057282,6.878733317057282
2017-12-14 15:00:00,166.33333333333334,170.9075469970703,159.4960479347356,170.90755,-4.57421366373697,4.57421366373697
2017-12-14 16:00:00,167.5,169.29306030273438,157.52705199867614,169.29306,-1.793060302734375,1.793060302734375
2017-12-14 17:00:00,167.75,163.01901245117188,146.17202701164126,163.01901,4.730987548828125,4.730987548828125
2017-12-14 18:00:00,167.54166666666666,165.50816345214844,153.5744127702464,165.50816,2.0335032145182197,2.0335032145182197
2017-12-14 19:00:00,167.375,167.69000244140625,155.53738552202003,167.69,-0.31500244140625,0.31500244140625
2017-12-14 20:00:00,166.83333333333334,179.49807739257812,160.27091929192056,179.49808,-12.664744059244782,12.664744059244782
2017-12-14 21:00:00,164.5,179.49658203125,169.77191520618203,179.49658,-14.99658203125,14.99658203125
2017-12-14 22:00:00,161.0,176.39678955078125,170.69475170555774,176.39679,-15.39678955078125,15.39678955078125
2017-12-14 23:00:00,155.41666666666666,183.26663208007812,177.07341511865275,183.26663,-27.849965413411468,27.849965413411468
2017-12-15 00:00:00,149.33333333333334,191.74380493164062,188.62349111835576,191.7438,-42.41047159830728,42.41047159830728
2017-12-15 01:00:00,146.70833333333334,174.27471923828125,174.90937926865408,174.27472,-27.566385904947907,27.566385904947907
2017-12-15 02:00:00,145.91666666666666,177.51751708984375,175.4460828293281,177.51752,-31.600850423177093,31.600850423177093
2017-12-15 03:00:00,144.04166666666666,168.96205139160156,169.44978466600224,168.96205,-24.920384724934905,24.920384724934905
2017-12-15 04:00:00,145.0,163.01321411132812,164.50485783718906,163.01321,-18.013214111328125,18.013214111328125
2017-12-15 05:00:00,143.0,167.6034393310547,168.63315057618087,167.60344,-24.603439331054688,24.603439331054688
2017-12-15 06:00:00,140.79166666666666,163.15414428710938,167.2804378000353,163.15414,-22.362477620442718,22.362477620442718
2017-12-15 07:00:00,140.91666666666666,163.10601806640625,168.15286976754848,163.10602,-22.189351399739593,22.189351399739593
2017-12-15 08:00:00,140.54166666666666,164.22500610351562,163.8588050101443,164.225,-23.683339436848968,23.683339436848968
2017-12-15 09:00:00,140.29166666666666,164.82492065429688,160.61643255963202,164.82492,-24.533253987630218,24.533253987630218
2017-12-15 10:00:00,136.83333333333334,166.824462890625,167.33928395516944,166.82446,-29.991129557291657,29.991129557291657
2017-12-15 11:00:00,136.125,150.36436462402344,158.45861004371605,150.36436,-14.239364624023438,14.239364624023438
2018-04-28 06:00:00,60.875,65.49750518798828,65.92047588444952,65.497505,-4.622505187988281,4.622505187988281
2018-04-28 07:00:00,60.166666666666664,67.61910247802734,65.49651710267482,67.6191,-7.4524358113606795,7.4524358113606795
2018-04-28 08:00:00,59.458333333333336,70.13742065429688,68.04197070122977,70.13742,-10.67908732096354,10.67908732096354
2018-04-28 09:00:00,57.833333333333336,70.56700897216797,67.50596058846962,70.56701,-12.733675638834633,12.733675638834633
2018-04-28 10:00:00,56.125,67.29280853271484,65.63344811185162,67.29281,-11.167808532714844,11.167808532714844
2018-04-28 11:00:00,54.5,69.39796447753906,65.41395995955497,69.397964,-14.897964477539062,14.897964477539062
2018-04-28 12:00:00,52.291666666666664,72.45307922363281,69.69151924977024,72.45308,-20.161412556966148,20.161412556966148
2018-04-28 13:00:00,50.708333333333336,65.30838012695312,63.61006188006626,65.30838,-14.60004679361979,14.60004679361979
2018-04-28 14:00:00,48.416666666666664,69.12437438964844,66.44837643866865,69.124374,-20.707707722981773,20.707707722981773
2018-04-28 15:00:00,46.541666666666664,70.73135375976562,65.34497537517917,70.73135,-24.18968709309896,24.18968709309896
2018-04-28 16:00:00,45.208333333333336,72.14727020263672,66.81368134632902,72.14727,-26.938936869303383,26.938936869303383
2018-04-28 17:00:00,43.916666666666664,72.28762817382812,65.57073557553942,72.28763,-28.37096150716146,28.37096150716146
2018-04-28 18:00:00,43.958333333333336,67.9885025024414,63.566888476120795,67.9885,-24.03016916910807,24.03016916910807
2018-04-28 19:00:00,42.875,70.61579895019531,68.89440036812229,70.6158,-27.740798950195312,27.740798950195312
2018-04-28 20:00:00,41.75,74.4411392211914,69.01016282919377,74.44114,-32.691139221191406,32.691139221191406
2018-04-28 21:00:00,39.791666666666664,70.2117919921875,68.1980601835848,70.21179,-30.420125325520836,30.420125325520836
2018-04-28 22:00:00,38.0,68.5277099609375,67.03586497283715,68.52771,-30.5277099609375,30.5277099609375
2018-04-28 23:00:00,37.041666666666664,64.70641326904297,64.08855564235807,64.70641,-27.664746602376304,27.664746602376304
2018-04-29 00:00:00,37.208333333333336,61.991477966308594,62.47892506188674,61.991478,-24.783144632975258,24.783144632975258
2018-04-29 01:00:00,35.541666666666664,64.31102752685547,63.80967842426234,64.31103,-28.769360860188804,28.769360860188804
2018-04-29 02:00:00,34.291666666666664,66.08929443359375,64.69724785649115,66.089294,-31.797627766927086,31.797627766927086
2018-04-29 03:00:00,34.416666666666664,49.56581115722656,48.95925605810419,49.56581,-15.149144490559898,15.149144490559898
2018-04-29 04:00:00,34.875,50.266292572021484,48.007019865757435,50.266293,-15.391292572021484,15.391292572021484
2018-04-29 05:00:00,34.375,58.78118133544922,55.11744114673056,58.78118,-24.40618133544922,24.40618133544922
2018-04-29 06:00:00,34.25,52.6934814453125,49.647261197977464,52.69348,-18.4434814453125,18.4434814453125
2018-04-29 07:00:00,34.458333333333336,52.07389831542969,56.437538308281745,52.0739,-17.615564982096352,17.615564982096352
2018-04-29 08:00:00,33.333333333333336,55.21666717529297,57.04813265802526,55.216667,-21.883333841959633,21.883333841959633
2018-04-29 09:00:00,34.75,48.58470916748047,51.146045561851416,48.58471,-13.834709167480469,13.834709167480469
2018-04-29 10:00:00,36.25,48.75130081176758,48.80990182003926,48.7513,-12.501300811767578,12.501300811767578
2018-04-29 11:00:00,37.833333333333336,48.301475524902344,48.87220320419468,48.301476,-10.468142191569008,10.468142191569008
2018-04-29 12:00:00,40.0,46.20118713378906,49.65587457110735,46.201187,-6.2011871337890625,6.2011871337890625
2018-04-29 13:00:00,39.875,45.521549224853516,48.02058621099855,45.52155,-5.646549224853516,5.646549224853516
2018-04-29 14:00:00,39.458333333333336,44.321937561035156,46.689442841758165,44.321938,-4.8636042277018205,4.8636042277018205
2018-04-29 15:00:00,39.041666666666664,43.532772064208984,45.47532799576474,43.532772,-4.49110539754232,4.49110539754232
2018-04-29 16:00:00,38.291666666666664,43.320045471191406,45.58003203171313,43.320045,-5.028378804524742,5.028378804524742
2018-04-29 17:00:00,37.583333333333336,43.37108612060547,47.021481873780836,43.371086,-5.787752787272133,5.787752787272133
2018-04-29 18:00:00,36.375,43.295448303222656,49.11541440955816,43.29545,-6.920448303222656,6.920448303222656
2018-04-29 19:00:00,35.125,48.372806549072266,50.62367253827706,48.372807,-13.247806549072266,13.247806549072266
2018-04-29 20:00:00,33.583333333333336,46.57056427001953,49.2313070010952,46.570564,-12.987230936686196,12.987230936686196
2018-04-29 21:00:00,32.875,43.71819305419922,48.17137035342727,43.718193,-10.843193054199219,10.843193054199219
2018-04-29 22:00:00,32.583333333333336,45.93464660644531,48.92075530722764,45.934647,-13.351313273111977,13.351313273111977
2018-04-29 23:00:00,32.041666666666664,47.19220733642578,49.75078862176846,47.192207,-15.150540669759117,15.150540669759117
2018-04-30 00:00:00,31.083333333333332,50.28754806518555,53.063422357441134,50.287548,-19.204214731852215,19.204214731852215
2018-04-30 01:00:00,31.041666666666668,47.205230712890625,49.630307589428575,47.20523,-16.163564046223957,16.163564046223957
2018-04-30 02:00:00,31.166666666666668,46.09745407104492,50.01201411274552,46.097454,-14.930787404378254,14.930787404378254
2018-04-30 03:00:00,31.083333333333332,47.77051544189453,50.18542776680373,47.770515,-16.6871821085612,16.6871821085612
2018-04-30 04:00:00,31.458333333333332,47.10552215576172,51.09185622336075,47.105522,-15.647188822428387,15.647188822428387
2018-04-30 05:00:00,31.708333333333332,41.48592758178711,43.896418685565536,41.485928,-9.777594248453777,9.777594248453777
2018-04-30 06:00:00,31.458333333333332,45.01151657104492,47.33066129539363,45.011517,-13.55318323771159,13.55318323771159
2018-04-30 07:00:00,29.208333333333332,48.44515609741211,50.8850743832104,48.445156,-19.236822764078777,19.236822764078777
2018-04-30 08:00:00,28.916666666666668,42.1420783996582,44.03650374082769,42.14208,-13.225411732991535,13.225411732991535
2018-04-30 09:00:00,27.083333333333332,41.96552276611328,46.901951833363796,41.965523,-14.882189432779949,14.882189432779949
2018-04-30 10:00:00,25.958333333333332,44.63359069824219,47.509748677110835,44.63359,-18.675257364908855,18.675257364908855
2018-04-30 11:00:00,25.125,44.89234924316406,45.12501122280963,44.89235,-19.767349243164062,19.767349243164062
2018-04-30 12:00:00,23.708333333333332,47.45690155029297,45.246729022236316,47.4569,-23.748568216959637,23.748568216959637
2018-04-30 13:00:00,24.333333333333332,41.4785270690918,40.821661698389576,41.478527,-17.145193735758465,17.145193735758465
2018-04-30 14:00:00,25.375,39.06764221191406,38.32901718440563,39.067642,-13.692642211914062,13.692642211914062
2018-04-30 15:00:00,26.25,39.500511169433594,39.48426737858648,39.50051,-13.250511169433594,13.250511169433594
2018-04-30 16:00:00,27.208333333333332,38.89978790283203,37.74046830954819,38.899788,-11.691454569498699,11.691454569498699
2018-04-30 17:00:00,27.958333333333332,40.89167022705078,38.14508773531555,40.89167,-12.933336893717449,12.933336893717449
2018-04-30 18:00:00,28.583333333333332,47.949989318847656,47.16323554179471,47.94999,-19.366655985514324,19.366655985514324
2018-04-30 19:00:00,29.083333333333332,47.234886169433594,46.0086616123611,47.234886,-18.15155283610026,18.15155283610026
2018-04-30 20:00:00,29.791666666666668,45.61503601074219,45.78794067182764,45.615036,-15.82336934407552,15.82336934407552
2018-04-30 21:00:00,30.5,45.966224670410156,50.612372614832566,45.966225,-15.466224670410156,15.466224670410156
2018-04-30 22:00:00,30.416666666666668,48.31181335449219,53.22794646629742,48.311813,-17.89514668782552,17.89514668782552
2018-04-30 23:00:00,30.833333333333332,47.52642822265625,51.62322641304523,47.52643,-16.693094889322918,16.693094889322918
2018-05-01 00:00:00,30.791666666666668,49.85224914550781,54.047920206460496,49.85225,-19.060582478841145,19.060582478841145
2018-05-01 01:00:00,31.333333333333332,48.71021270751953,51.209934356753486,48.710213,-17.3768793741862,17.3768793741862
2018-05-01 02:00:00,31.833333333333332,49.71510696411133,52.48132590311901,49.715107,-17.881773630777996,17.881773630777996
2018-05-01 03:00:00,32.75,46.74599075317383,50.894911845600525,46.74599,-13.995990753173828,13.995990753173828
2018-05-01 04:00:00,33.666666666666664,47.78525161743164,51.528177436672635,47.78525,-14.118584950764976,14.118584950764976
2018-05-01 05:00:00,35.166666666666664,47.260467529296875,47.270344666805194,47.260468,-12.09380086263021,12.09380086263021
2018-05-01 06:00:00,36.458333333333336,45.235408782958984,47.05996619048603,45.23541,-8.777075449625649,8.777075449625649
2018-05-01 07:00:00,38.083333333333336,46.41722869873047,44.56774661727936,46.41723,-8.333895365397133,8.333895365397133
2018-05-01 08:00:00,39.458333333333336,44.14379119873047,44.764664004099146,44.14379,-4.685457865397133,4.685457865397133
2018-05-01 09:00:00,41.25,44.3804931640625,44.35390918814289,44.380493,-3.1304931640625,3.1304931640625
2018-05-01 10:00:00,41.5,43.963134765625,45.072810226429155,43.963135,-2.463134765625,2.463134765625
2018-05-01 11:00:00,41.0,46.21462631225586,47.40202230424594,46.214626,-5.214626312255859,5.214626312255859
2018-05-01 12:00:00,40.791666666666664,48.28153991699219,48.685908700719516,48.28154,-7.489873250325523,7.489873250325523
2018-05-01 13:00:00,41.416666666666664,38.827659606933594,43.81456438906454,38.82766,2.5890070597330705,2.5890070597330705
2018-05-01 14:00:00,41.541666666666664,38.466880798339844,47.39619065213299,38.46688,3.0747858683268205,3.0747858683268205
2018-05-01 15:00:00,41.541666666666664,39.49690628051758,45.56911634772697,39.496906,2.044760386149086,2.044760386149086
2018-05-01 16:00:00,41.875,43.97758865356445,49.04496421396261,43.97759,-2.102588653564453,2.102588653564453
2018-05-01 17:00:00,41.75,41.34339904785156,44.72704202150319,41.3434,0.4066009521484375,0.4066009521484375
2018-05-01 18:00:00,41.333333333333336,44.67649841308594,46.57832612831869,44.6765,-3.343165079752602,3.343165079752602
2018-05-01 19:00:00,40.708333333333336,42.34660720825195,44.5694102455568,42.346607,-1.6382738749186174,1.6382738749186174
2018-05-01 20:00:00,40.0,40.87852478027344,45.483150542075585,40.878525,-0.8785247802734375,0.8785247802734375
2018-05-01 21:00:00,39.25,42.97808837890625,47.89465133822737,42.97809,-3.72808837890625,3.72808837890625
2018-05-01 22:00:00,39.0,44.917545318603516,49.74725495412426,44.917545,-5.917545318603516,5.917545318603516
2018-05-01 23:00:00,38.416666666666664,44.70945358276367,50.66227614222765,44.709454,-6.292786916097008,6.292786916097008
2018-05-02 00:00:00,37.458333333333336,45.12006759643555,49.99020714935856,45.120068,-7.661734263102211,7.661734263102211
2018-05-02 01:00:00,36.666666666666664,43.286399841308594,48.8540734328584,43.2864,-6.6197331746419295,6.6197331746419295
2018-05-02 02:00:00,36.583333333333336,45.879302978515625,50.67689724516054,45.879303,-9.29596964518229,9.29596964518229
2018-05-02 03:00:00,36.166666666666664,49.367427825927734,50.59241862318478,49.367428,-13.20076115926107,13.20076115926107
2018-05-02 04:00:00,35.5,45.542503356933594,50.30311342260589,45.542503,-10.042503356933594,10.042503356933594
2018-05-02 05:00:00,34.75,53.04560089111328,55.79274065609969,53.0456,-18.29560089111328,18.29560089111328
2018-05-02 06:00:00,35.041666666666664,53.853824615478516,57.64967923558237,53.853825,-18.81215794881185,18.81215794881185
2018-05-02 07:00:00,34.708333333333336,53.137168884277344,58.18971097839058,53.13717,-18.428835550944008,18.428835550944008
2018-05-02 08:00:00,33.958333333333336,53.70479965209961,56.86567200274678,53.7048,-19.746466318766274,19.746466318766274
2018-05-02 09:00:00,33.083333333333336,54.486026763916016,57.29262442243834,54.486027,-21.40269343058268,21.40269343058268
2018-05-02 10:00:00,34.333333333333336,44.09373474121094,44.66199078718916,44.093735,-9.760401407877602,9.760401407877602
2018-05-02 11:00:00,35.75,43.995521545410156,45.561172364929796,43.99552,-8.245521545410156,8.245521545410156
2018-05-02 12:00:00,35.583333333333336,47.763736724853516,49.2644049307293,47.763737,-12.18040339152018,12.18040339152018
2018-05-02 13:00:00,35.375,55.41324996948242,57.08990442058784,55.41325,-20.038249969482422,20.038249969482422
2018-05-02 14:00:00,35.916666666666664,53.83393859863281,55.6423130425859,53.83394,-17.917271931966148,17.917271931966148
2018-05-02 15:00:00,36.666666666666664,55.249813079833984,55.877415051188414,55.249813,-18.58314641316732,18.58314641316732
2018-05-02 16:00:00,37.0,51.82526397705078,52.22837844337641,51.825264,-14.825263977050781,14.825263977050781
2018-05-02 17:00:00,38.375,50.06768035888672,51.969817456262184,50.06768,-11.692680358886719,11.692680358886719
2018-05-02 18:00:00,38.666666666666664,50.67601776123047,52.31976171435055,50.676018,-12.009351094563804,12.009351094563804
2018-05-02 19:00:00,40.041666666666664,48.61933135986328,50.818607383327986,48.61933,-8.577664693196617,8.577664693196617
2018-05-02 20:00:00,42.541666666666664,48.028656005859375,48.11371560595132,48.028656,-5.486989339192711,5.486989339192711
2018-05-02 21:00:00,44.625,50.019996643066406,50.81628460872957,50.019997,-5.394996643066406,5.394996643066406
2018-05-02 22:00:00,46.125,50.91317367553711,51.49450545446838,50.913174,-4.788173675537109,4.788173675537109
2018-05-02 23:00:00,50.0,48.51021957397461,49.26580338556922,48.51022,1.4897804260253906,1.4897804260253906
2018-05-03 00:00:00,54.083333333333336,49.180686950683594,51.04817233239505,49.180687,4.902646382649742,4.902646382649742
2018-05-03 01:00:00,55.375,50.01615905761719,51.91731852809343,50.01616,5.3588409423828125,5.3588409423828125
2018-05-03 02:00:00,55.708333333333336,50.039241790771484,52.404607992347714,50.03924,5.669091542561851,5.669091542561851
2018-05-03 03:00:00,57.458333333333336,50.88787078857422,54.599336308498614,50.88787,6.570462544759117,6.570462544759117
2018-05-03 04:00:00,60.125,54.22746658325195,54.481143808023354,54.227467,5.897533416748047,5.897533416748047
2018-05-03 05:00:00,62.708333333333336,52.73689270019531,52.86699691954315,52.736893,9.971440633138023,9.971440633138023
2018-05-03 06:00:00,64.04166666666667,48.04180145263672,52.37987261014225,48.0418,15.999865214029953,15.999865214029953
2018-05-03 07:00:00,66.58333333333333,48.489952087402344,53.59363145468856,48.489952,18.093381245930985,18.093381245930985
2018-05-03 08:00:00,69.79166666666667,48.278564453125,49.855834045140696,48.278564,21.51310221354167,21.51310221354167
2018-05-03 09:00:00,73.70833333333333,48.640777587890625,50.5751415601806,48.640778,25.067555745442704,25.067555745442704
2018-05-03 10:00:00,74.5,55.00708770751953,53.99036076052913,55.007088,19.49291229248047,19.49291229248047
2018-05-03 11:00:00,73.66666666666667,57.55206298828125,54.66389094387634,57.552063,16.11460367838542,16.11460367838542
2018-05-03 12:00:00,73.75,51.697227478027344,51.871340682659785,51.697227,22.052772521972656,22.052772521972656
2018-05-03 13:00:00,73.04166666666667,50.40800094604492,48.013379883001235,50.408,22.63366572062175,22.63366572062175
2018-05-03 14:00:00,72.04166666666667,48.57767868041992,46.26658435731228,48.57768,23.46398798624675,23.46398798624675
2018-05-03 15:00:00,70.83333333333333,55.255531311035156,52.074719438842656,55.25553,15.577802022298172,15.577802022298172
2018-05-03 16:00:00,69.54166666666667,54.81200408935547,49.0676495920551,54.812004,14.729662577311203,14.729662577311203
2018-05-03 17:00:00,67.66666666666667,58.86077117919922,51.97430640885139,58.86077,8.805895487467453,8.805895487467453
2018-05-03 18:00:00,66.70833333333333,51.151939392089844,51.63340550597521,51.15194,15.556393941243485,15.556393941243485
2018-05-03 19:00:00,65.20833333333333,52.70126724243164,54.10742331932251,52.701267,12.507066090901688,12.507066090901688
2018-05-03 20:00:00,63.458333333333336,59.329288482666016,61.33969076040464,59.32929,4.12904485066732,4.12904485066732
2018-05-03 21:00:00,61.875,55.12582015991211,56.76089777317172,55.12582,6.749179840087891,6.749179840087891
2018-05-03 22:00:00,60.333333333333336,52.953025817871094,55.3042409682014,52.953026,7.380307515462242,7.380307515462242
2018-05-03 23:00:00,57.291666666666664,60.0839958190918,61.58203141127443,60.083996,-2.7923291524251326,2.7923291524251326
2018-05-04 00:00:00,54.333333333333336,59.18402099609375,57.67296412305131,59.18402,-4.850687662760414,4.850687662760414
2018-05-04 01:00:00,54.791666666666664,52.871620178222656,51.41080774168612,52.87162,1.920046488444008,1.920046488444008
2018-05-04 02:00:00,54.166666666666664,53.95231628417969,54.85938137295872,53.952316,0.2143503824869768,0.2143503824869768
2018-05-04 03:00:00,51.625,52.1009521484375,53.095595637791604,52.100952,-0.4759521484375,0.4759521484375
2018-05-04 04:00:00,48.791666666666664,58.677730560302734,60.25343319759759,58.67773,-9.88606389363607,9.88606389363607
2018-05-04 05:00:00,45.333333333333336,60.49205780029297,59.22753683167209,60.492058,-15.158724466959633,15.158724466959633
2018-05-04 06:00:00,43.5,55.550086975097656,55.24614908445,55.550087,-12.050086975097656,12.050086975097656
2018-05-04 07:00:00,42.916666666666664,59.70883560180664,59.050387838456366,59.708836,-16.792168935139976,16.792168935139976
2018-05-04 08:00:00,39.75,56.53966522216797,57.653665667068985,56.539665,-16.78966522216797,16.78966522216797
2018-05-04 09:00:00,35.5,58.03531265258789,60.404031419364344,58.035313,-22.53531265258789,22.53531265258789
2018-05-04 10:00:00,33.75,51.40455627441406,55.451764592216136,51.404556,-17.654556274414062,17.654556274414062
2018-05-04 11:00:00,33.375,51.147064208984375,50.04129097079437,51.147064,-17.772064208984375,17.772064208984375
2018-05-04 12:00:00,33.333333333333336,42.78466033935547,45.08557244248432,42.78466,-9.451327006022133,9.451327006022133
2018-05-04 13:00:00,33.708333333333336,43.325035095214844,41.85903853549914,43.325035,-9.616701761881508,9.616701761881508
2018-05-04 14:00:00,34.416666666666664,38.12744903564453,38.49501752182726,38.12745,-3.710782368977867,3.710782368977867
2018-05-04 15:00:00,35.625,36.066307067871094,35.64991538141855,36.066307,-0.44130706787109375,0.44130706787109375
2018-05-04 16:00:00,36.125,37.066917419433594,36.09264891606271,37.066917,-0.9419174194335938,0.9419174194335938
2018-05-04 17:00:00,36.458333333333336,35.02495193481445,34.48555149357939,35.024952,1.4333813985188826,1.4333813985188826
2018-05-04 18:00:00,38.25,33.98260498046875,36.70770249852971,33.982605,4.26739501953125,4.26739501953125
2018-05-04 19:00:00,38.666666666666664,38.81434631347656,39.80012130727475,38.814346,-0.1476796468098982,0.1476796468098982
2018-05-04 20:00:00,39.916666666666664,41.28601837158203,43.79985323190021,41.28602,-1.369351704915367,1.369351704915367
2018-05-04 21:00:00,40.708333333333336,42.27945327758789,44.06074918896429,42.279453,-1.571119944254555,1.571119944254555
2018-05-04 22:00:00,41.208333333333336,39.52012634277344,43.79062339144774,39.520126,1.6882069905598982,1.6882069905598982
2018-05-04 23:00:00,42.75,41.143863677978516,47.90256112737778,41.143864,1.6061363220214844,1.6061363220214844
2018-05-05 00:00:00,42.5,45.04010009765625,49.15668675658357,45.0401,-2.54010009765625,2.54010009765625
2018-05-05 01:00:00,41.083333333333336,47.683326721191406,53.22222913566284,47.683327,-6.5999933878580705,6.5999933878580705
2018-05-05 02:00:00,40.166666666666664,47.04629898071289,50.072391735006136,47.0463,-6.879632314046226,6.879632314046226
2018-05-05 03:00:00,40.041666666666664,41.34647750854492,44.799702748617825,41.346478,-1.3048108418782576,1.3048108418782576
2018-05-05 04:00:00,40.791666666666664,44.646453857421875,47.387786735959644,44.646454,-3.8547871907552107,3.8547871907552107
2018-05-05 05:00:00,41.083333333333336,43.3958740234375,47.053596900119345,43.395874,-2.3125406901041643,2.3125406901041643
2018-05-05 06:00:00,40.25,45.46432113647461,50.56118016479665,45.46432,-5.214321136474609,5.214321136474609
2018-05-05 07:00:00,37.291666666666664,52.25616455078125,56.554828054517955,52.256165,-14.964497884114586,14.964497884114586
2018-05-05 08:00:00,37.25,45.9117317199707,50.369669627328456,45.91173,-8.661731719970703,8.661731719970703
2018-05-05 09:00:00,37.75,49.147823333740234,52.17992717746547,49.147823,-11.397823333740234,11.397823333740234
2018-05-05 10:00:00,37.583333333333336,48.57350158691406,51.784595799480556,48.5735,-10.990168253580727,10.990168253580727
2018-05-05 11:00:00,37.958333333333336,43.481109619140625,46.522157685443865,43.48111,-5.522776285807289,5.522776285807289
2018-05-05 12:00:00,37.958333333333336,41.56425476074219,48.026518305785785,41.564255,-3.605921427408852,3.605921427408852
2018-05-05 13:00:00,37.958333333333336,43.78011703491211,48.67556815020384,43.780117,-5.821783701578774,5.821783701578774
2018-05-05 14:00:00,38.125,45.5758171081543,49.53714705664589,45.575817,-7.450817108154297,7.450817108154297
2018-05-05 15:00:00,37.916666666666664,48.035736083984375,51.72923788366699,48.035736,-10.11906941731771,10.11906941731771
2018-05-05 16:00:00,39.125,46.55961608886719,50.29578622707685,46.559616,-7.4346160888671875,7.4346160888671875
2018-05-05 17:00:00,40.0,43.89080047607422,46.94879978353531,43.8908,-3.8908004760742188,3.8908004760742188
2018-05-05 18:00:00,39.291666666666664,47.6037712097168,52.4188812254832,47.60377,-8.312104543050133,8.312104543050133
2018-05-05 19:00:00,40.125,43.801536560058594,45.778624338023235,43.801537,-3.6765365600585938,3.6765365600585938
2018-05-05 20:00:00,39.083333333333336,45.60416030883789,50.85689030814451,45.60416,-6.520826975504555,6.520826975504555
2018-05-05 21:00:00,38.25,52.85297393798828,54.4428663089515,52.852974,-14.602973937988281,14.602973937988281
2018-05-05 22:00:00,37.541666666666664,49.81463623046875,52.39692693752039,49.814636,-12.272969563802086,12.272969563802086
2018-05-05 23:00:00,34.833333333333336,51.6525764465332,50.679066825679925,51.652576,-16.819243113199867,16.819243113199867
2018-05-06 00:00:00,34.208333333333336,50.56855010986328,49.61490714960817,50.56855,-16.360216776529946,16.360216776529946
2018-05-06 01:00:00,35.708333333333336,48.17845153808594,48.835538842276,48.17845,-12.470118204752602,12.470118204752602
2018-05-06 02:00:00,36.125,43.29534912109375,44.47203070807064,43.29535,-7.17034912109375,7.17034912109375
2018-05-06 03:00:00,36.625,42.05870056152344,43.9076935282095,42.0587,-5.4337005615234375,5.4337005615234375
2018-05-06 04:00:00,36.125,46.57743453979492,50.53452840924284,46.577435,-10.452434539794922,10.452434539794922
2018-05-06 05:00:00,35.208333333333336,43.825984954833984,44.350720832368154,43.825985,-8.617651621500649,8.617651621500649
2018-05-06 06:00:00,34.333333333333336,42.778839111328125,46.56178011548676,42.77884,-8.44550577799479,8.44550577799479
2018-05-06 07:00:00,34.708333333333336,41.447479248046875,44.69281686623357,41.44748,-6.739145914713539,6.739145914713539
2018-05-06 08:00:00,34.333333333333336,42.18497085571289,46.996524622997036,42.18497,-7.851637522379555,7.851637522379555
2018-05-06 09:00:00,34.583333333333336,43.91428756713867,50.2588140369596,43.914288,-9.330954233805336,9.330954233805336
2018-05-06 10:00:00,35.458333333333336,40.303123474121094,45.36356156931704,40.303123,-4.844790140787758,4.844790140787758
2018-05-06 11:00:00,35.875,40.1558837890625,44.41246244636758,40.155884,-4.2808837890625,4.2808837890625
2018-05-06 12:00:00,36.291666666666664,40.47698974609375,45.12188875444399,40.47699,-4.185323079427086,4.185323079427086
2018-05-06 13:00:00,36.083333333333336,38.869903564453125,43.55380535385527,38.869904,-2.7865702311197893,2.7865702311197893
2018-05-06 14:00:00,36.416666666666664,43.54955291748047,46.81451112229648,43.549553,-7.1328862508138045,7.1328862508138045
2018-05-06 15:00:00,37.125,44.143795013427734,46.42522201566693,44.143795,-7.018795013427734,7.018795013427734
2018-05-06 16:00:00,36.708333333333336,47.33267593383789,50.137005644040585,47.332676,-10.624342600504555,10.624342600504555
2018-05-06 17:00:00,37.125,42.73859405517578,43.54416784071599,42.738594,-5.613594055175781,5.613594055175781
2018-05-06 18:00:00,37.083333333333336,39.10913848876953,40.88266136041572,39.10914,-2.0258051554361955,2.0258051554361955
2018-05-06 19:00:00,36.291666666666664,39.69577407836914,40.857789233750864,39.695774,-3.4041074117024763,3.4041074117024763
2018-05-06 20:00:00,35.583333333333336,41.999427795410156,41.489760481992825,41.999428,-6.4160944620768205,6.4160944620768205
2018-05-06 21:00:00,34.875,40.841339111328125,40.95303006649988,40.84134,-5.966339111328125,5.966339111328125
2018-05-06 22:00:00,34.791666666666664,39.17076110839844,40.086680029795374,39.17076,-4.379094441731773,4.379094441731773
2018-05-06 23:00:00,35.833333333333336,36.14624786376953,37.28166843917064,36.146248,-0.31291453043619555,0.31291453043619555
2018-05-07 00:00:00,36.5,41.79168701171875,42.837891751333466,41.791687,-5.29168701171875,5.29168701171875
2018-05-07 01:00:00,34.625,42.1674690246582,44.596324864165354,42.16747,-7.542469024658203,7.542469024658203
2018-05-07 02:00:00,34.25,41.389617919921875,41.065454108949496,41.389618,-7.139617919921875,7.139617919921875
2018-05-07 03:00:00,33.791666666666664,39.402618408203125,41.04144985972634,39.40262,-5.610951741536461,5.610951741536461
2018-05-07 04:00:00,34.208333333333336,41.87389373779297,42.565039383427845,41.873894,-7.665560404459633,7.665560404459633
2018-05-07 05:00:00,34.666666666666664,37.795745849609375,37.239901588247406,37.795746,-3.1290791829427107,3.1290791829427107
2018-05-07 06:00:00,36.25,37.475502014160156,40.44591564006932,37.475502,-1.2255020141601562,1.2255020141601562
2018-05-07 07:00:00,36.875,40.237266540527344,44.84825651361932,40.237267,-3.3622665405273438,3.3622665405273438
2018-05-07 08:00:00,38.041666666666664,41.280662536621094,44.50846701403084,41.280663,-3.2389958699544295,3.2389958699544295
2018-05-07 09:00:00,37.416666666666664,40.673248291015625,45.870292992032084,40.67325,-3.2565816243489607,3.2565816243489607
2018-05-07 10:00:00,37.375,43.038856506347656,46.49448734251717,43.038857,-5.663856506347656,5.663856506347656
2018-05-07 11:00:00,37.333333333333336,41.84174346923828,46.53549252172637,41.841743,-4.5084101359049455,4.5084101359049455
2018-05-07 12:00:00,37.083333333333336,41.469879150390625,46.103295850782715,41.46988,-4.386545817057289,4.386545817057289
2018-05-07 13:00:00,37.5,41.13568878173828,43.45609338872509,41.13569,-3.6356887817382812,3.6356887817382812
2018-05-07 14:00:00,36.75,43.165672302246094,46.85961525028226,43.165672,-6.415672302246094,6.415672302246094
2018-05-07 15:00:00,35.291666666666664,43.82147216796875,47.6815025116222,43.821472,-8.529805501302086,8.529805501302086
2018-05-07 16:00:00,34.833333333333336,42.9710693359375,46.524441387762074,42.97107,-8.137736002604164,8.137736002604164
2018-05-07 17:00:00,34.583333333333336,50.020477294921875,48.76074635720792,50.020477,-15.43714396158854,15.43714396158854
2018-05-07 18:00:00,34.625,45.092681884765625,44.91627517181744,45.09268,-10.467681884765625,10.467681884765625
2018-05-07 19:00:00,34.791666666666664,44.014488220214844,44.948632770493326,44.01449,-9.22282155354818,9.22282155354818
2018-05-07 20:00:00,35.708333333333336,46.30675506591797,47.73600026180319,46.306755,-10.598421732584633,10.598421732584633
2018-05-07 21:00:00,36.25,43.958648681640625,45.56665340042131,43.95865,-7.708648681640625,7.708648681640625
2018-05-07 22:00:00,36.375,43.616783142089844,46.82137580345113,43.616783,-7.241783142089844,7.241783142089844
2018-05-07 23:00:00,37.083333333333336,43.633766174316406,47.80978683298232,43.633766,-6.5504328409830705,6.5504328409830705
2018-05-08 00:00:00,36.666666666666664,42.48719024658203,45.27510863217748,42.48719,-5.820523579915367,5.820523579915367
2018-05-08 01:00:00,36.375,43.58113098144531,45.953688792671585,43.58113,-7.2061309814453125,7.2061309814453125
2018-05-08 02:00:00,35.916666666666664,43.620975494384766,45.85051361090185,43.620975,-7.704308827718101,7.704308827718101
2018-05-08 03:00:00,36.083333333333336,42.83616638183594,46.039283803939874,42.836166,-6.752833048502602,6.752833048502602
2018-05-08 04:00:00,36.958333333333336,46.04927444458008,49.049901179627525,46.049274,-9.090941111246742,9.090941111246742
2018-05-08 05:00:00,38.416666666666664,43.61650085449219,47.037404798336745,43.6165,-5.199834187825523,5.199834187825523
2018-05-08 06:00:00,37.958333333333336,41.27977752685547,46.49441627624434,41.279778,-3.321444193522133,3.321444193522133
2018-05-08 07:00:00,38.916666666666664,46.709693908691406,46.98028743578527,46.709694,-7.793027242024742,7.793027242024742
2018-05-08 08:00:00,39.416666666666664,45.28783416748047,46.30714884969561,45.287834,-5.8711675008138045,5.8711675008138045
2018-05-08 09:00:00,39.625,44.25434875488281,45.87171199861763,44.25435,-4.6293487548828125,4.6293487548828125
2018-05-08 10:00:00,38.708333333333336,44.918670654296875,46.7270557141291,44.91867,-6.210337320963539,6.210337320963539
2018-05-08 11:00:00,39.5,44.70880126953125,46.50261054087738,44.7088,-5.20880126953125,5.20880126953125
2018-05-08 12:00:00,39.791666666666664,43.45762634277344,45.844824340657034,43.457626,-3.665959676106773,3.665959676106773
2018-05-08 13:00:00,40.125,42.727481842041016,45.65609972931805,42.72748,-2.6024818420410156,2.6024818420410156
2018-05-08 14:00:00,39.541666666666664,44.70293426513672,46.40062358159096,44.702934,-5.1612675984700545,5.1612675984700545
2018-05-08 15:00:00,39.166666666666664,43.439849853515625,45.70700352893523,43.43985,-4.273183186848961,4.273183186848961
2018-05-08 16:00:00,38.416666666666664,43.516563415527344,46.462839805146984,43.516563,-5.0998967488606795,5.0998967488606795
2018-05-08 17:00:00,37.5,44.9765625,46.80267841286409,44.976562,-7.4765625,7.4765625
2018-05-08 18:00:00,37.666666666666664,45.644317626953125,46.43618865937812,45.644318,-7.977650960286461,7.977650960286461
2018-05-08 19:00:00,38.791666666666664,45.24049377441406,46.58318649728279,45.240494,-6.448827107747398,6.448827107747398
2018-05-08 20:00:00,38.333333333333336,43.38611602783203,45.961020787786815,43.386116,-5.0527826944986955,5.0527826944986955
2018-05-08 21:00:00,38.541666666666664,43.73039245605469,45.53532609443146,43.730392,-5.188725789388023,5.188725789388023
2018-05-08 22:00:00,39.125,43.01701736450195,44.41468890992206,43.017017,-3.892017364501953,3.892017364501953
2018-05-08 23:00:00,38.041666666666664,43.42335891723633,46.41814036755464,43.42336,-5.381692250569664,5.381692250569664
2018-05-09 00:00:00,38.291666666666664,45.62291717529297,46.466651405620254,45.622917,-7.3312505086263045,7.3312505086263045
2018-05-09 01:00:00,38.875,44.73249816894531,44.303166068283005,44.7325,-5.8574981689453125,5.8574981689453125
2018-05-09 02:00:00,39.166666666666664,44.9306526184082,45.80567804877892,44.930653,-5.763985951741539,5.763985951741539
2018-05-09 03:00:00,38.5,45.402748107910156,47.784499188095026,45.40275,-6.902748107910156,6.902748107910156
2018-05-09 04:00:00,36.875,45.89052200317383,48.55273318118284,45.890522,-9.015522003173828,9.015522003173828
2018-05-09 05:00:00,36.041666666666664,42.16490173339844,45.97201088802045,42.1649,-6.123235066731773,6.123235066731773
2018-05-09 06:00:00,35.5,45.553810119628906,46.813685731291216,45.55381,-10.053810119628906,10.053810119628906
2018-05-09 07:00:00,33.541666666666664,42.15458679199219,44.6707891417251,42.154587,-8.612920125325523,8.612920125325523
2018-05-09 08:00:00,33.041666666666664,45.92204666137695,46.88957863772376,45.922047,-12.880379994710289,12.880379994710289
2018-05-09 09:00:00,34.125,44.910133361816406,45.64784816953509,44.910133,-10.785133361816406,10.785133361816406
2018-05-09 10:00:00,35.5,44.36546325683594,44.022792395288825,44.365463,-8.865463256835938,8.865463256835938
2018-05-09 11:00:00,35.291666666666664,43.42967224121094,44.435316091146014,43.429672,-8.138005574544273,8.138005574544273
2018-05-09 12:00:00,34.416666666666664,46.10481262207031,45.85171184283911,46.104813,-11.688145955403648,11.688145955403648
2018-05-09 13:00:00,33.375,47.721710205078125,49.096402925227345,47.72171,-14.346710205078125,14.346710205078125
2018-05-09 14:00:00,33.333333333333336,46.2422981262207,45.77760128168361,46.2423,-12.908964792887367,12.908964792887367
2018-05-09 15:00:00,33.833333333333336,42.236915588378906,44.199072484768585,42.236916,-8.40358225504557,8.40358225504557
2018-05-09 16:00:00,33.666666666666664,41.20684814453125,41.979455325295596,41.20685,-7.540181477864586,7.540181477864586
2018-05-09 17:00:00,33.291666666666664,42.70201110839844,43.05257157594083,42.70201,-9.410344441731773,9.410344441731773
2018-05-09 18:00:00,32.208333333333336,42.105499267578125,44.26143058180888,42.1055,-9.89716593424479,9.89716593424479
2018-05-09 19:00:00,30.541666666666668,42.3430061340332,45.806501738205284,42.343006,-11.801339467366535,11.801339467366535
2018-05-09 20:00:00,29.916666666666668,42.58897399902344,45.60882787329864,42.588974,-12.67230733235677,12.67230733235677
2018-05-09 21:00:00,29.208333333333332,43.79065704345703,46.14682063136937,43.790657,-14.582323710123699,14.582323710123699
2018-05-09 22:00:00,28.541666666666668,45.06492233276367,45.80016593369223,45.064922,-16.523255666097004,16.523255666097004
2018-05-09 23:00:00,27.5,46.6884765625,46.516202891804795,46.688477,-19.1884765625,19.1884765625
2018-05-10 00:00:00,26.666666666666668,45.3133659362793,46.85978895320111,45.313366,-18.64669926961263,18.64669926961263
2018-05-10 01:00:00,26.208333333333332,45.19837188720703,45.16353855924679,45.19837,-18.9900385538737,18.9900385538737
2018-05-10 02:00:00,26.5,41.02009582519531,40.74435224164333,41.020096,-14.520095825195312,14.520095825195312
2018-05-10 03:00:00,26.583333333333332,39.53484344482422,40.99051192466284,39.534843,-12.951510111490887,12.951510111490887
2018-05-10 04:00:00,25.583333333333332,40.88105773925781,44.20477067712176,40.881058,-15.29772440592448,15.29772440592448
2018-05-10 05:00:00,25.375,43.94102478027344,44.82321348116269,43.941025,-18.566024780273438,18.566024780273438
2018-05-10 06:00:00,26.041666666666668,41.204734802246094,42.34894894775287,41.204735,-15.163068135579426,15.163068135579426
2018-05-10 07:00:00,26.833333333333332,41.609413146972656,44.14544626858793,41.609413,-14.776079813639324,14.776079813639324
2018-05-10 08:00:00,26.416666666666668,43.378662109375,46.730587481009856,43.378662,-16.961995442708332,16.961995442708332
2018-05-10 09:00:00,25.416666666666668,44.2458381652832,47.30368612311361,44.24584,-18.829171498616535,18.829171498616535
2018-05-10 10:00:00,24.041666666666668,43.32542419433594,46.70664148447084,43.325424,-19.28375752766927,19.28375752766927
2018-05-10 11:00:00,22.625,45.54182434082031,49.70804653926459,45.541824,-22.916824340820312,22.916824340820312
2018-05-10 12:00:00,22.541666666666668,38.808685302734375,42.199546998479896,38.808685,-16.267018636067707,16.267018636067707
2018-05-10 13:00:00,22.5,33.90386199951172,39.439507646116795,33.903862,-11.403861999511719,11.403861999511719
2018-05-10 14:00:00,22.458333333333332,34.53357696533203,39.565359801889045,34.533577,-12.075243631998699,12.075243631998699
2018-05-10 15:00:00,22.541666666666668,34.55731201171875,39.069885728479214,34.557312,-12.015645345052082,12.015645345052082
2018-05-10 16:00:00,23.125,34.306182861328125,38.12826214461402,34.306183,-11.181182861328125,11.181182861328125
2018-05-10 17:00:00,23.583333333333332,36.20068359375,40.05926131884681,36.200684,-12.617350260416668,12.617350260416668
2018-05-10 18:00:00,24.25,38.60460662841797,39.82932401142527,38.604607,-14.354606628417969,14.354606628417969
2018-05-10 19:00:00,25.333333333333332,42.195858001708984,41.99152013453459,42.195858,-16.862524668375652,16.862524668375652
2018-05-10 20:00:00,25.041666666666668,35.672142028808594,39.647207809752494,35.672142,-10.630475362141926,10.630475362141926
2018-05-10 21:00:00,25.25,35.13679504394531,40.27843757533939,35.136795,-9.886795043945312,9.886795043945312
2018-05-10 22:00:00,25.333333333333332,34.757728576660156,41.05840282774295,34.75773,-9.424395243326824,9.424395243326824
2018-05-10 23:00:00,26.916666666666668,30.83481216430664,35.35260758177495,30.834812,-3.9181454976399728,3.9181454976399728
2018-05-11 00:00:00,27.208333333333332,32.115047454833984,37.57677217980664,32.115047,-4.906714121500652,4.906714121500652
2018-05-11 01:00:00,28.0,33.53165054321289,38.62437773317238,33.53165,-5.531650543212891,5.531650543212891
2018-05-11 02:00:00,29.416666666666668,35.03347396850586,45.24212008308761,35.033474,-5.6168073018391915,5.6168073018391915
2018-05-11 03:00:00,30.833333333333332,34.392738342285156,41.79525152974184,34.39274,-3.559405008951824,3.559405008951824
2018-05-11 04:00:00,31.5,34.07404327392578,40.71582242933668,34.074043,-2.5740432739257812,2.5740432739257812
2018-05-11 05:00:00,31.666666666666668,34.747684478759766,39.2128080737016,34.747684,-3.0810178120930978,3.0810178120930978
2018-05-11 06:00:00,31.625,39.02569580078125,44.536997183006946,39.025696,-7.40069580078125,7.40069580078125
2018-05-11 07:00:00,31.708333333333332,40.647674560546875,46.58227123891388,40.647675,-8.939341227213543,8.939341227213543
2018-05-11 08:00:00,31.208333333333332,42.38020324707031,47.95632237248693,42.380203,-11.17186991373698,11.17186991373698
2018-05-11 09:00:00,30.625,39.86142349243164,45.370599921706614,39.861423,-9.23642349243164,9.23642349243164
2018-05-11 10:00:00,31.125,36.943572998046875,44.567839800672516,36.943573,-5.818572998046875,5.818572998046875
2018-05-11 11:00:00,32.625,32.83980178833008,39.772249187535,32.8398,-0.21480178833007812,0.21480178833007812
2018-05-11 12:00:00,34.041666666666664,32.51657485961914,38.319257218179686,32.516575,1.5250918070475237,1.5250918070475237
2018-05-11 13:00:00,35.708333333333336,35.03742218017578,40.17387987860365,35.037422,0.6709111531575545,0.6709111531575545
2018-05-11 14:00:00,36.458333333333336,31.829700469970703,37.89938270219879,31.8297,4.628632863362633,4.628632863362633
2018-05-11 15:00:00,36.5,32.11622619628906,39.1234681966488,32.116226,4.3837738037109375,4.3837738037109375
2018-05-11 16:00:00,36.625,36.47834014892578,45.55352888487597,36.47834,0.14665985107421875,0.14665985107421875
2018-05-11 17:00:00,37.125,35.87400817871094,44.396550572652785,35.87401,1.2509918212890625,1.2509918212890625
2018-05-11 18:00:00,37.25,38.327659606933594,46.30301230138284,38.32766,-1.0776596069335938,1.0776596069335938
2018-05-11 19:00:00,37.541666666666664,38.60524368286133,45.18105095660399,38.605244,-1.0635770161946638,1.0635770161946638
2018-05-11 20:00:00,40.208333333333336,32.299278259277344,39.13408459764382,32.29928,7.909055074055992,7.909055074055992
2018-05-11 21:00:00,42.958333333333336,35.035606384277344,41.9438148030376,35.035606,7.922726949055992,7.922726949055992
2018-05-11 22:00:00,46.625,35.207916259765625,43.16920416712725,35.207916,11.417083740234375,11.417083740234375
2018-05-11 23:00:00,47.208333333333336,37.157447814941406,43.62755398794062,37.157448,10.05088551839193,10.05088551839193
2018-05-12 00:00:00,47.916666666666664,38.015892028808594,44.19248064955665,38.015892,9.90077463785807,9.90077463785807
2018-05-12 01:00:00,52.166666666666664,40.62944793701172,45.747456046663736,40.629448,11.537218729654946,11.537218729654946
2018-05-12 02:00:00,57.208333333333336,42.63765335083008,46.70427860001764,42.637653,14.570679982503258,14.570679982503258
2018-05-12 03:00:00,60.75,44.85372543334961,49.39952687439643,44.853725,15.89627456665039,15.89627456665039
2018-05-12 04:00:00,64.58333333333333,45.034759521484375,47.47953766597526,45.03476,19.548573811848954,19.548573811848954
2018-05-12 05:00:00,68.29166666666667,44.742706298828125,48.5590708254358,44.742706,23.548960367838546,23.548960367838546
2018-11-29 19:00:00,113.45833333333333,132.5169677734375,137.2964303521377,132.51697,-19.05863444010417,19.05863444010417
2018-11-29 20:00:00,108.5,148.27084350585938,150.8287549860758,148.27084,-39.770843505859375,39.770843505859375
2018-11-29 21:00:00,106.375,144.4056854248047,152.8658665282061,144.40569,-38.03068542480469,38.03068542480469
2018-11-29 22:00:00,102.125,152.33062744140625,154.97770997513473,152.33063,-50.20562744140625,50.20562744140625
2018-11-29 23:00:00,101.45833333333333,137.38449096679688,139.31658064126373,137.38449,-35.926157633463546,35.926157633463546
2018-11-30 00:00:00,103.75,118.78872680664062,123.76836504808306,118.78873,-15.038726806640625,15.038726806640625
2018-11-30 01:00:00,107.625,115.10177612304688,119.05535527756535,115.101776,-7.476776123046875,7.476776123046875
2018-11-30 02:00:00,110.66666666666667,120.29289245605469,122.117905836862,120.29289,-9.626225789388016,9.626225789388016
2018-11-30 03:00:00,114.29166666666667,130.07424926757812,132.5407389262095,130.07425,-15.782582600911454,15.782582600911454
2018-11-30 04:00:00,118.02083333333333,128.55850219726562,130.96790043781036,128.5585,-10.537668863932296,10.537668863932296
2018-11-30 05:00:00,121.77083333333333,129.0281982421875,127.51075877041346,129.0282,-7.257364908854171,7.257364908854171
2018-11-30 06:00:00,125.125,126.96092224121094,125.38040477519654,126.96092,-1.8359222412109375,1.8359222412109375
2018-11-30 07:00:00,127.75,119.96751403808594,121.12244779982674,119.967514,7.7824859619140625,7.7824859619140625
2018-11-30 08:00:00,126.16666666666667,123.51934814453125,124.46348738423264,123.51935,2.6473185221354214,2.6473185221354214
2018-11-30 09:00:00,126.08333333333333,123.96676635742188,126.44933678871335,123.96677,2.1165669759114536,2.1165669759114536
2018-11-30 10:00:00,128.20833333333334,124.21197509765625,125.56614309252231,124.211975,3.996358235677093,3.996358235677093
2018-11-30 11:00:00,128.16666666666666,119.89677429199219,120.9589966160529,119.896774,8.26989237467447,8.26989237467447
2018-11-30 12:00:00,128.16666666666666,128.29986572265625,126.88766802466627,128.29987,-0.1331990559895928,0.1331990559895928
2018-11-30 13:00:00,128.04166666666666,133.4293212890625,128.97399954911657,133.42932,-5.387654622395843,5.387654622395843
2018-11-30 14:00:00,127.58333333333333,137.0506591796875,132.9653003404694,137.05066,-9.467325846354171,9.467325846354171
2018-11-30 15:00:00,127.58333333333333,135.60635375976562,131.13474515029748,135.60635,-8.023020426432296,8.023020426432296
2018-11-30 16:00:00,128.20833333333334,134.24530029296875,129.90515830175113,134.2453,-6.036966959635407,6.036966959635407
2018-11-30 17:00:00,130.33333333333334,124.03359985351562,125.88362921821223,124.0336,6.299733479817718,6.299733479817718
2018-11-30 18:00:00,131.41666666666666,122.19523620605469,124.75713630891806,122.19524,9.22143046061197,9.22143046061197
2018-11-30 19:00:00,132.79166666666666,113.48710632324219,115.80549133957591,113.48711,19.30456034342447,19.30456034342447
2018-11-30 20:00:00,133.75,114.95472717285156,116.23699168319102,114.95473,18.795272827148438,18.795272827148438
2018-11-30 21:00:00,134.04166666666666,121.31782531738281,124.48090027923625,121.317825,12.723841349283845,12.723841349283845
2018-11-30 22:00:00,134.20833333333334,123.20852661132812,123.08909814703827,123.20853,10.999806722005218,10.999806722005218
2018-11-30 23:00:00,133.125,145.60052490234375,136.9702028713962,145.60052,-12.47552490234375,12.47552490234375
2018-12-01 00:00:00,132.20833333333334,153.47445678710938,143.77891780980048,153.47446,-21.266123453776032,21.266123453776032
2018-12-01 01:00:00,130.0,142.06993103027344,136.91092530998563,142.06993,-12.069931030273438,12.069931030273438
2018-12-01 02:00:00,128.75,141.34912109375,138.19352070611467,141.34912,-12.59912109375,12.59912109375
2018-12-01 03:00:00,127.58333333333333,138.31509399414062,140.73189344294727,138.3151,-10.731760660807296,10.731760660807296
2018-12-01 04:00:00,126.1875,139.08334350585938,140.19111931908188,139.08334,-12.895843505859375,12.895843505859375
2018-12-01 05:00:00,124.89583333333333,141.96958923339844,139.6752286655242,141.96959,-17.07375590006511,17.07375590006511
2018-12-01 06:00:00,125.625,141.813232421875,143.65179402113404,141.81323,-16.188232421875,16.188232421875
2018-12-01 07:00:00,126.75,146.08767700195312,139.29487877173366,146.08768,-19.337677001953125,19.337677001953125
2018-12-02 09:00:00,129.0,131.14013671875,127.22296455717483,131.14014,-2.14013671875,2.14013671875
2018-12-02 10:00:00,129.41666666666666,135.68765258789062,135.8411989712205,135.68765,-6.270985921223968,6.270985921223968
2018-12-02 11:00:00,129.0,148.47625732421875,141.91674302311267,148.47626,-19.47625732421875,19.47625732421875
2018-12-02 12:00:00,129.375,138.32192993164062,135.0051542007572,138.32193,-8.946929931640625,8.946929931640625
2018-12-02 13:00:00,129.54166666666666,144.73077392578125,136.53925135993913,144.73077,-15.189107259114593,15.189107259114593
2018-12-02 14:00:00,129.45833333333334,146.11822509765625,135.88931219884242,146.11823,-16.659891764322907,16.659891764322907
2018-12-02 15:00:00,129.41666666666666,146.44155883789062,137.6857372592366,146.44156,-17.024892171223968,17.024892171223968
2018-12-02 16:00:00,128.79166666666666,147.0443115234375,138.71057050521037,147.04431,-18.252644856770843,18.252644856770843
2018-12-02 17:00:00,128.54166666666666,141.19876098632812,133.03954584432324,141.19876,-12.657094319661468,12.657094319661468
2018-12-02 18:00:00,127.20833333333333,138.92532348632812,137.13474706169603,138.92532,-11.716990152994796,11.716990152994796
2018-12-02 19:00:00,127.04166666666667,142.04612731933594,139.37234874924965,142.04613,-15.004460652669266,15.004460652669266
2018-12-02 20:00:00,126.58333333333333,138.09152221679688,133.93116002377988,138.09152,-11.508188883463546,11.508188883463546
2018-12-02 21:00:00,125.20833333333333,137.62196350097656,133.99391401737975,137.62196,-12.413630167643234,12.413630167643234
2018-12-02 22:00:00,123.875,137.9978790283203,134.041149589257,137.99788,-14.122879028320312,14.122879028320312
2018-12-02 23:00:00,124.95833333333333,139.4820098876953,135.43489740331609,139.48201,-14.523676554361984,14.523676554361984
2018-12-03 00:00:00,127.625,129.6233673095703,133.04203507127733,129.62337,-1.9983673095703125,1.9983673095703125
2018-12-03 01:00:00,128.66666666666666,132.39041137695312,135.08475166299658,132.39041,-3.723744710286468,3.723744710286468
2018-12-03 02:00:00,130.75,128.63282775878906,131.96523007011365,128.63283,2.1171722412109375,2.1171722412109375
2018-12-03 03:00:00,133.875,132.31988525390625,136.00172669836385,132.31989,1.55511474609375,1.55511474609375
2018-12-03 04:00:00,137.25,132.29446411132812,139.67492511901665,132.29446,4.955535888671875,4.955535888671875
2018-12-03 05:00:00,139.66666666666666,130.07406616210938,135.3363511493372,130.07407,9.592600504557282,9.592600504557282
2018-12-03 06:00:00,142.20833333333334,132.85438537597656,136.5769868915228,132.85439,9.35394795735678,9.35394795735678
2018-12-03 07:00:00,145.29166666666666,139.525634765625,143.73516353300536,139.52563,5.766031901041657,5.766031901041657
2018-12-03 08:00:00,146.70833333333334,138.03823852539062,145.6706413682795,138.03824,8.670094807942718,8.670094807942718
2018-12-03 09:00:00,148.91666666666666,126.97084045410156,133.38826314768923,126.97084,21.945826212565095,21.945826212565095
2018-12-03 10:00:00,152.20833333333334,129.75079345703125,133.6945374546374,129.7508,22.457539876302093,22.457539876302093
2018-12-03 11:00:00,150.33333333333334,130.77752685546875,135.20233747663687,130.77753,19.555806477864593,19.555806477864593
2018-12-03 12:00:00,150.08333333333334,128.36984252929688,131.73990116243093,128.36984,21.713490804036468,21.713490804036468
2018-12-03 13:00:00,149.91666666666666,130.6519012451172,132.02946444986233,130.6519,19.26476542154947,19.26476542154947
2018-12-03 14:00:00,150.79166666666666,127.75996398925781,129.6939011353136,127.759964,23.031702677408845,23.031702677408845
2018-12-03 15:00:00,151.33333333333334,127.16435241699219,129.86263184639574,127.16435,24.168980916341155,24.168980916341155
2018-12-03 16:00:00,152.125,121.94111633300781,127.97641393818513,121.94112,30.183883666992188,30.183883666992188
2018-12-03 17:00:00,152.75,128.0247802734375,132.4215868660964,128.02478,24.7252197265625,24.7252197265625
2018-12-03 18:00:00,153.83333333333334,126.48641967773438,127.3490210859543,126.48642,27.346913655598968,27.346913655598968
2018-12-03 19:00:00,153.75,126.5311050415039,132.60696911210624,126.531105,27.218894958496094,27.218894958496094
2018-12-03 20:00:00,153.54166666666666,127.91786193847656,133.90427531299915,127.91786,25.623804728190095,25.623804728190095
2018-12-03 21:00:00,155.875,121.61705017089844,125.16966815109376,121.61705,34.25794982910156,34.25794982910156
2018-12-03 22:00:00,157.91666666666666,119.97079467773438,125.60818134325633,119.970795,37.94587198893228,37.94587198893228
2018-12-03 23:00:00,158.45833333333334,131.31732177734375,137.86245910648748,131.31732,27.141011555989593,27.141011555989593
2018-12-04 00:00:00,158.33333333333334,133.99505615234375,141.86838222548576,133.99506,24.338277180989593,24.338277180989593
2018-12-04 01:00:00,159.625,127.93258666992188,135.5746960141007,127.93259,31.692413330078125,31.692413330078125
2018-12-04 02:00:00,159.79166666666666,135.6425323486328,140.75781583565546,135.64253,24.149134318033845,24.149134318033845
2018-12-04 03:00:00,157.29166666666666,139.58604431152344,147.92594395792452,139.58604,17.70562235514322,17.70562235514322
2018-12-04 04:00:00,155.66666666666666,145.9326171875,152.7390823490122,145.93262,9.734049479166657,9.734049479166657
2018-12-04 05:00:00,155.08333333333334,138.97683715820312,149.13591031704766,138.97684,16.106496175130218,16.106496175130218
2018-12-04 06:00:00,152.08333333333334,141.60440063476562,147.9757174419929,141.6044,10.478932698567718,10.478932698567718
2018-12-04 07:00:00,147.125,143.266357421875,154.57190241032978,143.26636,3.858642578125,3.858642578125
2018-12-04 08:00:00,144.33333333333334,137.66830444335938,146.2511605114868,137.6683,6.665028889973968,6.665028889973968
2018-12-04 09:00:00,142.29166666666666,134.94046020507812,141.59752723731427,134.94046,7.351206461588532,7.351206461588532
2018-12-04 10:00:00,138.25,136.99908447265625,146.28785712611494,136.99908,1.25091552734375,1.25091552734375
2018-12-04 11:00:00,139.08333333333334,120.31562042236328,130.0444309413998,120.31562,18.76771291097006,18.76771291097006
2018-12-04 12:00:00,139.375,133.6265869140625,134.0200336564385,133.62659,5.7484130859375,5.7484130859375
2018-12-04 13:00:00,139.5,133.16761779785156,133.62800513076667,133.16762,6.3323822021484375,6.3323822021484375
2018-12-04 14:00:00,138.25,139.865966796875,139.25322261547768,139.86597,-1.615966796875,1.615966796875
2018-12-04 15:00:00,138.0,139.44760131835938,136.85025182233682,139.4476,-1.447601318359375,1.447601318359375
2018-12-04 16:00:00,138.125,132.63153076171875,133.72670699549872,132.63153,5.49346923828125,5.49346923828125
2018-12-04 17:00:00,137.375,134.9883270263672,136.1266071598831,134.98833,2.3866729736328125,2.3866729736328125
2018-12-04 18:00:00,136.375,134.98077392578125,137.9048511336517,134.98077,1.39422607421875,1.39422607421875
2018-12-04 19:00:00,136.41666666666666,132.46859741210938,137.48962875755416,132.4686,3.948069254557282,3.948069254557282
2018-12-04 20:00:00,136.04166666666666,125.5886001586914,133.3365341102389,125.5886,10.453066507975251,10.453066507975251
2018-12-04 21:00:00,133.70833333333334,136.24417114257812,141.73536015550803,136.24417,-2.535837809244782,2.535837809244782
2018-12-04 22:00:00,131.66666666666666,152.66909790039062,151.96937318569792,152.6691,-21.002431233723968,21.002431233723968
2018-12-04 23:00:00,128.66666666666666,158.25234985351562,157.13082915327865,158.25235,-29.585683186848968,29.585683186848968
2018-12-05 00:00:00,125.25,168.04345703125,163.202840125342,168.04346,-42.79345703125,42.79345703125
2018-12-05 01:00:00,121.66666666666667,173.91641235351562,166.22881074205083,173.91641,-52.249745686848954,52.249745686848954
2018-12-05 02:00:00,120.08333333333333,165.77430725097656,166.62608374847906,165.7743,-45.690973917643234,45.690973917643234
2018-12-05 03:00:00,119.125,154.0826416015625,152.31204732786986,154.08264,-34.9576416015625,34.9576416015625
2018-12-05 04:00:00,117.83333333333333,159.00637817382812,159.50493097879698,159.00638,-41.173044840494796,41.173044840494796
2018-12-05 05:00:00,117.5,166.04354858398438,160.7003393629285,166.04355,-48.543548583984375,48.543548583984375
2018-12-05 06:00:00,120.04166666666667,139.85699462890625,144.63890722714746,139.857,-19.81532796223958,19.81532796223958
2018-12-05 07:00:00,124.04166666666667,145.81472778320312,144.224156750796,145.81473,-21.773061116536454,21.773061116536454
2018-12-05 08:00:00,128.125,149.564453125,143.15135628432296,149.56445,-21.439453125,21.439453125
2018-12-05 09:00:00,133.08333333333334,144.93023681640625,141.41312369752475,144.93024,-11.846903483072907,11.846903483072907
2018-12-05 10:00:00,140.16666666666666,124.52601623535156,129.96262830575196,124.52602,15.640650431315095,15.640650431315095
2018-12-05 11:00:00,147.08333333333334,136.92965698242188,142.52095095078337,136.92966,10.153676350911468,10.153676350911468
2018-12-05 12:00:00,154.70833333333334,139.84619140625,142.28104142487453,139.84619,14.862141927083343,14.862141927083343
2018-12-05 13:00:00,156.83333333333334,143.5712890625,140.7257972021567,143.57129,13.262044270833343,13.262044270833343
2018-12-05 14:00:00,157.75,135.13116455078125,132.85514323452261,135.13116,22.61883544921875,22.61883544921875
2018-12-05 15:00:00,160.54166666666666,138.67941284179688,138.48079870079778,138.67941,21.862253824869782,21.862253824869782
2018-12-05 16:00:00,162.41666666666666,140.18682861328125,141.47528823559279,140.18683,22.229838053385407,22.229838053385407
2018-12-05 17:00:00,162.95833333333334,127.53551483154297,130.16427703972806,127.535515,35.422818501790374,35.422818501790374
2018-12-05 18:00:00,164.54166666666666,132.53790283203125,135.05986036607254,132.5379,32.00376383463541,32.00376383463541
2018-12-05 19:00:00,166.5,136.1130828857422,139.970065958211,136.11308,30.386917114257812,30.386917114257812
2018-12-05 20:00:00,168.625,129.47103881835938,136.2523555962679,129.47104,39.153961181640625,39.153961181640625
2018-12-05 21:00:00,171.25,126.05897521972656,129.32262659369627,126.058975,45.19102478027344,45.19102478027344
2018-12-05 22:00:00,174.45833333333334,126.99081420898438,129.16916900136837,126.990814,47.46751912434897,47.46751912434897
2018-12-05 23:00:00,178.04166666666666,121.7115707397461,127.22403852498388,121.71157,56.33009592692056,56.33009592692056
2018-12-06 00:00:00,181.20833333333334,130.7118377685547,133.5103005585974,130.71184,50.496495564778655,50.496495564778655
2018-12-06 01:00:00,183.91666666666666,125.115478515625,132.06124943781856,125.11548,58.80118815104166,58.80118815104166
2018-12-06 02:00:00,185.0,125.91058349609375,133.5852825899849,125.91058,59.08941650390625,59.08941650390625
2018-12-06 03:00:00,186.45833333333334,128.91567993164062,134.45277258749485,128.91568,57.54265340169272,57.54265340169272
2018-12-06 04:00:00,188.58333333333334,131.464599609375,136.90851725401532,131.4646,57.11873372395834,57.11873372395834
2018-12-06 05:00:00,189.75,132.94451904296875,140.28617812215026,132.94452,56.80548095703125,56.80548095703125
2018-12-06 06:00:00,189.66666666666666,136.26937866210938,144.62810750538128,136.26938,53.39728800455728,53.39728800455728
2018-12-06 07:00:00,187.75,139.68447875976562,149.50589606192264,139.68448,48.065521240234375,48.065521240234375
2018-12-06 08:00:00,186.125,147.64346313476562,155.69726636649295,147.64346,38.481536865234375,38.481536865234375
2018-12-06 09:00:00,183.79166666666666,142.71527099609375,149.96903249703018,142.71527,41.07639567057291,41.07639567057291
2018-12-06 10:00:00,182.0,139.42047119140625,146.9817791348786,139.42047,42.57952880859375,42.57952880859375
2018-12-06 11:00:00,178.45833333333334,148.8646240234375,156.80934083564634,148.86462,29.593709309895843,29.593709309895843
2018-12-06 12:00:00,171.91666666666666,156.46200561523438,159.400723835098,156.462,15.454661051432282,15.454661051432282
2018-12-06 13:00:00,170.79166666666666,148.2056427001953,148.7841879228246,148.20564,22.586023966471345,22.586023966471345
2018-12-06 14:00:00,171.0,144.2266082763672,141.57658385884753,144.22661,26.773391723632812,26.773391723632812
2018-12-06 15:00:00,169.25,145.83316040039062,147.2196017140726,145.83316,23.416839599609375,23.416839599609375
2018-12-06 16:00:00,168.41666666666666,150.75411987304688,151.39935673733947,150.75412,17.662546793619782,17.662546793619782
2018-12-06 17:00:00,169.83333333333334,142.730712890625,143.29770990449325,142.73071,27.102620442708343,27.102620442708343
2018-12-06 18:00:00,170.04166666666666,143.12767028808594,141.88829619751988,143.12767,26.91399637858072,26.91399637858072
2018-12-06 19:00:00,170.79166666666666,152.22030639648438,150.24826316199423,152.2203,18.571360270182282,18.571360270182282
2018-12-06 20:00:00,172.75,149.9615020751953,149.30201829444567,149.9615,22.788497924804688,22.788497924804688
2018-12-06 21:00:00,177.04166666666666,153.29327392578125,149.43310391209377,153.29327,23.748392740885407,23.748392740885407
2018-12-06 22:00:00,178.45833333333334,168.0828857421875,165.01736881232316,168.08289,10.375447591145843,10.375447591145843
2018-12-06 23:00:00,179.33333333333334,166.99249267578125,161.49864006198726,166.9925,12.340840657552093,12.340840657552093
2018-12-07 00:00:00,180.79166666666666,162.0685577392578,156.55399858294646,162.06856,18.723108927408845,18.723108927408845
2018-12-07 01:00:00,183.33333333333334,161.306396484375,156.42895311998623,161.3064,22.026936848958343,22.026936848958343
2018-12-07 02:00:00,186.29166666666666,156.49240112304688,154.96286439238915,156.4924,29.799265543619782,29.799265543619782
2018-12-07 03:00:00,188.625,159.37582397460938,158.56207076540218,159.37582,29.249176025390625,29.249176025390625
2018-12-07 04:00:00,188.625,167.40757751464844,167.48665331205896,167.40758,21.217422485351562,21.217422485351562
2018-12-07 05:00:00,188.25,163.04876708984375,167.3800517646529,163.04877,25.20123291015625,25.20123291015625
2018-12-07 06:00:00,188.70833333333334,162.67864990234375,168.82991711455617,162.67865,26.029683430989593,26.029683430989593
2018-12-07 07:00:00,189.54166666666666,161.760986328125,167.6458869290638,161.76099,27.780680338541657,27.780680338541657
2018-12-07 08:00:00,189.75,169.68820190429688,174.9022565216503,169.6882,20.061798095703125,20.061798095703125
2018-12-07 09:00:00,192.04166666666666,172.25302124023438,175.66280619713572,172.25302,19.788645426432282,19.788645426432282
2018-12-07 10:00:00,193.54166666666666,177.6881103515625,182.67057279971985,177.68811,15.853556315104157,15.853556315104157
2018-12-07 11:00:00,196.95833333333334,178.71524047851562,177.77205548256762,178.71524,18.243092854817718,18.243092854817718
2018-12-07 12:00:00,198.58333333333334,167.6416778564453,171.73569667386946,167.64168,30.94165547688803,30.94165547688803
2018-12-07 13:00:00,199.95833333333334,165.38783264160156,165.13005912319008,165.38783,34.57050069173178,34.57050069173178
2018-12-07 14:00:00,201.08333333333334,169.6569061279297,171.08182933965148,169.6569,31.426427205403655,31.426427205403655
2018-12-07 15:00:00,201.66666666666666,168.97116088867188,163.93224849688056,168.97116,32.69550577799478,32.69550577799478
2018-12-07 16:00:00,202.0,171.8787841796875,170.2378073454603,171.87878,30.1212158203125,30.1212158203125
2018-12-07 17:00:00,201.95833333333334,171.0775909423828,171.352376330266,171.07759,30.88074239095053,30.88074239095053
2018-12-07 18:00:00,201.625,173.16094970703125,172.07190660481692,173.16095,28.46405029296875,28.46405029296875
2018-12-07 19:00:00,200.20833333333334,186.01739501953125,184.89986055883404,186.0174,14.190938313802093,14.190938313802093
2018-12-07 20:00:00,198.25,194.71566772460938,196.6996795160042,194.71567,3.534332275390625,3.534332275390625
2018-12-07 21:00:00,193.95833333333334,201.95086669921875,207.08703748089346,201.95087,-7.992533365885407,7.992533365885407
2018-12-07 22:00:00,192.70833333333334,190.0164794921875,193.67448907639348,190.01648,2.691853841145843,2.691853841145843
2018-12-07 23:00:00,192.83333333333334,186.36495971679688,189.61403597470218,186.36496,6.468373616536468,6.468373616536468
2018-12-08 00:00:00,192.91666666666666,191.75579833984375,193.91430147034328,191.7558,1.1608683268229072,1.1608683268229072
2018-12-08 01:00:00,192.79166666666666,191.4620361328125,196.77401873662117,191.46204,1.3296305338541572,1.3296305338541572
2018-12-08 02:00:00,190.41666666666666,193.7467041015625,200.02536758417105,193.7467,-3.330037434895843,3.330037434895843
2018-12-08 03:00:00,185.91666666666666,195.26129150390625,204.11594785730784,195.26129,-9.344624837239593,9.344624837239593
2018-12-08 04:00:00,183.41666666666666,189.58485412597656,200.8312166534461,189.58485,-6.168187459309905,6.168187459309905
2018-12-08 05:00:00,181.66666666666666,186.47821044921875,190.60256744985347,186.47821,-4.811543782552093,4.811543782552093
2018-12-08 06:00:00,179.54166666666666,185.8501739501953,188.0794762791342,185.85017,-6.308507283528655,6.308507283528655
2018-12-08 07:00:00,176.95833333333334,179.57618713378906,184.2642652768658,179.57619,-2.6178538004557197,2.6178538004557197
2018-12-08 08:00:00,174.08333333333334,177.30560302734375,183.77428433382505,177.3056,-3.222269694010407,3.222269694010407
2018-12-08 09:00:00,168.66666666666666,177.2064208984375,177.79794580474663,177.20642,-8.539754231770843,8.539754231770843
2018-12-08 10:00:00,162.29166666666666,174.69778442382812,177.6876473184568,174.69778,-12.406117757161468,12.406117757161468
2018-12-08 11:00:00,154.91666666666666,179.22007751464844,182.1604904879869,179.22008,-24.30341084798178,24.30341084798178
2018-12-08 12:00:00,152.04166666666666,174.68801879882812,175.83892052757525,174.68802,-22.646352132161468,22.646352132161468
2018-12-08 13:00:00,150.54166666666666,180.222900390625,180.02651342687406,180.2229,-29.681233723958343,29.681233723958343
2018-12-08 14:00:00,149.0,181.81915283203125,183.5029053730284,181.81915,-32.81915283203125,32.81915283203125
2018-12-08 15:00:00,147.95833333333334,182.92767333984375,180.16390712556057,182.92767,-34.96934000651041,34.96934000651041
2018-12-08 16:00:00,146.54166666666666,181.98544311523438,178.7492165788658,181.98544,-35.44377644856772,35.44377644856772
2018-12-08 17:00:00,145.83333333333334,184.28126525878906,182.20205515702682,184.28127,-38.44793192545572,38.44793192545572
2018-12-08 18:00:00,145.66666666666666,175.14117431640625,174.1711199638377,175.14117,-29.474507649739593,29.474507649739593
2018-12-08 19:00:00,145.54166666666666,177.94924926757812,173.3684350615453,177.94925,-32.40758260091147,32.40758260091147
2018-12-08 20:00:00,145.41666666666666,180.8748321533203,174.03253853799694,180.87483,-35.458165486653655,35.458165486653655
2018-12-08 21:00:00,147.29166666666666,176.41229248046875,174.3631251197963,176.4123,-29.120625813802093,29.120625813802093
2018-12-08 22:00:00,148.79166666666666,181.52935791015625,180.15401107952977,181.52936,-32.73769124348959,32.73769124348959
2018-12-08 23:00:00,149.625,184.04888916015625,185.88664930537016,184.04889,-34.42388916015625,34.42388916015625
2018-12-09 00:00:00,147.125,184.2713623046875,185.93578515114424,184.27136,-37.1463623046875,37.1463623046875
2018-12-09 01:00:00,146.66666666666666,186.43161010742188,186.64948946886574,186.43161,-39.76494344075522,39.76494344075522
2018-12-09 02:00:00,147.83333333333334,171.557373046875,175.64059098468408,171.55737,-23.724039713541657,23.724039713541657
2018-12-09 03:00:00,153.20833333333334,155.38668823242188,161.63349803488552,155.38669,-2.178354899088532,2.178354899088532
2018-12-09 04:00:00,158.20833333333334,165.20883178710938,165.56932534795004,165.20883,-7.000498453776032,7.000498453776032
2018-12-09 05:00:00,163.20833333333334,162.96002197265625,166.9344425066302,162.96002,0.2483113606770928,0.2483113606770928
2018-12-09 06:00:00,167.16666666666666,160.64932250976562,160.14923827791048,160.64932,6.517344156901032,6.517344156901032
2018-12-09 07:00:00,168.75,163.19505310058594,159.37557480815428,163.19505,5.5549468994140625,5.5549468994140625
2018-12-09 08:00:00,169.5,156.8729248046875,153.3327003434396,156.87292,12.6270751953125,12.6270751953125
2018-12-09 09:00:00,169.33333333333334,151.32618713378906,148.07317859064236,151.32619,18.00714619954428,18.00714619954428
2018-12-09 10:00:00,168.66666666666666,149.1051788330078,149.0287743252878,149.10518,19.561487833658845,19.561487833658845
2018-12-09 11:00:00,167.75,140.88839721679688,141.97398579623518,140.8884,26.861602783203125,26.861602783203125
2018-12-09 12:00:00,166.54166666666666,144.84381103515625,144.05763817604605,144.84381,21.697855631510407,21.697855631510407
2018-12-09 13:00:00,164.33333333333334,154.7603302001953,149.517993633814,154.76033,9.57300313313803,9.57300313313803
2018-12-09 14:00:00,162.95833333333334,148.63870239257812,145.74747869403936,148.6387,14.319630940755218,14.319630940755218
2018-12-09 15:00:00,161.375,151.64599609375,148.84323463853397,151.646,9.72900390625,9.72900390625
2018-12-09 16:00:00,160.16666666666666,148.65179443359375,146.02196861040034,148.6518,11.514872233072907,11.514872233072907
2018-12-09 17:00:00,158.83333333333334,151.1748046875,146.03202626179296,151.1748,7.658528645833343,7.658528645833343
2018-12-09 18:00:00,159.66666666666666,153.12423706054688,150.5367448587782,153.12424,6.542429606119782,6.542429606119782
2018-12-09 19:00:00,158.20833333333334,154.99620056152344,153.81170635429143,154.9962,3.2121327718099053,3.2121327718099053
2018-12-09 20:00:00,159.04166666666666,158.3497772216797,154.93003092688528,158.34978,0.6918894449869697,0.6918894449869697
2018-12-09 21:00:00,156.45833333333334,158.95516967773438,162.17983864574228,158.95517,-2.496836344401032,2.496836344401032
2018-12-09 22:00:00,156.375,162.56320190429688,161.7289621744188,162.5632,-6.188201904296875,6.188201904296875
2018-12-09 23:00:00,155.66666666666666,164.27273559570312,163.4721376888382,164.27274,-8.606068929036468,8.606068929036468
2018-12-10 00:00:00,160.95833333333334,146.02999877929688,147.36210426692978,146.03,14.928334554036468,14.928334554036468
2018-12-10 01:00:00,162.58333333333334,155.18096923828125,158.1096509967533,155.18097,7.402364095052093,7.402364095052093
2018-12-10 02:00:00,163.20833333333334,161.76983642578125,161.22170838392427,161.76984,1.4384969075520928,1.4384969075520928
2018-12-10 03:00:00,162.08333333333334,172.6512451171875,169.4904052837286,172.65125,-10.567911783854157,10.567911783854157
2018-12-10 04:00:00,162.33333333333334,170.96734619140625,168.10008252303516,170.96735,-8.634012858072907,8.634012858072907
2018-12-10 05:00:00,161.54166666666666,171.9735107421875,173.3108094509876,171.97351,-10.431844075520843,10.431844075520843
2018-12-10 06:00:00,159.58333333333334,164.9342498779297,167.26085985807762,164.93425,-5.350916544596345,5.350916544596345
2018-12-10 07:00:00,161.375,161.31703186035156,163.40873722286653,161.31703,0.0579681396484375,0.0579681396484375
2018-12-10 08:00:00,163.625,160.59085083007812,160.04531524310875,160.59085,3.034149169921875,3.034149169921875
2018-12-10 09:00:00,167.95833333333334,151.7631072998047,152.7950446608609,151.7631,16.195226033528655,16.195226033528655
2018-12-10 10:00:00,169.91666666666666,145.67652893066406,145.90318891504424,145.67653,24.240137736002595,24.240137736002595
2018-12-10 11:00:00,169.25,140.75148010253906,139.8359320441161,140.75148,28.498519897460938,28.498519897460938
2018-12-10 12:00:00,169.54166666666666,138.32501220703125,134.48852250183438,138.32501,31.216654459635407,31.216654459635407
2018-12-10 13:00:00,170.79166666666666,137.5596466064453,128.9727530433634,137.55965,33.232020060221345,33.232020060221345
2018-12-10 14:00:00,173.20833333333334,130.97390747070312,123.7722693495383,130.9739,42.23442586263022,42.23442586263022
2018-12-10 15:00:00,174.91666666666666,131.41357421875,122.43903311070066,131.41357,43.50309244791666,43.50309244791666
2018-12-10 16:00:00,176.375,139.43096923828125,128.22945028399408,139.43097,36.94403076171875,36.94403076171875
2018-12-10 17:00:00,176.91666666666666,137.06314086914062,126.43152076515233,137.06314,39.85352579752603,39.85352579752603
2018-12-10 18:00:00,175.375,146.98883056640625,140.36572653365923,146.98883,28.38616943359375,28.38616943359375
2018-12-10 19:00:00,175.54166666666666,140.03692626953125,131.0824662004917,140.03693,35.50474039713541,35.50474039713541
2018-12-10 20:00:00,173.20833333333334,153.09829711914062,144.67434853242216,153.0983,20.110036214192718,20.110036214192718
2018-12-10 21:00:00,172.33333333333334,147.762451171875,135.69670761319966,147.76245,24.570882161458343,24.570882161458343
2018-12-10 22:00:00,168.33333333333334,158.80056762695312,148.576769828797,158.80057,9.532765706380218,9.532765706380218
2018-12-10 23:00:00,166.58333333333334,159.68592834472656,143.57832497604522,159.68593,6.89740498860678,6.89740498860678
2018-12-11 00:00:00,163.29166666666666,172.9401092529297,162.35009879954072,172.94011,-9.64844258626303,9.64844258626303
2018-12-11 01:00:00,159.04166666666666,164.77090454101562,157.04547858905303,164.7709,-5.729237874348968,5.729237874348968
2018-12-11 02:00:00,156.45833333333334,163.4237518310547,157.75690707132,163.42375,-6.965418497721345,6.965418497721345
2018-12-11 03:00:00,154.0,165.13172912597656,157.08773262892944,165.13173,-11.131729125976562,11.131729125976562
2018-12-11 04:00:00,151.16666666666666,164.40452575683594,162.20193862519838,164.40453,-13.23785909016928,13.23785909016928
2018-12-11 05:00:00,148.66666666666666,167.6257781982422,161.03287734815655,167.62578,-18.95911153157553,18.95911153157553
2018-12-11 06:00:00,149.33333333333334,157.40921020507812,153.8881879181408,157.40921,-8.075876871744782,8.075876871744782
2018-12-11 07:00:00,152.95833333333334,170.048828125,163.54860089811095,170.04883,-17.090494791666657,17.090494791666657
2018-12-11 08:00:00,161.08333333333334,169.56332397460938,162.03816085860566,169.56332,-8.479990641276032,8.479990641276032
2018-12-11 09:00:00,166.54166666666666,180.04977416992188,174.65407266019102,180.04977,-13.508107503255218,13.508107503255218
2018-12-11 10:00:00,170.875,172.98414611816406,171.32380369474112,172.98415,-2.1091461181640625,2.1091461181640625
2018-12-11 11:00:00,177.83333333333334,162.4746551513672,159.02273584478777,162.47466,15.358678181966155,15.358678181966155
2018-12-11 12:00:00,185.70833333333334,168.2957000732422,159.25493846793592,168.2957,17.412633260091155,17.412633260091155
2018-12-11 13:00:00,188.95833333333334,169.048095703125,158.91704059497573,169.0481,19.910237630208343,19.910237630208343
2018-12-11 14:00:00,190.41666666666666,177.35501098632812,168.28468733126502,177.35501,13.061655680338532,13.061655680338532
2018-12-11 15:00:00,191.95833333333334,193.42575073242188,177.33979126691665,193.42575,-1.4674173990885322,1.4674173990885322
2018-12-11 16:00:00,193.75,179.17318725585938,168.90798594197676,179.17319,14.576812744140625,14.576812744140625
2018-12-11 17:00:00,195.91666666666666,170.33880615234375,169.64303811203374,170.3388,25.577860514322907,25.577860514322907
2018-12-11 18:00:00,198.79166666666666,162.27871704101562,152.5177253969493,162.27872,36.51294962565103,36.51294962565103
2018-12-11 19:00:00,202.08333333333334,164.81494140625,156.98762068041265,164.81494,37.26839192708334,37.26839192708334
2018-12-11 20:00:00,208.29166666666666,159.0249481201172,149.42723704241445,159.02495,49.26671854654947,49.26671854654947
2018-12-11 21:00:00,212.20833333333334,160.43740844726562,152.05974144171813,160.43741,51.77092488606772,51.77092488606772
2018-12-11 22:00:00,216.54166666666666,148.01564025878906,139.80030097968387,148.01564,68.5260264078776,68.5260264078776
2018-12-11 23:00:00,220.25,143.29739379882812,135.40997854445584,143.2974,76.95260620117188,76.95260620117188
2018-12-12 00:00:00,224.66666666666666,146.5697021484375,149.027738195663,146.5697,78.09696451822916,78.09696451822916
2018-12-12 01:00:00,230.45833333333334,134.03582763671875,131.88618733322383,134.03583,96.42250569661459,96.42250569661459
2018-12-12 02:00:00,237.79166666666666,137.4655303955078,136.14943792352136,137.46553,100.32613627115884,100.32613627115884
2018-12-12 03:00:00,243.58333333333334,143.28990173339844,139.6104889856494,143.2899,100.2934315999349,100.2934315999349
2018-12-12 04:00:00,247.20833333333334,146.78335571289062,147.91099602083045,146.78336,100.42497762044272,100.42497762044272
2018-12-12 05:00:00,250.08333333333334,155.84083557128906,149.73901025163943,155.84084,94.24249776204428,94.24249776204428
2018-12-12 06:00:00,251.875,166.1853485107422,159.8376888813825,166.18535,85.68965148925781,85.68965148925781
2018-12-12 07:00:00,249.79166666666666,165.30609130859375,166.01795462607174,165.30609,84.48557535807291,84.48557535807291
2018-12-12 08:00:00,243.70833333333334,171.1089324951172,181.09775312960662,171.10893,72.59940083821616,72.59940083821616
2018-12-12 09:00:00,234.75,163.42691040039062,164.18638766328138,163.42691,71.32308959960938,71.32308959960938
2018-12-12 10:00:00,229.125,171.25991821289062,170.06265189110619,171.25992,57.865081787109375,57.865081787109375
2018-12-12 11:00:00,223.83333333333334,179.6355743408203,171.04894455551315,179.63557,44.19775899251303,44.19775899251303
2018-12-12 12:00:00,218.45833333333334,182.16819763183594,182.58517790190555,182.1682,36.290135701497405,36.290135701497405
2018-12-12 13:00:00,216.91666666666666,177.28948974609375,175.04130890741524,177.28949,39.62717692057291,39.62717692057291
2018-12-12 14:00:00,216.25,170.54296875,170.86275315171082,170.54297,45.70703125,45.70703125
2018-12-12 15:00:00,215.0,176.413330078125,175.72306751376132,176.41333,38.586669921875,38.586669921875
2018-12-12 16:00:00,213.625,182.72616577148438,178.26142470821148,182.72617,30.898834228515625,30.898834228515625
2018-12-12 17:00:00,211.70833333333334,171.63058471679688,169.85655256257502,171.63058,40.07774861653647,40.07774861653647
2018-12-12 18:00:00,209.29166666666666,182.6162872314453,178.0815810347769,182.61629,26.675379435221345,26.675379435221345
2018-12-12 19:00:00,207.20833333333334,190.0286865234375,186.1056626895381,190.02869,17.179646809895843,17.179646809895843
2018-12-12 20:00:00,202.33333333333334,190.3678436279297,192.27212540882346,190.36784,11.965489705403655,11.965489705403655
2018-12-12 21:00:00,199.70833333333334,189.4519805908203,191.4240977210245,189.45198,10.25635274251303,10.25635274251303
2018-12-12 22:00:00,195.875,189.01925659179688,194.25451738270456,189.01926,6.855743408203125,6.855743408203125
2018-12-12 23:00:00,190.625,195.13058471679688,195.61639932135625,195.13058,-4.505584716796875,4.505584716796875
2018-12-13 00:00:00,182.79166666666666,199.76055908203125,200.28759506569588,199.76056,-16.968892415364593,16.968892415364593
2018-12-13 01:00:00,177.58333333333334,206.50006103515625,208.1211527020274,206.50006,-28.916727701822907,28.916727701822907
2018-12-13 02:00:00,171.04166666666666,211.67938232421875,207.37626424210615,211.67938,-40.63771565755209,40.63771565755209
2018-12-13 03:00:00,164.79166666666666,214.45880126953125,212.2955617662495,214.4588,-49.66713460286459,49.66713460286459
2018-12-13 04:00:00,160.70833333333334,206.98492431640625,207.94378661392616,206.98492,-46.27659098307291,46.27659098307291
2018-12-13 05:00:00,157.95833333333334,199.52496337890625,205.10559807760737,199.52496,-41.56663004557291,41.56663004557291
2018-12-13 06:00:00,153.95833333333334,198.31658935546875,201.2246072639852,198.31659,-44.35825602213541,44.35825602213541
2018-12-13 07:00:00,149.16666666666666,197.41818237304688,197.86678928832208,197.41818,-48.25151570638022,48.25151570638022
2018-12-13 08:00:00,143.375,192.480224609375,195.1119725312619,192.48022,-49.105224609375,49.105224609375
2018-12-13 09:00:00,142.04166666666666,179.7747802734375,184.56500865013246,179.77478,-37.73311360677084,37.73311360677084
2018-12-13 10:00:00,141.79166666666666,183.6441650390625,179.2354557995507,183.64417,-41.85249837239584,41.85249837239584
2018-12-13 11:00:00,142.375,189.97265625,188.67509442322293,189.97266,-47.59765625,47.59765625
2018-12-13 12:00:00,141.41666666666666,192.1448974609375,190.40378354230288,192.1449,-50.72823079427084,50.72823079427084
2018-12-13 13:00:00,140.45833333333334,197.1373291015625,191.86273873459118,197.13733,-56.67899576822916,56.67899576822916
2018-12-13 14:00:00,138.75,198.3187255859375,193.4010032863806,198.31873,-59.5687255859375,59.5687255859375
2018-12-13 15:00:00,153.55979166666657,196.9381103515625,189.02907130852313,196.93811,-43.37831868489593,43.37831868489593
2018-12-13 16:00:00,160.47645833333323,195.03189086914062,190.8494600926283,195.03189,-34.5554325358074,34.5554325358074
2018-12-13 17:00:00,160.72645833333323,188.47140502929688,176.97040335605675,188.4714,-27.744946695963648,27.744946695963648
2018-12-13 18:00:00,159.93479166666657,181.55160522460938,181.8690412397465,181.5516,-21.616813557942805,21.616813557942805
2018-12-13 19:00:00,158.8931249999999,191.04627990722656,187.61410664353684,191.04628,-32.15315490722665,32.15315490722665
2018-12-13 20:00:00,157.55979166666657,184.52224731445312,186.26050347310365,184.52225,-26.962455647786555,26.962455647786555
2018-12-13 21:00:00,156.2681249999999,184.86236572265625,181.28602443030576,184.86237,-28.594240722656338,28.594240722656338
2018-12-13 22:00:00,155.35145833333323,170.1697235107422,165.62186470253582,170.16972,-14.81826517740896,14.81826517740896
2018-12-13 23:00:00,156.05979166666657,160.1632080078125,155.79439465444875,160.16321,-4.10341634114593,4.10341634114593
2018-12-14 00:00:00,158.6431249999999,145.66363525390625,150.76586732225445,145.66364,12.979489746093662,12.979489746093662
2018-12-14 01:00:00,157.93479166666657,146.16897583007812,154.853650252076,146.16898,11.765815836588445,11.765815836588445
2018-12-14 02:00:00,159.60145833333323,154.58782958984375,162.27272867692628,154.58783,5.013628743489477,5.013628743489477
2018-12-14 03:00:00,159.85145833333323,146.69635009765625,154.84685303699248,146.69635,13.155108235676977,13.155108235676977
2018-12-14 04:00:00,158.43479166666657,149.46621704101562,159.4296033986092,149.46622,8.968574625650945,8.968574625650945
2018-12-14 05:00:00,155.97645833333323,156.07403564453125,160.03776888298023,156.07404,-0.09757731119802315,0.09757731119802315
2018-12-14 06:00:00,155.30979166666657,152.2301788330078,155.26294070664625,152.23018,3.079612833658757,3.079612833658757
2018-12-14 07:00:00,154.85145833333323,152.2691192626953,155.86169903213832,152.26912,2.5823390706379143,2.5823390706379143
2018-12-14 08:00:00,155.47645833333323,150.64649963378906,149.89635503681225,150.6465,4.829958699544164,4.829958699544164
2018-12-14 09:00:00,157.85145833333323,146.22235107421875,148.3892045596463,146.22235,11.629107259114477,11.629107259114477
2018-12-14 10:00:00,160.30979166666657,156.0421600341797,153.7923155475561,156.04216,4.267631632486882,4.267631632486882
2018-12-14 11:00:00,162.35145833333323,159.4197235107422,157.36912580727298,159.41972,2.9317348225910393,2.9317348225910393
2018-12-14 12:00:00,164.30979166666657,157.04022216796875,149.72505315733966,157.04022,7.26956949869782,7.26956949869782
2018-12-14 13:00:00,166.1431249999999,151.42388916015625,145.96220778823886,151.42389,14.719235839843662,14.719235839843662
2018-12-14 14:00:00,167.55979166666657,143.87088012695312,138.4925241391264,143.87088,23.688911539713445,23.688911539713445
2018-12-14 15:00:00,152.875,154.92715454101562,168.07927770432067,154.92715,-2.052154541015625,2.052154541015625
2018-12-14 16:00:00,146.625,158.13909912109375,163.4273191438714,158.1391,-11.51409912109375,11.51409912109375
2018-12-14 17:00:00,147.66666666666666,154.33853149414062,159.7595380415188,154.33853,-6.671864827473968,6.671864827473968
2018-12-14 18:00:00,149.45833333333334,157.31732177734375,156.56491059278352,157.31732,-7.858988444010407,7.858988444010407
2018-12-14 19:00:00,150.125,156.47793579101562,156.6365888597522,156.47794,-6.352935791015625,6.352935791015625
2019-09-09 15:00:00,37.291666666666664,38.0749626159668,34.75129307250267,38.074963,-0.7832959493001326,0.7832959493001326
2019-09-09 16:00:00,37.166666666666664,36.90155792236328,37.359451209387124,36.901558,0.26510874430338305,0.26510874430338305
2019-09-09 17:00:00,36.916666666666664,35.07200622558594,35.61567476350778,35.072006,1.8446604410807268,1.8446604410807268
2019-09-09 18:00:00,35.958333333333336,36.60453796386719,37.15130491333277,36.604538,-0.6462046305338518,0.6462046305338518
2019-09-09 19:00:00,35.875,38.72368621826172,37.921997655702114,38.723686,-2.8486862182617188,2.8486862182617188
2019-09-09 20:00:00,36.875,37.17073059082031,37.104343330727126,37.17073,-0.2957305908203125,0.2957305908203125
2019-09-09 21:00:00,38.0,37.19960021972656,38.07289504269209,37.1996,0.8003997802734375,0.8003997802734375
2019-09-09 22:00:00,38.75,37.96968078613281,40.04167606232771,37.96968,0.7803192138671875,0.7803192138671875
2019-09-09 23:00:00,39.916666666666664,37.79670715332031,38.522648640384126,37.796707,2.119959513346352,2.119959513346352
2019-09-10 00:00:00,41.208333333333336,38.42481231689453,34.789196600445884,38.424812,2.7835210164388045,2.7835210164388045
2019-09-10 01:00:00,42.583333333333336,36.02727508544922,33.57546001865093,36.027275,6.556058247884117,6.556058247884117
2019-09-10 02:00:00,43.291666666666664,34.82260513305664,31.312857841062304,34.822605,8.469061533610024,8.469061533610024
2019-09-10 03:00:00,43.916666666666664,33.986122131347656,29.730831937144167,33.986122,9.930544535319008,9.930544535319008
2019-09-10 04:00:00,44.208333333333336,33.015174865722656,28.8978634116199,33.015175,11.19315846761068,11.19315846761068
2019-09-10 05:00:00,44.041666666666664,34.860984802246094,31.967285921890664,34.860985,9.18068186442057,9.18068186442057
2019-09-10 06:00:00,43.916666666666664,36.6577262878418,32.433702656451445,36.657726,7.258940378824867,7.258940378824867
2019-09-10 07:00:00,41.166666666666664,32.606201171875,32.51748528463798,32.6062,8.560465494791664,8.560465494791664
2019-09-10 08:00:00,39.458333333333336,36.824256896972656,35.79466892490262,36.824257,2.6340764363606795,2.6340764363606795
2019-09-10 09:00:00,35.583333333333336,38.31913757324219,36.17773029152786,38.319138,-2.735804239908852,2.735804239908852
2019-09-10 10:00:00,34.666666666666664,39.626556396484375,39.05873153479697,39.626556,-4.959889729817711,4.959889729817711
2019-09-10 11:00:00,34.25,40.49772644042969,37.587879097761814,40.497726,-6.2477264404296875,6.2477264404296875
2019-09-10 12:00:00,33.958333333333336,42.11939239501953,39.621075287845095,42.119392,-8.161059061686196,8.161059061686196
2019-09-10 13:00:00,32.958333333333336,43.7727165222168,42.14496274688401,43.772717,-10.814383188883461,10.814383188883461
2019-09-10 14:00:00,32.291666666666664,44.77770233154297,45.34994773192546,44.777702,-12.486035664876304,12.486035664876304
2019-09-10 15:00:00,32.458333333333336,40.6483154296875,38.29122270053521,40.648315,-8.189982096354164,8.189982096354164
2019-09-10 16:00:00,31.666666666666668,44.61402130126953,42.25778551561238,44.61402,-12.947354634602863,12.947354634602863
2019-09-10 17:00:00,31.416666666666668,41.87651824951172,39.66221430580589,41.87652,-10.459851582845051,10.459851582845051
2019-09-10 18:00:00,31.041666666666668,36.965511322021484,32.81962294415995,36.96551,-5.9238446553548165,5.9238446553548165
2019-09-10 19:00:00,30.0,41.19810485839844,38.63986664662863,41.198105,-11.198104858398438,11.198104858398438
2019-09-10 20:00:00,27.791666666666668,42.026058197021484,39.843854804641275,42.02606,-14.234391530354817,14.234391530354817
2019-09-10 21:00:00,26.416666666666668,42.080406188964844,41.55957893741513,42.080406,-15.663739522298176,15.663739522298176
2019-09-10 22:00:00,24.291666666666668,45.93540954589844,44.46387192000591,45.93541,-21.64374287923177,21.64374287923177
2019-09-10 23:00:00,22.416666666666668,43.97948455810547,43.18363500815532,43.979485,-21.5628178914388,21.5628178914388
2019-09-11 00:00:00,20.708333333333332,46.70954895019531,46.32188168937223,46.70955,-26.00121561686198,26.00121561686198
2019-09-11 01:00:00,19.916666666666668,45.85231399536133,46.13802549739136,45.852314,-25.93564732869466,25.93564732869466
2019-09-11 02:00:00,19.208333333333332,39.93287658691406,39.73248748559729,39.932877,-20.72454325358073,20.72454325358073
2019-09-11 03:00:00,19.125,42.114585876464844,40.83433417241033,42.114586,-22.989585876464844,22.989585876464844
2019-09-11 04:00:00,19.416666666666668,39.90241622924805,36.752363331574045,39.902416,-20.48574956258138,20.48574956258138
2019-09-11 05:00:00,19.458333333333332,38.71849822998047,36.21898539959119,38.7185,-19.260164896647137,19.260164896647137
2019-09-11 06:00:00,19.291666666666668,37.45594787597656,32.7924745386019,37.455948,-18.164281209309895,18.164281209309895
2019-09-11 07:00:00,19.125,36.462730407714844,33.20269483687429,36.46273,-17.337730407714844,17.337730407714844
2019-09-11 08:00:00,19.0,38.30060577392578,34.66027974482676,38.300606,-19.30060577392578,19.30060577392578
2019-09-11 09:00:00,18.166666666666668,39.046546936035156,35.488562928786,39.046547,-20.87988026936849,20.87988026936849
2019-09-11 10:00:00,18.083333333333332,34.376258850097656,31.667825241330586,34.37626,-16.292925516764324,16.292925516764324
2019-09-11 11:00:00,17.666666666666668,30.703697204589844,28.29412878132605,30.703697,-13.037030537923176,13.037030537923176
2019-09-11 12:00:00,17.25,30.699695587158203,27.769470037198527,30.699696,-13.449695587158203,13.449695587158203
2019-09-11 13:00:00,17.375,29.00778579711914,23.504217283730092,29.007786,-11.63278579711914,11.63278579711914
2019-09-11 14:00:00,16.875,30.919979095458984,26.87548742090223,30.91998,-14.044979095458984,14.044979095458984
2019-09-11 15:00:00,16.5,32.23247528076172,27.86857951285404,32.232475,-15.732475280761719,15.732475280761719
2019-09-11 16:00:00,16.458333333333332,29.782562255859375,26.310883294592013,29.782562,-13.324228922526043,13.324228922526043
2019-09-11 17:00:00,17.583333333333332,28.820194244384766,25.723947100204025,28.820194,-11.236860911051433,11.236860911051433
2019-09-11 18:00:00,19.166666666666668,29.763755798339844,26.493625483802198,29.763756,-10.597089131673176,10.597089131673176
2019-09-11 19:00:00,19.083333333333332,28.044692993164062,25.646249194096317,28.044693,-8.96135965983073,8.96135965983073
2019-09-11 20:00:00,19.875,26.367652893066406,21.941475704388097,26.367653,-6.492652893066406,6.492652893066406
2019-09-11 21:00:00,20.25,28.10140609741211,25.462349579021666,28.101406,-7.851406097412109,7.851406097412109
2019-09-11 22:00:00,21.583333333333332,25.452865600585938,22.289320965404812,25.452866,-3.8695322672526054,3.8695322672526054
2019-09-11 23:00:00,22.5,25.935585021972656,21.8260978285337,25.935585,-3.4355850219726562,3.4355850219726562
2019-09-12 00:00:00,23.458333333333332,25.20953369140625,21.67134060513088,25.209534,-1.7512003580729179,1.7512003580729179
2019-09-12 01:00:00,25.333333333333332,27.417831420898438,23.78822409051472,27.417831,-2.0844980875651054,2.0844980875651054
2019-09-12 02:00:00,27.583333333333332,26.290271759033203,21.948621076824757,26.290272,1.293061574300129,1.293061574300129
2019-09-12 03:00:00,28.208333333333332,27.98969268798828,24.651416222731555,27.989693,0.2186406453450509,0.2186406453450509
2019-09-12 04:00:00,30.125,26.665550231933594,23.269793305157428,26.66555,3.4594497680664062,3.4594497680664062
2019-09-12 05:00:00,30.583333333333332,23.680496215820312,19.227879626918252,23.680496,6.90283711751302,6.90283711751302
2019-09-12 06:00:00,31.625,24.87799072265625,20.337518672449733,24.87799,6.74700927734375,6.74700927734375
2019-09-12 07:00:00,33.083333333333336,24.127460479736328,20.20962731787324,24.12746,8.955872853597008,8.955872853597008
2019-09-12 08:00:00,33.791666666666664,26.444381713867188,22.547053495546418,26.444382,7.347284952799477,7.347284952799477
2019-09-12 09:00:00,34.125,27.46819305419922,22.826771679524004,27.468193,6.656806945800781,6.656806945800781
2019-09-12 10:00:00,35.416666666666664,28.02157974243164,24.486632478600555,28.02158,7.395086924235024,7.395086924235024
2019-09-12 11:00:00,36.375,26.856338500976562,22.30784756132806,26.856339,9.518661499023438,9.518661499023438
2019-09-12 12:00:00,37.666666666666664,25.625812530517578,21.855794658535178,25.625813,12.040854136149086,12.040854136149086
2019-09-12 13:00:00,38.125,28.564495086669922,24.109756864888254,28.564495,9.560504913330078,9.560504913330078
2019-09-12 14:00:00,38.916666666666664,26.519207000732422,22.853036845725416,26.519207,12.397459665934242,12.397459665934242
2019-09-12 15:00:00,40.291666666666664,26.15381622314453,22.590606323217806,26.153816,14.137850443522133,14.137850443522133
2019-09-12 16:00:00,41.041666666666664,28.748443603515625,25.479543888194428,28.748444,12.29322306315104,12.29322306315104
2019-09-12 17:00:00,42.833333333333336,29.51520538330078,27.877347900274543,29.515205,13.318127950032554,13.318127950032554
2019-09-12 18:00:00,44.25,30.685909271240234,30.052006325807426,30.68591,13.564090728759766,13.564090728759766
2019-09-12 19:00:00,45.666666666666664,29.189842224121094,27.835541874638654,29.189842,16.47682444254557,16.47682444254557
2019-09-12 20:00:00,46.125,29.575069427490234,27.18864182960295,29.57507,16.549930572509766,16.549930572509766
2019-09-12 21:00:00,47.416666666666664,32.218597412109375,30.55724414629014,32.218597,15.19806925455729,15.19806925455729
2019-09-12 22:00:00,46.791666666666664,31.365646362304688,30.471050807706707,31.365646,15.426020304361977,15.426020304361977
2019-09-12 23:00:00,47.5,31.18874740600586,32.13131015007514,31.188747,16.31125259399414,16.31125259399414
2019-09-13 00:00:00,48.791666666666664,27.475521087646484,29.37917760738974,27.475521,21.31614557902018,21.31614557902018
2019-09-13 01:00:00,47.25,29.11469268798828,29.119076001299455,29.114693,18.13530731201172,18.13530731201172
2019-09-13 02:00:00,47.666666666666664,28.04082489013672,30.83498787827453,28.040825,19.625841776529946,19.625841776529946
2019-09-13 03:00:00,47.083333333333336,29.158416748046875,30.517264589923062,29.158417,17.92491658528646,17.92491658528646
2019-09-13 04:00:00,45.083333333333336,29.433544158935547,31.004418284522806,29.433544,15.649789174397789,15.649789174397789
2019-09-13 05:00:00,45.166666666666664,27.62442398071289,29.537784424993767,27.624424,17.542242685953774,17.542242685953774
2019-09-13 06:00:00,44.416666666666664,29.03664779663086,30.434815782978994,29.036648,15.380018870035805,15.380018870035805
2019-09-13 07:00:00,45.541666666666664,31.166316986083984,33.552495139534,31.166317,14.37534968058268,14.37534968058268
2019-09-13 08:00:00,48.375,33.409950256347656,33.6571655686455,33.40995,14.965049743652344,14.965049743652344
2019-09-13 09:00:00,51.041666666666664,30.485328674316406,31.92770503068813,30.485329,20.556337992350258,20.556337992350258
2019-09-13 10:00:00,49.75,34.5006103515625,35.83439764047808,34.50061,15.2493896484375,15.2493896484375
2019-09-13 11:00:00,49.083333333333336,33.705291748046875,34.81207905941091,33.70529,15.37804158528646,15.37804158528646
2019-09-13 12:00:00,48.125,35.0562744140625,34.77532107981334,35.056274,13.0687255859375,13.0687255859375
2019-09-13 13:00:00,47.666666666666664,31.84011459350586,32.78194179965044,31.840115,15.826552073160805,15.826552073160805
2019-09-13 14:00:00,47.458333333333336,32.42116928100586,32.80842346172209,32.42117,15.037164052327476,15.037164052327476
2019-09-13 15:00:00,46.333333333333336,34.470733642578125,36.39914218013945,34.470734,11.86259969075521,11.86259969075521
2019-09-13 16:00:00,45.5,35.32543182373047,36.89592217058944,35.32543,10.174568176269531,10.174568176269531
2019-09-13 17:00:00,42.916666666666664,34.884132385253906,36.392643917671094,34.884132,8.032534281412758,8.032534281412758
2019-09-13 18:00:00,40.625,35.455047607421875,37.08496615012145,35.455048,5.169952392578125,5.169952392578125
2019-09-13 19:00:00,41.458333333333336,32.70315933227539,34.5557633735977,32.70316,8.755174001057945,8.755174001057945
2019-09-13 20:00:00,41.125,35.556129455566406,36.56724089641668,35.55613,5.568870544433594,5.568870544433594
2019-09-13 21:00:00,39.541666666666664,36.31167221069336,38.09366696281523,36.311672,3.229994455973305,3.229994455973305
2019-09-13 22:00:00,42.041666666666664,35.82554626464844,35.74410219697815,35.825546,6.216120402018227,6.216120402018227
2019-09-13 23:00:00,40.875,37.306602478027344,38.15592379970083,37.306602,3.5683975219726562,3.5683975219726562
2019-09-14 00:00:00,39.041666666666664,40.457576751708984,39.78030093821103,40.457577,-1.41591008504232,1.41591008504232
2019-09-14 01:00:00,38.25,34.109092712402344,34.95081340495726,34.109093,4.140907287597656,4.140907287597656
2019-09-14 02:00:00,35.75,36.52495574951172,40.0550953217664,36.524956,-0.7749557495117188,0.7749557495117188
2019-09-14 03:00:00,35.375,34.78043746948242,36.06587076867228,34.780437,0.5945625305175781,0.5945625305175781
2019-09-14 04:00:00,35.041666666666664,33.56652069091797,33.507606423477654,33.56652,1.4751459757486955,1.4751459757486955
2019-09-14 05:00:00,36.333333333333336,34.41399383544922,34.806908894174775,34.413994,1.919339497884117,1.919339497884117
2019-09-14 06:00:00,36.958333333333336,31.561111450195312,32.94068297527279,31.561111,5.397221883138023,5.397221883138023
2019-09-14 07:00:00,34.958333333333336,31.541522979736328,35.758526823294005,31.541523,3.4168103535970076,3.4168103535970076
2019-09-14 08:00:00,31.708333333333332,40.559661865234375,41.53923773521604,40.55966,-8.851328531901043,8.851328531901043
2019-09-14 09:00:00,29.041666666666668,39.96590805053711,41.30048234737567,39.965908,-10.924241383870442,10.924241383870442
2019-09-14 10:00:00,29.791666666666668,32.7359733581543,33.91143743156679,32.735973,-2.944306691487629,2.944306691487629
2019-09-14 11:00:00,29.833333333333332,36.52369689941406,35.422280888043026,36.523697,-6.69036356608073,6.69036356608073
2019-09-14 12:00:00,31.375,35.29726791381836,34.499988529688416,35.297268,-3.9222679138183594,3.9222679138183594
2019-09-14 13:00:00,32.0,36.93003845214844,33.52315148152805,36.93004,-4.9300384521484375,4.9300384521484375
2019-09-14 14:00:00,32.166666666666664,35.78555679321289,35.44474937322345,35.785557,-3.6188901265462263,3.6188901265462263
2019-09-14 15:00:00,32.5,34.51887130737305,32.22471749048775,34.51887,-2.018871307373047,2.018871307373047
2019-09-14 16:00:00,32.958333333333336,36.940635681152344,33.954031618214,36.940636,-3.982302347819008,3.982302347819008
2019-09-14 17:00:00,33.166666666666664,36.28333282470703,34.7921347816575,36.283333,-3.116666158040367,3.116666158040367
2019-09-14 18:00:00,33.291666666666664,32.60187911987305,34.86685286638087,32.60188,0.6897875467936174,0.6897875467936174
2019-09-14 19:00:00,31.833333333333332,42.98674774169922,41.43165680923507,42.986748,-11.153414408365887,11.153414408365887
2019-09-14 20:00:00,31.416666666666668,38.72184753417969,37.05694383559949,38.721848,-7.30518086751302,7.30518086751302
2019-09-14 21:00:00,31.583333333333332,36.52134704589844,36.14938516506485,36.521347,-4.938013712565105,4.938013712565105
2019-09-14 22:00:00,29.291666666666668,40.421844482421875,39.61129226269076,40.421844,-11.130177815755207,11.130177815755207
2019-09-14 23:00:00,29.291666666666668,34.283836364746094,33.741070572888724,34.283836,-4.992169698079426,4.992169698079426
2019-09-15 00:00:00,29.541666666666668,30.680084228515625,32.8907694213738,30.680084,-1.1384175618489571,1.1384175618489571
2019-09-15 01:00:00,29.916666666666668,28.66210174560547,31.535739751173583,28.662102,1.254564921061199,1.254564921061199
2019-09-15 02:00:00,30.041666666666668,27.608367919921875,29.013945501837185,27.608368,2.433298746744793,2.433298746744793
2019-09-15 03:00:00,30.083333333333332,27.745193481445312,28.525905713616233,27.745193,2.3381398518880196,2.3381398518880196
2019-09-15 04:00:00,30.333333333333332,28.088729858398438,29.475827554856824,28.08873,2.2446034749348946,2.2446034749348946
2019-09-15 05:00:00,28.583333333333332,31.692951202392578,33.758892337695364,31.692951,-3.109617869059246,3.109617869059246
2019-09-15 06:00:00,28.25,31.145092010498047,32.75331734386934,31.145092,-2.895092010498047,2.895092010498047
2019-09-15 07:00:00,28.291666666666668,29.784320831298828,31.74821875516858,29.78432,-1.4926541646321603,1.4926541646321603
2019-09-15 08:00:00,28.666666666666668,27.79726791381836,29.597138401201253,27.797268,0.8693987528483085,0.8693987528483085
2019-09-15 09:00:00,29.166666666666668,26.867843627929688,27.9052030696205,26.867844,2.2988230387369804,2.2988230387369804
2019-09-15 10:00:00,30.458333333333332,29.826095581054688,31.02418647649571,29.826096,0.6322377522786446,0.6322377522786446
2019-09-15 11:00:00,34.125,27.70661163330078,29.375570100958985,27.706612,6.418388366699219,6.418388366699219
2019-09-15 12:00:00,33.333333333333336,32.50318908691406,33.432027428310604,32.50319,0.8301442464192732,0.8301442464192732
2019-09-15 13:00:00,33.041666666666664,30.92562484741211,33.17502593673399,30.925625,2.116041819254555,2.116041819254555
2019-09-15 14:00:00,33.291666666666664,29.425216674804688,32.03672674330363,29.425217,3.866449991861977,3.866449991861977
2019-09-15 15:00:00,33.791666666666664,31.198551177978516,35.20303233319587,31.198551,2.5931154886881487,2.5931154886881487
2019-09-15 16:00:00,34.583333333333336,31.703472137451172,35.8312082631242,31.703472,2.879861195882164,2.879861195882164
2019-09-15 17:00:00,35.041666666666664,30.038002014160156,30.957128123197336,30.038002,5.003664652506508,5.003664652506508
2019-09-15 18:00:00,35.0,29.25418472290039,31.40482248659712,29.254185,5.745815277099609,5.745815277099609
2019-09-15 19:00:00,34.875,27.74700164794922,28.471233256533512,27.747002,7.127998352050781,7.127998352050781
2019-09-15 20:00:00,35.125,28.160919189453125,29.04427825705342,28.16092,6.964080810546875,6.964080810546875
2019-09-15 21:00:00,34.583333333333336,28.966018676757812,30.49349845146134,28.966019,5.617314656575523,5.617314656575523
2019-09-15 22:00:00,34.041666666666664,29.27056121826172,28.373932304859192,29.270561,4.7711054484049455,4.7711054484049455
2019-09-15 23:00:00,33.875,29.001670837402344,28.476207147376748,29.00167,4.873329162597656,4.873329162597656
2019-09-16 00:00:00,33.958333333333336,30.971023559570312,32.153707916313856,30.971024,2.987309773763023,2.987309773763023
2019-09-16 01:00:00,34.583333333333336,28.979881286621094,29.207430676099452,28.979881,5.603452046712242,5.603452046712242
2019-09-16 02:00:00,35.0,27.91638946533203,27.341426304409595,27.91639,7.083610534667969,7.083610534667969
2019-09-16 03:00:00,35.083333333333336,30.539283752441406,29.546187089011084,30.539284,4.5440495808919295,4.5440495808919295
2019-09-16 04:00:00,35.041666666666664,34.035518646240234,31.137700715412816,34.03552,1.00614802042643,1.00614802042643
2019-09-16 05:00:00,35.416666666666664,33.81304931640625,30.214337270903954,33.81305,1.6036173502604143,1.6036173502604143
2019-09-16 06:00:00,35.291666666666664,32.863590240478516,30.13825152917724,32.86359,2.4280764261881487,2.4280764261881487
2019-09-16 07:00:00,35.583333333333336,27.070194244384766,26.149807681425056,27.070194,8.51313908894857,8.51313908894857
2019-09-16 08:00:00,35.541666666666664,29.87479019165039,30.707628684998856,29.87479,5.666876475016274,5.666876475016274
2019-09-16 09:00:00,35.708333333333336,31.498149871826172,32.25398998789647,31.49815,4.210183461507164,4.210183461507164
2019-09-16 10:00:00,35.333333333333336,33.39530563354492,35.364404609959934,33.395306,1.9380276997884138,1.9380276997884138
2019-09-16 11:00:00,33.541666666666664,34.66670608520508,38.85898948644265,34.666706,-1.1250394185384138,1.1250394185384138
2019-09-16 12:00:00,33.958333333333336,30.548954010009766,33.1977515688173,30.548954,3.40937932332357,3.40937932332357
2019-09-16 13:00:00,34.916666666666664,26.87380599975586,28.70382314658953,26.873806,8.042860666910805,8.042860666910805
2019-09-16 14:00:00,35.333333333333336,29.45453643798828,31.74672784016125,29.454536,5.8787968953450545,5.8787968953450545
2019-09-16 15:00:00,35.375,27.111488342285156,30.559498455202274,27.111488,8.263511657714844,8.263511657714844
2019-09-16 16:00:00,34.875,26.745494842529297,31.14133727892633,26.745495,8.129505157470703,8.129505157470703
2019-09-16 17:00:00,35.166666666666664,34.26875686645508,37.50211309677163,34.268757,0.8979098002115862,0.8979098002115862
2019-09-16 18:00:00,36.125,31.428585052490234,31.99124658555791,31.428585,4.696414947509766,4.696414947509766
2019-09-16 19:00:00,37.333333333333336,31.72946548461914,32.31463797669671,31.729465,5.603867848714195,5.603867848714195
2019-09-16 20:00:00,38.291666666666664,32.86433410644531,33.490478764676915,32.864334,5.427332560221352,5.427332560221352
2019-09-16 21:00:00,39.333333333333336,31.443180084228516,32.3423468505043,31.44318,7.89015324910482,7.89015324910482
2019-09-16 22:00:00,40.458333333333336,27.463356018066406,28.661440364521958,27.463356,12.99497731526693,12.99497731526693
2019-09-16 23:00:00,41.541666666666664,28.135501861572266,30.06836049003398,28.135502,13.406164805094399,13.406164805094399
2019-09-17 00:00:00,42.458333333333336,31.309280395507812,32.44739475807582,31.30928,11.149052937825523,11.149052937825523
2019-09-17 01:00:00,44.833333333333336,35.32976150512695,35.58962458168827,35.32976,9.503571828206383,9.503571828206383
2019-09-17 02:00:00,48.75,34.6956787109375,34.440455359500504,34.69568,14.0543212890625,14.0543212890625
2019-09-17 03:00:00,53.166666666666664,35.04972839355469,32.31329773270911,35.04973,18.116938273111977,18.116938273111977
2019-09-17 04:00:00,57.125,33.4213752746582,31.461262184884287,33.421375,23.703624725341797,23.703624725341797
2019-09-17 05:00:00,58.708333333333336,32.61391830444336,31.61094605008743,32.61392,26.094415028889976,26.094415028889976
2019-09-17 06:00:00,59.875,32.65431594848633,31.245221468581075,32.654316,27.220684051513672,27.220684051513672
2019-09-17 07:00:00,62.791666666666664,34.285221099853516,33.33397210100047,34.28522,28.50644556681315,28.50644556681315
2019-09-17 08:00:00,63.916666666666664,32.39920425415039,32.222182784972425,32.399204,31.517462412516274,31.517462412516274
2019-09-17 09:00:00,64.79166666666667,31.777359008789062,34.05437317037084,31.777359,33.01430765787761,33.01430765787761
2019-09-17 10:00:00,65.33333333333333,34.706024169921875,36.04335405936405,34.706024,30.627309163411454,30.627309163411454
2019-09-17 11:00:00,64.0,35.758811950683594,37.731032164705624,35.758812,28.241188049316406,28.241188049316406
2019-09-17 12:00:00,62.625,36.608665466308594,38.547445013625186,36.608665,26.016334533691406,26.016334533691406
2019-09-17 13:00:00,61.625,40.328590393066406,40.9487200764313,40.32859,21.296409606933594,21.296409606933594
2019-09-17 14:00:00,60.541666666666664,40.50843811035156,41.86289894977135,40.50844,20.033228556315102,20.033228556315102
2019-09-17 15:00:00,59.5,42.741661071777344,42.57633471500811,42.74166,16.758338928222656,16.758338928222656
2019-09-17 16:00:00,58.708333333333336,41.78587341308594,41.15798019617686,41.785873,16.922459920247398,16.922459920247398
2019-09-17 17:00:00,57.416666666666664,40.759586334228516,42.40940860705431,40.759586,16.65708033243815,16.65708033243815
2019-09-17 18:00:00,56.458333333333336,42.04072570800781,42.11979135670137,42.040726,14.417607625325523,14.417607625325523
2019-09-17 19:00:00,55.583333333333336,41.63777160644531,44.226838844515825,41.63777,13.945561726888023,13.945561726888023
2019-09-17 20:00:00,55.041666666666664,40.30162048339844,42.90983479092617,40.30162,14.740046183268227,14.740046183268227
2019-09-17 21:00:00,55.333333333333336,38.99200439453125,41.753465351406746,38.992004,16.341328938802086,16.341328938802086
2019-09-17 22:00:00,54.708333333333336,37.84465026855469,40.61641669908474,37.84465,16.863683064778648,16.863683064778648
2019-09-17 23:00:00,55.0,39.116981506347656,43.894204508425226,39.11698,15.883018493652344,15.883018493652344
2019-09-18 00:00:00,55.625,36.55409240722656,41.883694951798205,36.554092,19.070907592773438,19.070907592773438
2019-09-18 01:00:00,54.291666666666664,39.81410217285156,46.3789472971161,39.814102,14.477564493815102,14.477564493815102
2019-09-18 02:00:00,52.5,42.42743682861328,49.97836480185727,42.427437,10.072563171386719,10.072563171386719
2019-09-18 03:00:00,50.458333333333336,52.15347671508789,55.527691385715535,52.153477,-1.695143381754555,1.695143381754555
2019-09-18 04:00:00,49.458333333333336,49.9177360534668,53.21568958545227,49.917736,-0.4594027201334612,0.4594027201334612
2019-09-18 05:00:00,50.5,44.790809631347656,48.15814123947336,44.79081,5.709190368652344,5.709190368652344
2019-09-18 06:00:00,53.041666666666664,46.112510681152344,48.869414044642205,46.11251,6.9291559855143205,6.9291559855143205
2019-09-18 07:00:00,57.0,50.61763381958008,53.58737845101514,50.617634,6.382366180419922,6.382366180419922
2019-09-18 08:00:00,60.166666666666664,51.060115814208984,53.14499117752862,51.060116,9.10655085245768,9.10655085245768
2019-09-18 09:00:00,59.583333333333336,54.69485092163086,55.43340343613244,54.69485,4.888482411702476,4.888482411702476
2019-09-18 10:00:00,59.166666666666664,53.71360778808594,55.862035582930275,53.713608,5.453058878580727,5.453058878580727
2019-09-18 11:00:00,61.125,45.89277648925781,46.95166233450484,45.892776,15.232223510742188,15.232223510742188
2019-09-18 12:00:00,63.333333333333336,38.71574401855469,42.587556039998205,38.715744,24.617589314778648,24.617589314778648
2019-09-18 13:00:00,64.41666666666667,38.650054931640625,38.41319837695682,38.650055,25.766611735026046,25.766611735026046
2019-09-18 14:00:00,65.45833333333333,36.53434371948242,36.99365231449528,36.534344,28.923989613850907,28.923989613850907
2019-09-18 15:00:00,67.08333333333333,35.365638732910156,35.67785295805287,35.36564,31.717694600423172,31.717694600423172
2019-09-18 16:00:00,68.5,34.055328369140625,33.10848176911201,34.05533,34.444671630859375,34.444671630859375
2019-09-18 17:00:00,69.95833333333333,37.62971115112305,37.45323604850031,37.62971,32.32862218221028,32.32862218221028
2019-09-18 18:00:00,71.08333333333333,39.957298278808594,39.91485892774002,39.9573,31.126035054524735,31.126035054524735
2019-09-18 19:00:00,71.58333333333333,43.02004623413086,42.201874143589585,43.020046,28.56328709920247,28.56328709920247
2019-09-18 20:00:00,72.625,42.740718841552734,42.231112146136695,42.74072,29.884281158447266,29.884281158447266
2019-09-18 21:00:00,72.66666666666667,46.54644012451172,46.90543915408129,46.54644,26.120226542154953,26.120226542154953
2019-09-18 22:00:00,74.16666666666667,46.83656692504883,42.80226055357406,46.836567,27.330099741617843,27.330099741617843
2019-09-18 23:00:00,75.29166666666667,49.643402099609375,45.83126003025499,49.643402,25.648264567057296,25.648264567057296
2019-09-19 00:00:00,76.25,52.06236267089844,47.88982981295288,52.062363,24.187637329101562,24.187637329101562
2019-09-19 01:00:00,76.83333333333333,47.68935775756836,44.10600506625421,47.689358,29.14397557576497,29.14397557576497
2019-09-19 02:00:00,76.375,51.638343811035156,48.871255036187215,51.638344,24.736656188964844,24.736656188964844
2019-09-19 03:00:00,76.04166666666667,51.54452133178711,49.524526107596365,51.54452,24.497145334879562,24.497145334879562
2019-09-19 04:00:00,74.83333333333333,53.18073654174805,50.84765513641239,53.180737,21.65259679158528,21.65259679158528
2019-09-19 05:00:00,73.0,54.48588943481445,51.677470752613964,54.48589,18.514110565185547,18.514110565185547
2019-09-19 06:00:00,70.16666666666667,57.91605758666992,56.163721526390646,57.916058,12.25060907999675,12.25060907999675
2019-09-19 07:00:00,64.125,52.4951286315918,58.06992948610091,52.49513,11.629871368408203,11.629871368408203
2019-09-19 08:00:00,60.25,52.55691146850586,54.868569759932164,52.55691,7.693088531494141,7.693088531494141
2019-09-19 09:00:00,59.833333333333336,51.68408966064453,52.210328482199614,51.68409,8.149243672688804,8.149243672688804
2019-09-19 10:00:00,59.125,54.43621826171875,55.3873261240296,54.43622,4.68878173828125,4.68878173828125
2019-09-19 11:00:00,57.5,55.90938949584961,59.36306536700917,55.90939,1.5906105041503906,1.5906105041503906
2019-09-19 12:00:00,56.375,58.33240509033203,60.83990873688117,58.332405,-1.9574050903320312,1.9574050903320312
2019-09-19 13:00:00,55.583333333333336,57.124229431152344,56.2600794480404,57.12423,-1.540896097819008,1.540896097819008
2019-09-19 14:00:00,55.208333333333336,54.996826171875,52.49132654188294,54.996826,0.2115071614583357,0.2115071614583357
2019-09-19 15:00:00,54.333333333333336,55.93596649169922,56.433546773239215,55.935966,-1.602633158365883,1.602633158365883
2019-09-19 16:00:00,53.541666666666664,57.175804138183594,57.88425305845834,57.175804,-3.6341374715169295,3.6341374715169295
2019-09-19 17:00:00,52.875,52.4842414855957,51.68451995654854,52.48424,0.3907585144042969,0.3907585144042969
2019-09-19 18:00:00,53.0,56.146820068359375,55.345313488741674,56.14682,-3.146820068359375,3.146820068359375
2019-09-19 19:00:00,53.708333333333336,56.30862045288086,56.895452523584034,56.30862,-2.6002871195475237,2.6002871195475237
2019-09-19 20:00:00,55.0,57.26966094970703,59.32074708626764,57.26966,-2.2696609497070312,2.2696609497070312
2019-09-19 21:00:00,57.208333333333336,56.99969482421875,56.30381505083838,56.999695,0.2086385091145857,0.2086385091145857
2019-09-19 22:00:00,58.375,57.214622497558594,59.30169718458999,57.214622,1.1603775024414062,1.1603775024414062
2019-09-19 23:00:00,57.75,63.258792877197266,63.42394511361932,63.258793,-5.508792877197266,5.508792877197266
2019-09-20 00:00:00,57.333333333333336,62.285911560058594,66.10464860056895,62.28591,-4.952578226725258,4.952578226725258
2019-09-20 01:00:00,56.083333333333336,58.552188873291016,62.54647763097474,58.55219,-2.46885553995768,2.46885553995768
2019-09-20 02:00:00,55.166666666666664,55.94643020629883,60.77310040106095,55.94643,-0.7797635396321638,0.7797635396321638
2019-09-20 03:00:00,53.916666666666664,56.682594299316406,57.997664514884214,56.682594,-2.765927632649742,2.765927632649742
2019-09-20 04:00:00,53.125,53.351600646972656,56.54751679293797,53.3516,-0.22660064697265625,0.22660064697265625
2019-09-20 05:00:00,53.458333333333336,49.98178482055664,53.835218847073925,49.981785,3.476548512776695,3.476548512776695
2019-09-20 06:00:00,55.125,49.9403190612793,51.62604074606913,49.94032,5.184680938720703,5.184680938720703
2019-09-20 07:00:00,56.75,46.68290710449219,46.60317871465812,46.682907,10.067092895507812,10.067092895507812
2019-09-20 08:00:00,57.083333333333336,45.54353332519531,46.71526857446801,45.543533,11.539800008138023,11.539800008138023
2019-09-20 09:00:00,56.833333333333336,44.79964065551758,45.40281180314091,44.79964,12.033692677815758,12.033692677815758
2019-09-20 10:00:00,56.166666666666664,48.216800689697266,47.280337424125875,48.2168,7.949865976969399,7.949865976969399
2019-09-20 11:00:00,55.541666666666664,49.20391845703125,49.84949782405626,49.20392,6.337748209635414,6.337748209635414
2019-09-20 12:00:00,54.791666666666664,48.78942108154297,49.34209541830224,48.78942,6.0022455851236955,6.0022455851236955
2019-09-20 13:00:00,54.833333333333336,45.65522766113281,46.28662238816501,45.655228,9.178105672200523,9.178105672200523
2019-09-20 14:00:00,55.458333333333336,41.33386993408203,44.44419819783742,41.33387,14.124463399251304,14.124463399251304
2019-09-20 15:00:00,55.791666666666664,40.56399154663086,42.00705402235895,40.56399,15.227675120035805,15.227675120035805
2019-09-20 16:00:00,55.75,41.468536376953125,42.27925152770935,41.468536,14.281463623046875,14.281463623046875
2019-09-20 17:00:00,56.291666666666664,45.44544982910156,45.434461884876114,45.44545,10.846216837565102,10.846216837565102
2019-09-20 18:00:00,55.708333333333336,48.159019470214844,50.94067847020972,48.15902,7.549313863118492,7.549313863118492
2019-09-20 19:00:00,55.375,49.337867736816406,52.62968122948417,49.337868,6.037132263183594,6.037132263183594
2019-09-20 20:00:00,53.541666666666664,49.42128372192383,54.294193175606054,49.421284,4.120382944742836,4.120382944742836
2019-09-20 21:00:00,50.708333333333336,49.099464416503906,54.47281091453301,49.099464,1.6088689168294295,1.6088689168294295
2019-09-20 22:00:00,48.375,48.36837387084961,53.58386537962033,48.368374,0.006626129150390625,0.006626129150390625
2019-09-20 23:00:00,47.166666666666664,48.613182067871094,51.773417904419645,48.613182,-1.4465154012044295,1.4465154012044295
2019-09-21 00:00:00,45.5,50.100196838378906,54.803616675254744,50.100197,-4.600196838378906,4.600196838378906
2019-09-21 01:00:00,45.125,43.03825378417969,47.05545592945687,43.038254,2.0867462158203125,2.0867462158203125
2019-09-21 02:00:00,44.5,44.988792419433594,48.70535351745572,44.988792,-0.48879241943359375,0.48879241943359375
2019-09-21 03:00:00,44.291666666666664,44.755130767822266,48.21734043255581,44.75513,-0.4634641011556013,0.4634641011556013
2019-09-21 04:00:00,44.166666666666664,46.11915969848633,48.49864537880213,46.11916,-1.9524930318196638,1.9524930318196638
2019-09-21 05:00:00,43.666666666666664,45.75578308105469,49.06537129222213,45.755783,-2.089116414388023,2.089116414388023
2019-09-21 06:00:00,42.0,47.6782112121582,52.0600699183711,47.67821,-5.678211212158203,5.678211212158203
2019-09-21 07:00:00,40.041666666666664,48.16432189941406,52.84128063477285,48.16432,-8.122655232747398,8.122655232747398
2019-09-21 08:00:00,39.875,44.0595703125,49.57003847462652,44.05957,-4.1845703125,4.1845703125
2019-09-21 09:00:00,40.25,44.142913818359375,46.1056993946768,44.142914,-3.892913818359375,3.892913818359375
2019-09-21 10:00:00,41.708333333333336,42.925472259521484,47.534902163927086,42.925472,-1.2171389261881487,1.2171389261881487
2019-09-21 11:00:00,43.208333333333336,43.645591735839844,46.824592750659065,43.64559,-0.43725840250650805,0.43725840250650805
2019-09-21 12:00:00,44.333333333333336,38.4330940246582,40.49938084289863,38.433094,5.900239308675133,5.900239308675133
2019-09-21 13:00:00,44.208333333333336,43.990901947021484,44.68311105324257,43.990902,0.21743138631185133,0.21743138631185133
2019-09-21 14:00:00,43.916666666666664,41.03992462158203,40.96216753778182,41.039925,2.876742045084633,2.876742045084633
2019-09-21 15:00:00,44.125,39.716392517089844,41.38145566343975,39.716393,4.408607482910156,4.408607482910156
2019-09-21 16:00:00,45.5,44.34833526611328,46.074750702338086,44.348335,1.1516647338867188,1.1516647338867188
2019-09-21 17:00:00,46.125,45.32505798339844,45.92760072384031,45.325058,0.7999420166015625,0.7999420166015625
2019-09-21 18:00:00,47.208333333333336,45.900306701660156,46.216655814731375,45.900307,1.3080266316731795,1.3080266316731795
2019-09-21 19:00:00,46.625,48.11720657348633,48.803731687820125,48.117207,-1.4922065734863281,1.4922065734863281
2019-09-21 20:00:00,45.416666666666664,46.725685119628906,48.832532139641295,46.725685,-1.309018452962242,1.309018452962242
2019-09-21 21:00:00,44.958333333333336,42.691917419433594,46.13548450645253,42.691917,2.266415913899742,2.266415913899742
2019-09-21 22:00:00,46.416666666666664,39.76726531982422,43.73604631058732,39.767265,6.6494013468424455,6.6494013468424455
2019-09-21 23:00:00,46.625,41.03221130371094,45.20542881279803,41.03221,5.5927886962890625,5.5927886962890625
2019-09-22 00:00:00,46.375,43.52503204345703,46.006506738246266,43.525032,2.8499679565429688,2.8499679565429688
2019-09-22 01:00:00,45.5,45.30879592895508,47.258450314542706,45.308796,0.19120407104492188,0.19120407104492188
2019-09-22 02:00:00,45.208333333333336,40.217140197753906,39.7505840104217,40.21714,4.9911931355794295,4.9911931355794295
2019-09-22 03:00:00,45.166666666666664,38.99216079711914,40.6045371813485,38.99216,6.174505869547524,6.174505869547524
2019-09-22 04:00:00,45.25,40.89910125732422,41.49967041021541,40.8991,4.350898742675781,4.350898742675781
2019-09-22 05:00:00,44.625,41.802947998046875,44.14108559011177,41.802948,2.822052001953125,2.822052001953125
2019-09-22 06:00:00,43.833333333333336,45.562889099121094,45.01548892704861,45.56289,-1.729555765787758,1.729555765787758
2019-09-22 07:00:00,43.458333333333336,47.10984420776367,46.81583349615658,47.109844,-3.651510874430336,3.651510874430336
2019-09-22 08:00:00,42.458333333333336,45.66588592529297,47.444298431927656,45.665886,-3.207552591959633,3.207552591959633
2019-09-22 09:00:00,42.958333333333336,46.93428039550781,47.55628195423157,46.93428,-3.975947062174477,3.975947062174477
2019-09-22 10:00:00,42.375,47.27995300292969,49.3600579849902,47.279953,-4.9049530029296875,4.9049530029296875
2019-09-22 11:00:00,42.291666666666664,49.39811706542969,50.193624126189626,49.398117,-7.106450398763023,7.106450398763023
2019-09-22 12:00:00,43.083333333333336,47.187992095947266,49.80007940929822,47.187992,-4.10465876261393,4.10465876261393
2019-09-22 13:00:00,43.75,44.546539306640625,46.70854547992663,44.54654,-0.796539306640625,0.796539306640625
2019-09-22 14:00:00,43.458333333333336,45.479454040527344,47.06489850054489,45.479454,-2.021120707194008,2.021120707194008
2019-09-22 15:00:00,43.083333333333336,46.98399353027344,48.418126482968155,46.983994,-3.900660196940102,3.900660196940102
2019-09-22 16:00:00,41.708333333333336,45.85811996459961,47.20247538336725,45.85812,-4.149786631266274,4.149786631266274
2019-09-22 17:00:00,40.291666666666664,50.623714447021484,54.001581035676374,50.623714,-10.33204778035482,10.33204778035482
2019-09-22 18:00:00,38.416666666666664,50.28744888305664,52.68094482690994,50.28745,-11.870782216389976,11.870782216389976
2019-09-22 19:00:00,38.833333333333336,46.404624938964844,47.443302443766015,46.404625,-7.571291605631508,7.571291605631508
2019-09-22 20:00:00,38.791666666666664,40.22187805175781,42.42975432121245,40.221878,-1.4302113850911482,1.4302113850911482
2019-09-22 21:00:00,38.833333333333336,41.02978515625,41.9066084736734,41.029785,-2.1964518229166643,2.1964518229166643
2019-09-22 22:00:00,36.416666666666664,43.51593780517578,47.75213834680811,43.515938,-7.099271138509117,7.099271138509117
2019-09-22 23:00:00,35.666666666666664,40.20740509033203,42.77685720292331,40.207405,-4.540738423665367,4.540738423665367
2019-09-23 00:00:00,35.125,41.601341247558594,42.113757642137955,41.60134,-6.476341247558594,6.476341247558594
2019-09-23 01:00:00,35.041666666666664,40.054813385009766,40.103784815751425,40.054813,-5.013146718343101,5.013146718343101
2019-09-23 02:00:00,35.25,40.6614990234375,40.173541502780104,40.6615,-5.4114990234375,5.4114990234375
2019-09-23 03:00:00,35.166666666666664,41.112937927246094,42.19315731607273,41.112938,-5.9462712605794295,5.9462712605794295
2019-09-23 04:00:00,34.208333333333336,47.29026794433594,46.36021309754266,47.290268,-13.081934611002602,13.081934611002602
2019-09-23 05:00:00,33.708333333333336,40.934906005859375,41.65826577202864,40.934906,-7.226572672526039,7.226572672526039
2019-09-23 06:00:00,33.166666666666664,39.09508514404297,39.995909328063,39.095085,-5.9284184773763045,5.9284184773763045
2019-09-23 07:00:00,32.208333333333336,38.819332122802734,40.76965033959061,38.819332,-6.610998789469399,6.610998789469399
2019-09-23 08:00:00,31.916666666666668,36.569114685058594,37.99355362113108,36.569115,-4.652448018391926,4.652448018391926
2019-09-23 09:00:00,30.291666666666668,41.744834899902344,45.671430872077785,41.744835,-11.453168233235676,11.453168233235676
2019-09-23 10:00:00,29.291666666666668,42.497467041015625,47.0805657665354,42.497467,-13.205800374348957,13.205800374348957
2019-09-23 11:00:00,27.666666666666668,44.06805419921875,46.016460022542944,44.068054,-16.401387532552082,16.401387532552082
2019-09-23 12:00:00,25.833333333333332,45.63819885253906,49.06879103745575,45.6382,-19.80486551920573,19.80486551920573
2019-09-23 13:00:00,24.75,41.26091766357422,44.32452704819805,41.260918,-16.51091766357422,16.51091766357422
2019-09-23 14:00:00,25.708333333333332,39.227596282958984,41.912490259861734,39.227596,-13.519262949625652,13.519262949625652
2019-09-23 15:00:00,25.625,40.16936492919922,44.06717778033995,40.169365,-14.544364929199219,14.544364929199219
2019-09-23 16:00:00,27.0,37.18597412109375,41.50832765020932,37.185974,-10.18597412109375,10.18597412109375
2019-09-23 17:00:00,26.916666666666668,34.00809860229492,37.499873503216584,34.0081,-7.091431935628254,7.091431935628254
2019-09-23 18:00:00,26.458333333333332,34.392417907714844,37.231654095724494,34.392418,-7.934084574381512,7.934084574381512
2019-09-23 19:00:00,25.041666666666668,41.89558029174805,45.203189574102474,41.89558,-16.85391362508138,16.85391362508138
2019-09-23 20:00:00,25.875,32.75651550292969,36.94161330288067,32.756516,-6.8815155029296875,6.8815155029296875
2019-09-23 21:00:00,24.791666666666668,34.64651107788086,39.920689718707166,34.64651,-9.854844411214192,9.854844411214192
2019-09-23 22:00:00,24.875,30.811073303222656,35.191866049751354,30.811073,-5.936073303222656,5.936073303222656
2019-09-23 23:00:00,25.708333333333332,31.945274353027344,35.97454522498403,31.945274,-6.236941019694012,6.236941019694012
2019-09-24 00:00:00,27.0,29.212398529052734,34.20482912418644,29.212399,-2.2123985290527344,2.2123985290527344
2019-09-24 01:00:00,26.833333333333332,29.697071075439453,33.852622178068735,29.697071,-2.863737742106121,2.863737742106121
2019-09-24 02:00:00,26.125,31.343074798583984,36.912581393591346,31.343075,-5.218074798583984,5.218074798583984
2019-09-24 03:00:00,25.333333333333332,33.56420135498047,38.48289718123731,33.5642,-8.230868021647137,8.230868021647137
2019-09-24 04:00:00,25.125,29.619220733642578,34.10247320550836,29.61922,-4.494220733642578,4.494220733642578
2019-09-24 05:00:00,25.125,28.193115234375,33.5400106326678,28.193115,-3.068115234375,3.068115234375
2019-09-24 06:00:00,25.083333333333332,27.540618896484375,30.39277520058116,27.540619,-2.457285563151043,2.457285563151043
2019-09-24 07:00:00,25.083333333333332,25.273841857910156,29.20795528463709,25.273842,-0.1905085245768241,0.1905085245768241
2019-09-24 08:00:00,24.875,22.94049072265625,25.878057384152815,22.94049,1.93450927734375,1.93450927734375
2019-09-24 09:00:00,25.416666666666668,20.499549865722656,23.295937759620216,20.49955,4.917116800944012,4.917116800944012
2019-09-24 10:00:00,25.166666666666668,20.774227142333984,23.465512859988085,20.774227,4.3924395243326835,4.3924395243326835
2019-09-24 11:00:00,25.125,19.69437026977539,21.55179504242798,19.69437,5.430629730224609,5.430629730224609
2019-09-24 12:00:00,24.708333333333332,20.530982971191406,22.650504365706603,20.530983,4.177350362141926,4.177350362141926
2019-09-24 13:00:00,24.708333333333332,21.952720642089844,24.515267441688735,21.95272,2.7556126912434884,2.7556126912434884
2019-09-24 14:00:00,23.208333333333332,30.745349884033203,34.716042555340714,30.74535,-7.537016550699871,7.537016550699871
2019-09-24 15:00:00,22.583333333333332,22.953460693359375,27.624543802085515,22.95346,-0.37012736002604285,0.37012736002604285
2019-09-24 16:00:00,20.708333333333332,30.123878479003906,32.99028804399713,30.123878,-9.415545145670574,9.415545145670574
2019-09-24 17:00:00,20.5,25.355064392089844,29.40218315782211,25.355064,-4.855064392089844,4.855064392089844
2019-09-24 18:00:00,20.333333333333332,26.78704833984375,31.606909588257025,26.787048,-6.453715006510418,6.453715006510418
2019-09-24 19:00:00,20.166666666666668,23.19316864013672,26.76761002301138,23.193169,-3.026501973470051,3.026501973470051
2019-09-24 20:00:00,19.208333333333332,28.910648345947266,33.15578995305897,28.910648,-9.702315012613933,9.702315012613933
2019-09-24 21:00:00,19.833333333333332,24.44497299194336,26.938963884144563,24.444973,-4.611639658610027,4.611639658610027
2019-09-24 22:00:00,20.208333333333332,22.786334991455078,25.085543026786144,22.786335,-2.578001658121746,2.578001658121746
2019-09-24 23:00:00,19.25,27.990886688232422,30.988859271097724,27.990887,-8.740886688232422,8.740886688232422
2019-09-25 00:00:00,18.083333333333332,39.25787353515625,38.310259057741014,39.257874,-21.174540201822918,21.174540201822918
2019-09-25 01:00:00,18.333333333333332,30.41472625732422,27.07496644120307,30.414726,-12.081392923990887,12.081392923990887
2019-09-25 02:00:00,18.5,34.63567352294922,28.62797717966747,34.635674,-16.13567352294922,16.13567352294922
2019-09-25 03:00:00,18.75,31.404170989990234,27.695788410478134,31.404171,-12.654170989990234,12.654170989990234
2019-09-25 04:00:00,19.875,29.166244506835938,25.537635016790315,29.166245,-9.291244506835938,9.291244506835938
2019-09-25 05:00:00,21.041666666666668,30.152610778808594,28.08175593611751,30.15261,-9.110944112141926,9.110944112141926
2019-09-25 06:00:00,22.666666666666668,28.875259399414062,25.472971834397278,28.87526,-6.208592732747395,6.208592732747395
2019-09-25 07:00:00,24.0,30.20447540283203,25.25422448581955,30.204475,-6.204475402832031,6.204475402832031
2019-09-25 08:00:00,25.333333333333332,29.641788482666016,25.043328884880797,29.641788,-4.3084551493326835,4.3084551493326835
2019-09-25 09:00:00,25.333333333333332,31.656822204589844,27.86869714461823,31.656822,-6.323488871256512,6.323488871256512
2019-09-25 10:00:00,25.291666666666668,31.59717559814453,27.02145325404486,31.597176,-6.305508931477863,6.305508931477863
2019-09-25 11:00:00,25.333333333333332,32.37955856323242,26.91875673284363,32.37956,-7.04622522989909,7.04622522989909
2019-09-25 12:00:00,25.916666666666668,30.01571273803711,24.908447534386468,30.015713,-4.0990460713704415,4.0990460713704415
2019-09-25 13:00:00,26.0,29.041851043701172,25.65066094499316,29.041851,-3.041851043701172,3.041851043701172
2019-09-25 14:00:00,26.041666666666668,28.364177703857422,25.162643316164345,28.364178,-2.322511037190754,2.322511037190754
2019-09-25 15:00:00,26.666666666666668,30.472976684570312,25.688800902028337,30.472977,-3.8063100179036446,3.8063100179036446
2019-09-25 16:00:00,27.041666666666668,28.347579956054688,24.186544156849937,28.34758,-1.3059132893880196,1.3059132893880196
2019-09-25 17:00:00,27.416666666666668,29.71560287475586,26.075940077218394,29.715603,-2.2989362080891915,2.2989362080891915
2019-09-25 18:00:00,28.791666666666668,26.363941192626953,23.453110758684396,26.363941,2.4277254740397147,2.4277254740397147
2019-09-25 19:00:00,30.5,25.49673843383789,22.430335217842185,25.496738,5.003261566162109,5.003261566162109
2019-09-25 20:00:00,31.541666666666668,26.370441436767578,22.634355359289433,26.370441,5.17122522989909,5.17122522989909
2019-09-25 21:00:00,32.791666666666664,26.175334930419922,23.880505339316002,26.175335,6.616331736246742,6.616331736246742
2019-09-25 22:00:00,33.291666666666664,27.395870208740234,26.205130563069332,27.39587,5.89579645792643,5.89579645792643
2019-09-25 23:00:00,33.958333333333336,26.50802230834961,23.926704840374896,26.508022,7.450311024983726,7.450311024983726
2019-09-26 00:00:00,34.083333333333336,24.094402313232422,24.84536293062945,24.094402,9.988931020100914,9.988931020100914
2019-09-26 01:00:00,34.75,26.06861114501953,26.428925863582514,26.068611,8.681388854980469,8.681388854980469
2019-09-26 02:00:00,36.166666666666664,25.67706298828125,26.822844400883017,25.677063,10.489603678385414,10.489603678385414
2019-09-26 03:00:00,36.541666666666664,26.993728637695312,26.598439047623643,26.993729,9.547938028971352,9.547938028971352
2019-09-26 04:00:00,37.0,31.419960021972656,31.910260558694958,31.41996,5.580039978027344,5.580039978027344
2019-09-26 05:00:00,38.0,31.229873657226562,31.854815706736197,31.229874,6.7701263427734375,6.7701263427734375
2019-09-26 06:00:00,39.0,37.564918518066406,36.423425356906634,37.56492,1.4350814819335938,1.4350814819335938
2019-09-26 07:00:00,40.583333333333336,39.241512298583984,36.059481444452736,39.241512,1.3418210347493513,1.3418210347493513
2019-09-26 08:00:00,41.75,35.68496322631836,35.49347165068936,35.684963,6.065036773681641,6.065036773681641
2019-09-26 09:00:00,43.916666666666664,30.60250473022461,30.317754182739506,30.602505,13.314161936442055,13.314161936442055
2019-09-26 10:00:00,46.125,34.98936462402344,33.51710945433453,34.989365,11.135635375976562,11.135635375976562
2019-09-26 11:00:00,47.041666666666664,37.809783935546875,35.28270128481775,37.809784,9.23188273111979,9.23188273111979
2019-09-26 12:00:00,47.166666666666664,37.00276184082031,36.46794490449853,37.00276,10.163904825846352,10.163904825846352
2019-09-26 13:00:00,47.541666666666664,36.97877502441406,35.285276912897125,36.978775,10.562891642252602,10.562891642252602
2019-09-26 14:00:00,47.791666666666664,36.57915496826172,35.02539717988996,36.579155,11.212511698404946,11.212511698404946
2019-09-26 15:00:00,46.958333333333336,37.12593460083008,39.30216860828412,37.125935,9.832398732503258,9.832398732503258
2019-09-26 16:00:00,46.375,39.0147705078125,38.87106085549195,39.01477,7.3602294921875,7.3602294921875
2019-09-26 17:00:00,45.708333333333336,37.5350341796875,38.938572408352435,37.535034,8.173299153645836,8.173299153645836
2019-09-26 18:00:00,44.541666666666664,39.441558837890625,43.84657705463926,39.44156,5.100107828776039,5.100107828776039
2019-09-26 19:00:00,43.375,42.992523193359375,47.33869258802691,42.992523,0.382476806640625,0.382476806640625
2019-09-26 20:00:00,42.791666666666664,39.205284118652344,39.98294862794022,39.205284,3.5863825480143205,3.5863825480143205
2019-09-26 21:00:00,42.0,39.748268127441406,43.987838951005514,39.74827,2.2517318725585938,2.2517318725585938
2019-09-26 22:00:00,41.833333333333336,41.49089050292969,42.449222215703685,41.49089,0.3424428304036482,0.3424428304036482
2019-09-26 23:00:00,41.75,43.66983413696289,43.58603708221015,43.669834,-1.9198341369628906,1.9198341369628906
2019-09-27 00:00:00,42.416666666666664,46.45557403564453,45.07465003251712,46.455574,-4.038907368977867,4.038907368977867
2019-09-27 01:00:00,42.625,47.64556121826172,45.46327295021826,47.64556,-5.020561218261719,5.020561218261719
2019-09-27 02:00:00,40.75,49.43647766113281,47.765115253707975,49.436478,-8.686477661132812,8.686477661132812
2019-09-27 03:00:00,40.041666666666664,46.97291946411133,45.011774309152685,46.97292,-6.931252797444664,6.931252797444664
2019-09-27 04:00:00,39.166666666666664,48.69551086425781,47.89139683574751,48.69551,-9.528844197591148,9.528844197591148
2019-09-27 05:00:00,38.25,52.086708068847656,52.608109218896615,52.086708,-13.836708068847656,13.836708068847656
2019-09-27 06:00:00,36.875,50.170677185058594,51.812782907414736,50.170677,-13.295677185058594,13.295677185058594
2019-09-27 07:00:00,35.541666666666664,48.96768569946289,52.104860925444314,48.967686,-13.426019032796226,13.426019032796226
2019-09-27 08:00:00,34.583333333333336,51.07493209838867,52.25277919632322,51.074932,-16.491598765055336,16.491598765055336
2019-09-27 09:00:00,32.541666666666664,52.33613586425781,53.839597264693325,52.336136,-19.794469197591148,19.794469197591148
2019-09-27 10:00:00,31.0,60.17966842651367,66.2144618894943,60.17967,-29.179668426513672,29.179668426513672
2019-09-27 11:00:00,31.291666666666668,59.26940155029297,64.15600850963438,59.2694,-27.9777348836263,27.9777348836263
2019-09-27 12:00:00,31.875,55.17904281616211,59.68633636884289,55.179043,-23.30404281616211,23.30404281616211
2019-09-27 13:00:00,32.5,55.50178146362305,59.66370638384201,55.50178,-23.001781463623047,23.001781463623047
2019-09-27 14:00:00,32.708333333333336,54.247154235839844,54.59015217130205,54.247154,-21.538820902506508,21.538820902506508
2019-09-27 15:00:00,33.875,46.80291748046875,47.36596478747982,46.802917,-12.92791748046875,12.92791748046875
2019-09-27 16:00:00,34.875,39.71670150756836,42.367102352558256,39.7167,-4.841701507568359,4.841701507568359
2019-09-27 17:00:00,35.875,40.336307525634766,41.66325635398586,40.336308,-4.461307525634766,4.461307525634766
2019-09-27 18:00:00,37.208333333333336,46.06984329223633,50.56095140204311,46.069843,-8.861509958902992,8.861509958902992
2019-09-27 19:00:00,37.5,47.53105545043945,49.89172436863783,47.531055,-10.031055450439453,10.031055450439453
2019-09-27 20:00:00,37.708333333333336,45.10176086425781,48.12061415237751,45.10176,-7.393427530924477,7.393427530924477
2019-09-27 21:00:00,38.5,46.37429428100586,49.02100866825193,46.374294,-7.874294281005859,7.874294281005859
2019-09-27 22:00:00,38.5,46.310272216796875,52.24607955330376,46.310272,-7.810272216796875,7.810272216796875
2019-09-27 23:00:00,38.166666666666664,43.9434928894043,50.55511082487412,43.943493,-5.776826222737633,5.776826222737633
2019-09-28 00:00:00,37.375,47.25202941894531,53.808983128310565,47.25203,-9.877029418945312,9.877029418945312
2019-09-28 01:00:00,37.041666666666664,49.317325592041016,52.99714389199011,49.317326,-12.275658925374351,12.275658925374351
2019-09-28 02:00:00,38.458333333333336,39.23151397705078,47.56423545211358,39.231514,-0.7731806437174455,0.7731806437174455
2019-09-28 03:00:00,39.041666666666664,43.10065460205078,49.30034876253477,43.100655,-4.058987935384117,4.058987935384117
2019-09-28 04:00:00,38.833333333333336,46.210166931152344,49.453812154522595,46.210167,-7.376833597819008,7.376833597819008
2019-09-28 05:00:00,38.083333333333336,47.44813537597656,49.420449975818194,47.448135,-9.364802042643227,9.364802042643227
2019-09-28 06:00:00,37.375,47.17493438720703,51.72604900793921,47.174934,-9.799934387207031,9.799934387207031
2019-09-28 07:00:00,36.458333333333336,51.03173065185547,52.955350118234364,51.03173,-14.573397318522133,14.573397318522133
2019-09-28 08:00:00,35.416666666666664,52.659210205078125,53.520269125656384,52.65921,-17.24254353841146,17.24254353841146
2019-09-28 09:00:00,34.75,49.49958801269531,50.94383935317631,49.499588,-14.749588012695312,14.749588012695312
2019-09-28 10:00:00,34.166666666666664,46.13117980957031,48.473985721124876,46.13118,-11.964513142903648,11.964513142903648
2019-09-28 11:00:00,32.916666666666664,53.04315948486328,53.21162193217886,53.04316,-20.126492818196617,20.126492818196617
2019-09-28 12:00:00,31.916666666666668,54.175376892089844,53.33680160266121,54.175377,-22.258710225423176,22.258710225423176
2019-09-28 13:00:00,31.833333333333332,54.721614837646484,52.94103004142072,54.721615,-22.888281504313152,22.888281504313152
2019-09-28 14:00:00,31.666666666666668,56.15036392211914,52.98021439178534,56.150364,-24.483697255452473,24.483697255452473
2019-09-28 15:00:00,30.416666666666668,56.703407287597656,53.26579238072632,56.703407,-26.28674062093099,26.28674062093099
2019-09-28 16:00:00,30.041666666666668,56.39079666137695,56.36639477252997,56.390797,-26.349129994710285,26.349129994710285
2019-09-28 17:00:00,29.291666666666668,55.334102630615234,52.92409063531086,55.334103,-26.042435963948567,26.042435963948567
2019-09-28 18:00:00,29.291666666666668,51.985435485839844,50.88815133208041,51.985435,-22.693768819173176,22.693768819173176
2019-09-28 19:00:00,29.625,49.8287353515625,48.20897130202577,49.828735,-20.2037353515625,20.2037353515625
2019-09-28 20:00:00,28.916666666666668,47.5262451171875,44.94681916249189,47.526245,-18.609578450520832,18.609578450520832
2019-09-28 21:00:00,28.208333333333332,48.64049530029297,48.08865794927358,48.640495,-20.432161966959637,20.432161966959637
2019-09-28 22:00:00,28.208333333333332,48.299171447753906,46.259569619268554,48.29917,-20.090838114420574,20.090838114420574
2019-09-28 23:00:00,28.166666666666668,43.77895736694336,43.89414739262704,43.778957,-15.612290700276692,15.612290700276692
2019-09-29 00:00:00,28.958333333333332,47.015869140625,45.999743452023615,47.01587,-18.057535807291668,18.057535807291668
2019-09-29 01:00:00,28.208333333333332,47.383392333984375,43.37403676896288,47.383392,-19.175059000651043,19.175059000651043
2019-09-29 02:00:00,27.875,47.53204345703125,45.86869605505239,47.532043,-19.65704345703125,19.65704345703125
2019-09-29 03:00:00,29.083333333333332,46.526031494140625,46.081561407524305,46.52603,-17.442698160807293,17.442698160807293
2019-09-29 04:00:00,29.916666666666668,46.38227462768555,44.04267152974764,46.382275,-16.46560796101888,16.46560796101888
2019-09-29 05:00:00,30.208333333333332,46.79371643066406,45.44059439128077,46.793716,-16.58538309733073,16.58538309733073
2019-09-29 06:00:00,31.125,41.74491882324219,41.02968993254019,41.74492,-10.619918823242188,10.619918823242188
2019-09-29 07:00:00,32.0,42.00830841064453,40.80598929803913,42.00831,-10.008308410644531,10.008308410644531
2019-09-29 08:00:00,33.208333333333336,39.7471923828125,40.10640367317611,39.747192,-6.538859049479164,6.538859049479164
2019-09-29 09:00:00,34.875,38.469573974609375,39.032141602920326,38.469574,-3.594573974609375,3.594573974609375
2019-09-29 10:00:00,35.708333333333336,44.710044860839844,42.39395196874831,44.710045,-9.001711527506508,9.001711527506508
2019-09-29 11:00:00,36.291666666666664,44.02362823486328,45.01786126207397,44.02363,-7.731961568196617,7.731961568196617
2019-09-29 12:00:00,36.208333333333336,44.764556884765625,45.7283309430153,44.764557,-8.55622355143229,8.55622355143229
2019-09-29 13:00:00,35.5,48.330806732177734,48.331065678316996,48.330807,-12.830806732177734,12.830806732177734
2019-09-29 14:00:00,35.333333333333336,44.48809814453125,46.19408563880541,44.4881,-9.154764811197914,9.154764811197914
2019-09-29 15:00:00,37.0,41.102787017822266,43.85132301350424,41.102787,-4.102787017822266,4.102787017822266
2019-09-29 16:00:00,37.333333333333336,43.876365661621094,42.218503903704196,43.876366,-6.543032328287758,6.543032328287758
2019-09-29 17:00:00,37.666666666666664,43.10291290283203,39.99187005272684,43.102913,-5.436246236165367,5.436246236165367
2019-09-29 18:00:00,37.0,45.36425018310547,43.60383846283296,45.36425,-8.364250183105469,8.364250183105469
2019-09-29 19:00:00,36.583333333333336,43.48194122314453,44.1557090183217,43.48194,-6.8986078898111955,6.8986078898111955
2019-09-29 20:00:00,37.708333333333336,38.79133605957031,39.90854504955903,38.791336,-1.0830027262369768,1.0830027262369768
2019-09-29 21:00:00,37.833333333333336,42.199493408203125,42.661043023014486,42.199493,-4.366160074869789,4.366160074869789
2019-09-29 22:00:00,38.291666666666664,41.85969924926758,39.13632069014741,41.8597,-3.568032582600914,3.568032582600914
2019-09-29 23:00:00,38.708333333333336,37.269447326660156,41.475058894169905,37.269447,1.4388860066731795,1.4388860066731795
2019-09-30 00:00:00,39.5,48.44147491455078,51.85285266455572,48.441475,-8.941474914550781,8.941474914550781
2019-09-30 01:00:00,39.541666666666664,46.767311096191406,45.14598841028979,46.76731,-7.225644429524742,7.225644429524742
2019-09-30 02:00:00,38.625,46.09877395629883,48.71896102454603,46.098774,-7.473773956298828,7.473773956298828
2019-09-30 03:00:00,36.791666666666664,48.026885986328125,50.81465245244145,48.026886,-11.23521931966146,11.23521931966146
2019-09-30 04:00:00,35.416666666666664,46.02210235595703,51.03103875432289,46.022102,-10.605435689290367,10.605435689290367
2019-09-30 05:00:00,35.041666666666664,46.1923828125,49.41846951120031,46.192383,-11.150716145833336,11.150716145833336
2019-09-30 06:00:00,33.958333333333336,49.914939880371094,53.00875507122439,49.91494,-15.956606547037758,15.956606547037758
2019-09-30 07:00:00,32.958333333333336,49.40291976928711,47.94110421499101,49.40292,-16.444586435953774,16.444586435953774
2019-09-30 08:00:00,31.958333333333332,47.40650177001953,47.076663677914695,47.4065,-15.448168436686199,15.448168436686199
2019-09-30 09:00:00,31.041666666666668,52.05084991455078,51.36243411023563,52.05085,-21.009183247884113,21.009183247884113
2019-09-30 10:00:00,30.5,49.96137237548828,49.446463513115674,49.961372,-19.46137237548828,19.46137237548828
2019-09-30 11:00:00,30.375,49.56166458129883,46.75967667455737,49.561665,-19.186664581298828,19.186664581298828
2019-09-30 12:00:00,31.5,49.36669921875,47.81339618723945,49.3667,-17.86669921875,17.86669921875
2019-09-30 13:00:00,31.291666666666668,51.62708282470703,48.55277054465419,51.627083,-20.335416158040363,20.335416158040363
2019-09-30 14:00:00,30.791666666666668,51.292503356933594,47.3715992985834,51.292503,-20.500836690266926,20.500836690266926
2019-09-30 15:00:00,29.166666666666668,48.95503616333008,45.07289118346602,48.955036,-19.78836949666341,19.78836949666341
2019-09-30 16:00:00,28.875,51.886898040771484,45.78225622073732,51.886898,-23.011898040771484,23.011898040771484
2019-09-30 17:00:00,29.666666666666668,52.81354904174805,47.39964381073482,52.81355,-23.14688237508138,23.14688237508138
2019-09-30 18:00:00,30.791666666666668,51.30085754394531,46.18350987376723,51.300858,-20.509190877278645,20.509190877278645
2019-09-30 19:00:00,30.916666666666668,52.2838134765625,48.57043848930972,52.283813,-21.367146809895832,21.367146809895832
2019-09-30 20:00:00,31.791666666666668,52.49663162231445,49.886512310569195,52.49663,-20.704964955647785,20.704964955647785
2019-09-30 21:00:00,32.833333333333336,53.51641845703125,50.13977389854424,53.51642,-20.683085123697914,20.683085123697914
2019-09-30 22:00:00,33.0,51.31499099731445,49.51455139978909,51.31499,-18.314990997314453,18.314990997314453
2019-09-30 23:00:00,32.958333333333336,51.11949157714844,47.49958462033768,51.11949,-18.161158243815102,18.161158243815102
2019-10-01 00:00:00,33.041666666666664,53.590606689453125,51.51358706791217,53.590607,-20.54894002278646,20.54894002278646
2019-10-01 01:00:00,35.916666666666664,46.5554313659668,44.83289226860865,46.55543,-10.638764699300133,10.638764699300133
2019-10-01 02:00:00,37.083333333333336,43.32893371582031,43.501711439322996,43.328934,-6.245600382486977,6.245600382486977
2019-10-01 03:00:00,37.291666666666664,45.69210433959961,43.55392199655994,45.692104,-8.400437672932945,8.400437672932945
2019-10-01 04:00:00,37.166666666666664,45.5106201171875,43.98225010585898,45.51062,-8.343953450520836,8.343953450520836
2019-10-01 05:00:00,37.0,45.42950439453125,44.79964099400898,45.429504,-8.42950439453125,8.42950439453125
2019-10-01 06:00:00,37.208333333333336,49.353111267089844,50.18152438530274,49.35311,-12.144777933756508,12.144777933756508
2019-10-01 07:00:00,37.5,52.493446350097656,48.675736644107715,52.493446,-14.993446350097656,14.993446350097656
2019-10-01 08:00:00,37.75,53.15673828125,48.76595919785827,53.15674,-15.40673828125,15.40673828125
2019-10-01 09:00:00,37.75,56.2290153503418,49.47925829229047,56.229015,-18.479015350341797,18.479015350341797
2019-10-01 10:00:00,38.0,48.750789642333984,43.632429256803626,48.75079,-10.750789642333984,10.750789642333984
2019-10-01 11:00:00,37.791666666666664,49.234249114990234,42.11132839980421,49.23425,-11.44258244832357,11.44258244832357
2019-10-01 12:00:00,37.0,50.89508056640625,49.37271602323254,50.89508,-13.89508056640625,13.89508056640625
2019-10-01 13:00:00,37.166666666666664,46.72113037109375,42.38913541902668,46.72113,-9.554463704427086,9.554463704427086
2019-10-01 14:00:00,37.833333333333336,51.2085075378418,49.50042584859835,51.208508,-13.375174204508461,13.375174204508461
2019-10-01 15:00:00,38.208333333333336,52.40085220336914,49.91718226202641,52.400852,-14.192518870035805,14.192518870035805
2019-10-01 16:00:00,39.625,49.085472106933594,42.19343243073162,49.085472,-9.460472106933594,9.460472106933594
2019-10-01 17:00:00,39.166666666666664,54.214012145996094,53.50789926287732,54.214012,-15.04734547932943,15.04734547932943
2019-10-01 18:00:00,38.166666666666664,56.2545166015625,54.73194055839063,56.254517,-18.087849934895836,18.087849934895836
2019-10-01 19:00:00,38.333333333333336,55.9273796081543,51.69771324734855,55.92738,-17.59404627482096,17.59404627482096
2019-10-01 20:00:00,37.125,54.96462631225586,53.325479546072216,54.964626,-17.83962631225586,17.83962631225586
2019-10-01 21:00:00,37.25,57.671321868896484,54.900638499833086,57.67132,-20.421321868896484,20.421321868896484
2019-10-01 22:00:00,36.916666666666664,58.84122085571289,52.383548435488144,58.84122,-21.924554189046226,21.924554189046226
2019-10-01 23:00:00,37.041666666666664,55.05097579956055,50.58254591973853,55.050976,-18.009309132893883,18.009309132893883
2019-10-02 00:00:00,36.25,57.52565383911133,50.50957539958615,57.525654,-21.275653839111328,21.275653839111328
2019-10-02 01:00:00,34.666666666666664,58.346248626708984,55.511227743340015,58.34625,-23.67958196004232,23.67958196004232
2019-10-02 02:00:00,35.0,54.371604919433594,52.44574202063689,54.371605,-19.371604919433594,19.371604919433594
2019-10-02 03:00:00,35.958333333333336,51.218994140625,48.499588327112846,51.218994,-15.260660807291664,15.260660807291664
2019-10-02 04:00:00,43.625,50.68318557739258,46.86106131055784,50.683186,-7.058185577392578,7.058185577392578
2019-10-02 05:00:00,47.0,52.933616638183594,48.46958925703016,52.933617,-5.933616638183594,5.933616638183594
2019-10-02 06:00:00,50.375,50.18459701538086,46.43751828836682,50.184597,0.19040298461914062,0.19040298461914062
2019-10-02 07:00:00,55.583333333333336,55.540130615234375,47.40813457161815,55.54013,0.0432027180989607,0.0432027180989607
2019-10-02 08:00:00,61.125,56.072959899902344,47.42150635429229,56.07296,5.052040100097656,5.052040100097656
2019-10-02 09:00:00,63.875,53.93788528442383,48.30898621510572,53.937885,9.937114715576172,9.937114715576172
2019-10-02 10:00:00,64.33333333333333,54.296321868896484,47.6707384283809,54.29632,10.037011464436844,10.037011464436844
2019-10-02 11:00:00,65.66666666666667,52.77779769897461,52.03474302344499,52.777798,12.888868967692062,12.888868967692062
2019-10-02 12:00:00,66.70833333333333,52.24785614013672,45.88185123955741,52.247856,14.46047719319661,14.46047719319661
2019-10-02 13:00:00,67.33333333333333,54.94926834106445,51.57239508117823,54.94927,12.384064992268875,12.384064992268875
2019-10-02 14:00:00,68.08333333333333,56.65550231933594,51.865628060939294,56.655502,11.427831013997391,11.427831013997391
2019-10-02 15:00:00,68.54166666666667,52.88218688964844,48.889244326418634,52.882187,15.659479777018234,15.659479777018234
2019-10-02 16:00:00,67.5,56.57524871826172,51.25375755863862,56.57525,10.924751281738281,10.924751281738281
2019-10-02 17:00:00,67.79166666666667,57.66463851928711,55.26356139173182,57.66464,10.127028147379562,10.127028147379562
2019-10-02 18:00:00,68.54166666666667,56.79548645019531,52.85107547523783,56.795486,11.746180216471359,11.746180216471359
2019-10-02 19:00:00,68.83333333333333,56.00830078125,49.29259380792726,56.0083,12.825032552083329,12.825032552083329
2019-10-02 20:00:00,69.45833333333333,51.305294036865234,45.33675475916057,51.305294,18.153039296468094,18.153039296468094
2019-10-02 21:00:00,69.29166666666667,51.69829559326172,47.51796923036522,51.698296,17.593371073404953,17.593371073404953
2019-10-02 22:00:00,69.875,52.058815002441406,46.60309311323444,52.058815,17.816184997558594,17.816184997558594
2019-10-02 23:00:00,70.91666666666667,53.647132873535156,49.187413690408526,53.647133,17.269533793131515,17.269533793131515
2019-10-03 00:00:00,72.04166666666667,49.06034469604492,48.199138183028445,49.060345,22.98132197062175,22.98132197062175
2019-10-03 01:00:00,72.79166666666667,49.071327209472656,50.193553872022754,49.071327,23.720339457194015,23.720339457194015
2019-10-03 02:00:00,72.875,51.40481948852539,50.61199250009118,51.40482,21.47018051147461,21.47018051147461
2019-10-03 03:00:00,73.45833333333333,51.20045471191406,50.976002321132796,51.200455,22.257878621419266,22.257878621419266
2019-10-03 04:00:00,67.25,59.405723571777344,61.81085175002717,59.405724,7.844276428222656,7.844276428222656
2019-10-03 05:00:00,66.04166666666667,51.99628448486328,53.21829117713424,51.996284,14.04538218180339,14.04538218180339
2019-10-03 06:00:00,65.54166666666667,52.22275161743164,52.62503839187955,52.22275,13.31891504923503,13.31891504923503
2019-10-03 07:00:00,63.916666666666664,52.3285026550293,52.86394038278434,52.328503,11.588164011637367,11.588164011637367
2019-10-03 08:00:00,58.916666666666664,56.16629409790039,53.624075527468534,56.166294,2.7503725687662737,2.7503725687662737
2019-10-03 09:00:00,56.375,54.58601760864258,59.422021812098706,54.586018,1.7889823913574219,1.7889823913574219
2019-10-03 10:00:00,56.083333333333336,55.24993896484375,60.12748040989444,55.24994,0.8333943684895857,0.8333943684895857
2019-10-03 11:00:00,55.416666666666664,55.5067024230957,55.31317994498384,55.506702,-0.09003575642903883,0.09003575642903883
2019-10-03 12:00:00,54.833333333333336,55.24169158935547,55.91162129802495,55.24169,-0.40835825602213305,0.40835825602213305
2019-10-03 13:00:00,54.791666666666664,54.66542434692383,58.24985782225594,54.665424,0.12624231974283617,0.12624231974283617
2019-10-03 14:00:00,54.166666666666664,51.91907501220703,52.96859370667918,51.919075,2.247591654459633,2.247591654459633
2019-10-03 15:00:00,53.833333333333336,48.02840805053711,48.395345602757544,48.028408,5.804925282796226,5.804925282796226
2019-10-03 16:00:00,53.166666666666664,52.640663146972656,51.09248937540197,52.640663,0.526003519694008,0.526003519694008
2019-10-03 17:00:00,52.666666666666664,52.27678298950195,52.26082742181696,52.276783,0.3898836771647112,0.3898836771647112
2019-10-03 18:00:00,52.125,54.65055847167969,57.98895973495136,54.65056,-2.5255584716796875,2.5255584716796875
2019-10-03 19:00:00,51.75,57.741825103759766,59.19972597990888,57.741825,-5.991825103759766,5.991825103759766
2019-10-03 20:00:00,50.916666666666664,56.63843536376953,58.67199712417008,56.638435,-5.721768697102867,5.721768697102867
2019-10-03 21:00:00,50.75,58.98334884643555,60.26999199114197,58.98335,-8.233348846435547,8.233348846435547
2019-10-03 22:00:00,50.0,59.939666748046875,61.38915946694279,59.939667,-9.939666748046875,9.939666748046875
2019-10-03 23:00:00,50.375,61.642520904541016,62.79754904439017,61.64252,-11.267520904541016,11.267520904541016
2019-10-04 00:00:00,51.458333333333336,58.636817932128906,61.75584466795226,58.636818,-7.1784845987955705,7.1784845987955705
2019-10-04 01:00:00,52.25,57.60137939453125,60.23725214099864,57.60138,-5.35137939453125,5.35137939453125
2019-10-04 02:00:00,56.75,55.73700714111328,57.909638276962625,55.737007,1.0129928588867188,1.0129928588867188
2019-10-04 03:00:00,58.708333333333336,56.89203643798828,60.51907062311387,56.892036,1.8162968953450545,1.8162968953450545
2019-10-04 04:00:00,61.375,54.31568145751953,57.987739703045925,54.31568,7.059318542480469,7.059318542480469
2019-10-04 05:00:00,59.5,59.01576232910156,61.416246341162825,59.015762,0.4842376708984375,0.4842376708984375
2019-10-04 06:00:00,56.875,58.60174560546875,60.70291565903583,58.601746,-1.72674560546875,1.72674560546875
2019-10-04 07:00:00,55.541666666666664,59.6749382019043,61.37951963634267,59.67494,-4.133271535237633,4.133271535237633
2019-10-04 08:00:00,55.708333333333336,54.20907211303711,50.9962412535314,54.209072,1.4992612202962263,1.4992612202962263
2019-10-04 09:00:00,57.5,50.82688903808594,48.47916401683513,50.82689,6.6731109619140625,6.6731109619140625
2019-10-04 10:00:00,59.041666666666664,54.39201736450195,48.52628906369376,54.392017,4.649649302164711,4.649649302164711
2019-10-04 11:00:00,58.875,56.744598388671875,56.272482983906734,56.7446,2.130401611328125,2.130401611328125
2019-10-04 12:00:00,58.5,54.259857177734375,51.93584118618497,54.259857,4.240142822265625,4.240142822265625
2019-10-04 13:00:00,58.166666666666664,54.249427795410156,54.519145503256,54.249428,3.917238871256508,3.917238871256508
2019-10-04 14:00:00,58.125,51.10416793823242,47.98804983699456,51.104168,7.020832061767578,7.020832061767578
2019-10-04 15:00:00,58.708333333333336,49.83866882324219,45.758786822631606,49.83867,8.869664510091148,8.869664510091148
2019-10-04 16:00:00,59.083333333333336,50.152252197265625,43.62864787099078,50.152252,8.93108113606771,8.93108113606771
2019-10-04 17:00:00,59.166666666666664,51.70817947387695,45.23997149856476,51.70818,7.458487192789711,7.458487192789711
2019-10-04 18:00:00,58.666666666666664,53.75967788696289,49.999595422393085,53.759678,4.906988779703774,4.906988779703774
2019-10-04 19:00:00,57.708333333333336,52.83003234863281,52.94207403417419,52.830032,4.878300984700523,4.878300984700523
2019-10-04 20:00:00,57.666666666666664,48.48060607910156,45.4860644353148,48.480606,9.186060587565102,9.186060587565102
2019-10-04 21:00:00,56.416666666666664,51.363182067871094,51.75626322651005,51.363182,5.0534845987955705,5.0534845987955705
2019-10-04 22:00:00,56.666666666666664,52.2205810546875,51.96670199599658,52.22058,4.446085611979164,4.446085611979164
2019-10-04 23:00:00,55.791666666666664,55.071407318115234,53.866362619763734,55.071407,0.7202593485514299,0.7202593485514299
2019-10-05 00:00:00,55.708333333333336,55.42338562011719,56.5260500213462,55.423386,0.2849477132161482,0.2849477132161482
2019-10-05 01:00:00,55.041666666666664,53.870399475097656,54.54982027869372,53.8704,1.171267191569008,1.171267191569008
2019-10-05 02:00:00,50.75,59.381744384765625,61.92819146880976,59.381744,-8.631744384765625,8.631744384765625
2019-10-05 03:00:00,49.375,54.18315124511719,55.99200560919442,54.18315,-4.8081512451171875,4.8081512451171875
2019-10-05 04:00:00,48.5,57.16925811767578,56.86589004701491,57.16926,-8.669258117675781,8.669258117675781
2019-10-05 05:00:00,51.625,43.669776916503906,46.65564705116553,43.669777,7.955223083496094,7.955223083496094
2019-10-05 06:00:00,54.708333333333336,46.99452209472656,45.62107316526326,46.994522,7.713811238606773,7.713811238606773
2019-10-05 07:00:00,56.208333333333336,48.71724319458008,49.93035878071864,48.717243,7.491090138753258,7.491090138753258
2019-10-05 08:00:00,58.291666666666664,51.86872863769531,52.907711103722264,51.86873,6.422938028971352,6.422938028971352
2019-10-05 09:00:00,59.208333333333336,53.311058044433594,53.704321743703716,53.311058,5.897275288899742,5.897275288899742
2019-10-05 10:00:00,58.458333333333336,61.466285705566406,62.605228045991225,61.466286,-3.0079523722330705,3.0079523722330705
2019-10-05 11:00:00,58.958333333333336,50.41413497924805,53.020485908174386,50.414135,8.544198354085289,8.544198354085289
2019-10-05 12:00:00,59.75,42.969879150390625,44.689654019760916,42.96988,16.780120849609375,16.780120849609375
2019-10-05 13:00:00,60.583333333333336,52.62543487548828,51.931961793796354,52.625435,7.9578984578450545,7.9578984578450545
2019-10-05 14:00:00,61.0,51.32367706298828,52.166500928297495,51.323677,9.676322937011719,9.676322937011719
2019-10-05 15:00:00,62.416666666666664,56.03793716430664,57.23816997178625,56.037937,6.378729502360024,6.378729502360024
2019-10-05 16:00:00,63.833333333333336,49.89337921142578,52.11558318723562,49.89338,13.939954121907554,13.939954121907554
2019-10-05 17:00:00,64.5,50.531944274902344,50.38569171995398,50.531944,13.968055725097656,13.968055725097656
2019-10-05 18:00:00,65.54166666666667,50.67771530151367,50.40651188373208,50.677715,14.863951365153,14.863951365153
2019-10-05 19:00:00,67.29166666666667,48.05183410644531,48.38337068486997,48.051834,19.23983256022136,19.23983256022136
2019-10-05 20:00:00,68.33333333333333,48.75434875488281,48.161953953469,48.75435,19.578984578450516,19.578984578450516
2019-10-05 21:00:00,69.70833333333333,47.2469482421875,46.79663985297205,47.24695,22.46138509114583,22.46138509114583
2019-10-05 22:00:00,70.08333333333333,50.936885833740234,50.82728581613537,50.936886,19.146447499593094,19.146447499593094
2019-10-05 23:00:00,69.91666666666667,53.414817810058594,52.6228148065057,53.414818,16.501848856608078,16.501848856608078
2019-10-06 00:00:00,67.58333333333333,52.78010177612305,56.85258553956723,52.7801,14.803231557210282,14.803231557210282
2019-10-06 01:00:00,66.95833333333333,55.151588439941406,58.41783869350793,55.15159,11.806744893391922,11.806744893391922
2019-10-06 02:00:00,66.79166666666667,53.16884994506836,57.11713134153686,53.16885,13.622816721598312,13.622816721598312
2019-10-06 03:00:00,65.95833333333333,55.172821044921875,59.876653759017415,55.17282,10.785512288411454,10.785512288411454
2019-10-06 04:00:00,64.16666666666667,57.27519226074219,61.26294778574445,57.275192,6.891474405924484,6.891474405924484
2019-10-06 05:00:00,61.375,58.834228515625,63.08802474932536,58.83423,2.540771484375,2.540771484375
2019-10-06 06:00:00,63.416666666666664,57.49345779418945,61.56940237396353,57.493458,5.923208872477211,5.923208872477211
2019-10-06 07:00:00,65.08333333333333,58.06345748901367,61.73309854785063,58.063457,7.019875844319657,7.019875844319657
2019-10-06 08:00:00,70.5,61.13432312011719,63.872154305714815,61.134323,9.365676879882812,9.365676879882812
2019-10-06 09:00:00,72.5,65.40567779541016,66.4146072120598,65.40568,7.094322204589844,7.094322204589844
2019-10-06 10:00:00,75.04166666666667,64.11202239990234,65.33051393735123,64.11202,10.929644266764328,10.929644266764328
2019-10-06 11:00:00,76.29166666666667,66.36400604248047,65.17993857411633,66.364006,9.927660624186203,9.927660624186203
2019-10-06 12:00:00,76.75,62.68056106567383,59.99926102296841,62.68056,14.069438934326172,14.069438934326172
2019-10-06 13:00:00,77.79166666666667,63.76885986328125,63.00830731414125,63.76886,14.022806803385421,14.022806803385421
2019-10-06 14:00:00,79.125,56.660423278808594,55.342938122300936,56.660423,22.464576721191406,22.464576721191406
2019-10-06 15:00:00,78.66666666666667,67.03778076171875,66.30955107066613,67.03778,11.628885904947921,11.628885904947921
2019-10-06 16:00:00,77.95833333333333,70.5848617553711,69.47953166697162,70.58486,7.373471577962235,7.373471577962235
2019-10-06 17:00:00,77.5,66.6579818725586,66.80076115603157,66.65798,10.842018127441406,10.842018127441406
2019-10-06 18:00:00,76.91666666666667,62.403480529785156,58.82075214011698,62.40348,14.513186136881515,14.513186136881515
2019-10-06 19:00:00,76.5,64.7854995727539,61.632462008112306,64.7855,11.714500427246094,11.714500427246094
2019-10-06 20:00:00,77.58333333333333,64.07665252685547,60.344265604251234,64.07665,13.50668080647786,13.50668080647786
2019-10-06 21:00:00,78.58333333333333,68.93409729003906,65.94489772416911,68.9341,9.649236043294266,9.649236043294266
2019-10-06 22:00:00,79.45833333333333,71.29835510253906,68.84256249589379,71.298355,8.159978230794266,8.159978230794266
2019-10-06 23:00:00,81.91666666666667,66.89685821533203,63.810803270170496,66.89686,15.01980845133464,15.01980845133464
2019-10-07 00:00:00,85.08333333333333,67.48395538330078,63.2389499022801,67.483955,17.599377950032547,17.599377950032547
2019-10-07 01:00:00,85.91666666666667,76.91110229492188,66.34574667352788,76.9111,9.005564371744796,9.005564371744796
2019-10-07 02:00:00,85.83333333333333,73.82173156738281,64.20009696624166,73.82173,12.011601765950516,12.011601765950516
2019-10-07 03:00:00,85.375,72.29109191894531,64.71564465658173,72.29109,13.083908081054688,13.083908081054688
2019-10-07 04:00:00,84.95833333333333,72.79766845703125,67.80693189029195,72.79767,12.160664876302079,12.160664876302079
2019-10-07 05:00:00,84.625,68.40972900390625,61.85652632571145,68.40973,16.21527099609375,16.21527099609375
2019-10-07 06:00:00,79.70833333333333,74.4526138305664,70.20551256010117,74.452614,5.255719502766922,5.255719502766922
2019-10-07 07:00:00,74.75,77.60614013671875,73.95029839308265,77.60614,-2.85614013671875,2.85614013671875
2019-10-07 08:00:00,66.79166666666667,72.0420150756836,69.86030314114036,72.042015,-5.250348409016922,5.250348409016922
2019-10-07 09:00:00,61.625,63.908233642578125,66.90712555659036,63.908234,-2.283233642578125,2.283233642578125
2019-10-07 10:00:00,58.0,59.081539154052734,57.76723839753792,59.08154,-1.0815391540527344,1.0815391540527344
2019-10-07 11:00:00,59.625,63.713706970214844,61.11734823319563,63.713707,-4.088706970214844,4.088706970214844
2019-10-07 12:00:00,58.5,62.29404830932617,60.17950384172862,62.29405,-3.794048309326172,3.794048309326172
2019-10-07 13:00:00,56.375,61.98175048828125,62.51812310260063,61.98175,-5.60675048828125,5.60675048828125
2019-10-07 14:00:00,54.25,62.7313346862793,64.00822645347557,62.731335,-8.481334686279297,8.481334686279297
2020-01-01 12:00:00,158.0,185.18536376953125,191.82073755684056,185.18536,-27.18536376953125,27.18536376953125
2020-01-01 13:00:00,156.58333333333334,194.63995361328125,203.41112295293328,194.63995,-38.05662027994791,38.05662027994791
2020-01-01 14:00:00,155.54166666666666,199.685302734375,206.08985740081306,199.6853,-44.14363606770834,44.14363606770834
2020-01-01 15:00:00,154.5,196.5606689453125,198.07464653110267,196.56067,-42.0606689453125,42.0606689453125
2020-01-01 16:00:00,153.75,186.82177734375,191.11934483814312,186.82178,-33.07177734375,33.07177734375
2020-01-01 17:00:00,152.83333333333334,178.3951416015625,178.70234056265073,178.39514,-25.561808268229157,25.561808268229157
2020-01-01 18:00:00,151.125,182.4442138671875,189.13900268635166,182.44421,-31.3192138671875,31.3192138671875
2020-01-01 19:00:00,153.08333333333334,196.65994262695312,198.99344213959134,196.65994,-43.57660929361978,43.57660929361978
2020-01-01 20:00:00,151.58333333333334,199.0089111328125,216.44188462111404,199.00891,-47.42557779947916,47.42557779947916
2020-01-01 21:00:00,150.33333333333334,210.51419067382812,223.55181250136496,210.51419,-60.18085734049478,60.18085734049478
2020-01-01 22:00:00,149.33333333333334,194.96136474609375,207.5476605088661,194.96136,-45.62803141276041,45.62803141276041
2020-01-01 23:00:00,146.54166666666666,196.48672485351562,206.4796907904435,196.48672,-49.94505818684897,49.94505818684897
2020-01-02 00:00:00,139.5,215.07064819335938,220.70137338797323,215.07065,-75.57064819335938,75.57064819335938
2020-01-02 01:00:00,131.125,202.95816040039062,205.17523826081484,202.95816,-71.83316040039062,71.83316040039062
2020-01-02 02:00:00,122.08333333333333,210.56793212890625,206.4321863761757,210.56793,-88.48459879557292,88.48459879557292
2020-01-02 03:00:00,112.66666666666667,204.55050659179688,208.93182078245096,204.5505,-91.8838399251302,91.8838399251302
2020-01-02 04:00:00,107.625,184.27865600585938,185.00269085244597,184.27866,-76.65365600585938,76.65365600585938
2020-01-02 05:00:00,105.54166666666667,172.64141845703125,166.48353497018707,172.64142,-67.09975179036458,67.09975179036458
2020-01-02 06:00:00,103.75,166.51377868652344,162.7309850357148,166.51378,-62.76377868652344,62.76377868652344
2020-01-02 07:00:00,102.125,177.84046936035156,166.00838482269467,177.84047,-75.71546936035156,75.71546936035156
2020-01-02 08:00:00,100.75,159.66493225097656,156.08526338777313,159.66493,-58.91493225097656,58.91493225097656
2020-01-02 09:00:00,99.125,153.95831298828125,148.19286914276034,153.95831,-54.83331298828125,54.83331298828125
2020-01-02 10:00:00,98.08333333333333,144.90762329101562,146.45661205680906,144.90762,-46.824289957682296,46.824289957682296
2020-01-02 11:00:00,97.58333333333333,138.58944702148438,134.3545795281223,138.58945,-41.006113688151046,41.006113688151046
2020-01-02 12:00:00,97.16666666666667,139.92037963867188,138.57987627182453,139.92038,-42.753712972005204,42.753712972005204
2020-01-02 13:00:00,97.08333333333333,140.8079833984375,140.86179809189537,140.80798,-43.72465006510417,43.72465006510417
2020-01-02 14:00:00,96.16666666666667,129.79415893554688,130.67851619187547,129.79416,-33.627492268880204,33.627492268880204
2020-01-02 15:00:00,95.25,131.20828247070312,130.59696396259002,131.20828,-35.958282470703125,35.958282470703125
2020-01-02 16:00:00,94.0,144.5850372314453,143.50970277723866,144.58504,-50.58503723144531,50.58503723144531
2020-01-02 17:00:00,92.41666666666667,145.11196899414062,138.95332391088903,145.11197,-52.695302327473954,52.695302327473954
2020-01-02 18:00:00,89.625,140.7677459716797,126.57619202405989,140.76775,-51.14274597167969,51.14274597167969
2020-01-02 19:00:00,81.75,149.86129760742188,141.66382455514994,149.8613,-68.11129760742188,68.11129760742188
2020-01-02 20:00:00,73.875,149.15708923339844,135.83343383464472,149.15709,-75.28208923339844,75.28208923339844
2020-01-02 21:00:00,66.20833333333333,139.57308959960938,127.63522932146367,139.57309,-73.36475626627605,73.36475626627605
2020-01-02 22:00:00,58.041666666666664,142.5367431640625,126.92751961469153,142.53674,-84.49507649739584,84.49507649739584
2020-01-02 23:00:00,50.083333333333336,137.74307250976562,127.00051058388064,137.74307,-87.65973917643228,87.65973917643228
2020-01-03 00:00:00,46.208333333333336,133.55484008789062,118.67138491870408,133.55484,-87.34650675455728,87.34650675455728
2020-01-03 01:00:00,45.083333333333336,134.34860229492188,107.68633322863016,134.3486,-89.26526896158853,89.26526896158853
2020-01-03 02:00:00,44.208333333333336,116.17416381835938,94.60711703795917,116.174164,-71.96583048502603,71.96583048502603
2020-01-03 03:00:00,42.541666666666664,121.44187927246094,100.30890147873508,121.44188,-78.90021260579428,78.90021260579428
2020-01-03 04:00:00,41.0,122.29182434082031,104.95217311003664,122.291824,-81.29182434082031,81.29182434082031
2020-01-03 05:00:00,40.75,118.10848999023438,91.17597226669376,118.10849,-77.35848999023438,77.35848999023438
2020-01-03 06:00:00,40.75,99.11839294433594,73.71452010352867,99.11839,-58.36839294433594,58.36839294433594
2020-01-03 07:00:00,41.041666666666664,91.06340789794922,71.74205201834612,91.06341,-50.021741231282554,50.021741231282554
2020-01-03 08:00:00,43.125,94.99517059326172,76.15441197926059,94.99517,-51.87017059326172,51.87017059326172
2020-01-03 09:00:00,43.833333333333336,94.0705337524414,75.24334339260554,94.07053,-50.23720041910807,50.23720041910807
2020-01-03 10:00:00,43.25,94.17961120605469,76.70621464617489,94.17961,-50.92961120605469,50.92961120605469
2020-01-03 11:00:00,43.791666666666664,87.98094177246094,74.92567291614574,87.98094,-44.18927510579427,44.18927510579427
2020-01-03 12:00:00,44.708333333333336,88.72915649414062,75.11128808724287,88.72916,-44.02082316080729,44.02082316080729
2020-01-03 13:00:00,45.166666666666664,97.33023834228516,74.467699428623,97.33024,-52.16357167561849,52.16357167561849
2020-01-03 14:00:00,45.708333333333336,91.57771301269531,71.86114152095203,91.57771,-45.86937967936198,45.86937967936198
2020-01-03 15:00:00,46.25,87.8130874633789,72.88999528083048,87.81309,-41.563087463378906,41.563087463378906
2020-01-03 16:00:00,46.333333333333336,98.46876525878906,81.34870235377768,98.468765,-52.13543192545573,52.13543192545573
2020-01-03 17:00:00,46.833333333333336,85.82708740234375,71.89358554956048,85.82709,-38.993754069010414,38.993754069010414
2020-01-03 18:00:00,48.083333333333336,82.14306640625,67.00949116005575,82.14307,-34.059733072916664,34.059733072916664
2020-01-03 19:00:00,49.458333333333336,85.9262466430664,70.07442655658372,85.92625,-36.46791330973307,36.46791330973307
2020-01-03 20:00:00,52.083333333333336,104.37773132324219,79.68892482293077,104.37773,-52.29439798990885,52.29439798990885
2020-01-03 21:00:00,54.666666666666664,95.31391906738281,76.77236027287145,95.31392,-40.64725240071615,40.64725240071615
2020-01-03 22:00:00,57.458333333333336,94.32754516601562,75.30414601307501,94.327545,-36.86921183268229,36.86921183268229
2020-01-03 23:00:00,60.958333333333336,99.08354949951172,80.16861759558435,99.08355,-38.12521616617838,38.12521616617838
2020-01-04 00:00:00,64.41666666666667,100.94084930419922,74.95257530185035,100.94085,-36.52418263753255,36.52418263753255
2020-01-04 01:00:00,67.20833333333333,107.90253448486328,87.30536069118082,107.902534,-40.69420115152995,40.69420115152995
2020-01-04 02:00:00,72.70833333333333,105.0499267578125,88.3728799824675,105.04993,-32.34159342447917,32.34159342447917
2020-01-04 03:00:00,77.0,93.943603515625,74.95000688773973,93.9436,-16.943603515625,16.943603515625
2020-01-04 04:00:00,80.79166666666667,89.22703552246094,72.71441223229733,89.227036,-8.435368855794266,8.435368855794266
2020-01-04 05:00:00,83.29166666666667,87.68656921386719,75.94636106001366,87.68657,-4.394902547200516,4.394902547200516
2020-01-04 06:00:00,86.0,91.68069458007812,79.45667748950163,91.680695,-5.680694580078125,5.680694580078125
2020-01-04 07:00:00,89.16666666666667,96.95411682128906,86.16719270281874,96.95412,-7.787450154622391,7.787450154622391
2020-01-04 08:00:00,90.79166666666667,103.56443786621094,96.27710145487345,103.56444,-12.772771199544266,12.772771199544266
2020-01-04 09:00:00,91.45833333333333,104.55664825439453,94.51173520458099,104.55665,-13.098314921061203,13.098314921061203
2020-01-04 10:00:00,92.41666666666667,103.17262268066406,88.66683653637267,103.17262,-10.755956013997391,10.755956013997391
2020-01-04 11:00:00,93.29166666666667,108.98738098144531,95.6542537657107,108.98738,-15.695714314778641,15.695714314778641
2020-01-04 12:00:00,94.70833333333333,115.26114654541016,98.09322141497711,115.26115,-20.552813212076828,20.552813212076828
2020-01-04 13:00:00,96.25,113.0767593383789,96.15011829591027,113.07676,-16.826759338378906,16.826759338378906
2020-01-04 14:00:00,97.75,108.56402587890625,90.35687136133562,108.564026,-10.81402587890625,10.81402587890625
2020-01-04 15:00:00,99.625,113.428955078125,95.25666467957869,113.428955,-13.803955078125,13.803955078125
2020-01-04 16:00:00,101.125,109.33834838867188,94.03752096030149,109.33835,-8.213348388671875,8.213348388671875
2020-01-04 17:00:00,102.41666666666667,104.27201843261719,91.37196181603467,104.27202,-1.855351765950516,1.855351765950516
2020-01-04 18:00:00,103.16666666666667,112.34178161621094,101.81016808376329,112.34178,-9.175114949544266,9.175114949544266
2020-01-04 19:00:00,104.16666666666667,108.99320983886719,101.63959412712174,108.99321,-4.826543172200516,4.826543172200516
2020-01-04 20:00:00,104.25,112.66580200195312,103.15712533575108,112.6658,-8.415802001953125,8.415802001953125
2020-01-04 21:00:00,105.375,116.47480773925781,102.5508546663691,116.47481,-11.099807739257812,11.099807739257812
2020-01-04 22:00:00,106.25,124.25343322753906,105.2424754619211,124.25343,-18.003433227539062,18.003433227539062
2020-01-04 23:00:00,106.91666666666667,129.96641540527344,107.06854291307643,129.96642,-23.049748738606766,23.049748738606766
2020-01-05 00:00:00,107.91666666666667,131.64837646484375,106.3802484891903,131.64838,-23.73170979817708,23.73170979817708
2020-01-05 01:00:00,108.58333333333333,135.03945922851562,108.86119633557283,135.03946,-26.456125895182296,26.456125895182296
2020-01-05 02:00:00,106.95833333333333,140.01922607421875,113.25775290468579,140.01923,-33.06089274088542,33.06089274088542
2020-01-05 03:00:00,106.70833333333333,131.27645874023438,109.98401377969391,131.27646,-24.568125406901046,24.568125406901046
2020-01-05 04:00:00,106.20833333333333,139.63230895996094,114.19916738662747,139.63231,-33.42397562662761,33.42397562662761
2020-01-05 05:00:00,107.04166666666667,137.5606231689453,118.14610329409803,137.56062,-30.51895650227864,30.51895650227864
2020-01-05 06:00:00,106.83333333333333,138.21694946289062,116.85648474777756,138.21695,-31.383616129557296,31.383616129557296
2020-01-05 07:00:00,106.16666666666667,143.73721313476562,123.33824163163368,143.73721,-37.570546468098954,37.570546468098954
2020-01-05 08:00:00,105.45833333333333,144.85421752929688,131.19642685578822,144.85422,-39.395884195963546,39.395884195963546
2020-01-05 09:00:00,107.54166666666667,149.75003051757812,134.27754075977987,149.75003,-42.208363850911454,42.208363850911454
2020-01-05 10:00:00,109.33333333333333,143.5844268798828,128.24857584228985,143.58443,-34.251093546549484,34.251093546549484
2020-01-05 11:00:00,109.91666666666667,141.56637573242188,128.07535544977333,141.56638,-31.649709065755204,31.649709065755204
2020-01-05 12:00:00,109.70833333333333,144.34469604492188,132.48283062808764,144.3447,-34.636362711588546,34.636362711588546
2020-01-05 13:00:00,110.04166666666667,132.43453979492188,127.5441228267319,132.43454,-22.392873128255204,22.392873128255204
2020-01-05 14:00:00,110.91666666666667,123.4415283203125,112.3512736527918,123.44153,-12.524861653645829,12.524861653645829
2020-01-05 15:00:00,111.41666666666667,141.13458251953125,133.35444826511173,141.13458,-29.71791585286458,29.71791585286458
2020-01-05 16:00:00,111.91666666666667,138.1309814453125,133.34465016019232,138.13098,-26.21431477864583,26.21431477864583
2020-01-05 17:00:00,113.66666666666667,141.0749053955078,133.5459099553555,141.0749,-27.40823872884114,27.40823872884114
2020-01-05 18:00:00,116.83333333333333,137.79833984375,129.66677842286668,137.79834,-20.96500651041667,20.96500651041667
2020-01-05 19:00:00,120.25,133.54556274414062,131.105631980797,133.54556,-13.295562744140625,13.295562744140625
2020-01-05 20:00:00,123.58333333333333,137.83062744140625,132.00592650379284,137.83063,-14.247294108072921,14.247294108072921
2020-01-05 21:00:00,125.33333333333333,137.93386840820312,133.86390070710453,137.93387,-12.600535074869796,12.600535074869796
2020-01-05 22:00:00,127.33333333333333,142.15660095214844,136.487063017047,142.1566,-14.823267618815109,14.823267618815109
2020-01-05 23:00:00,128.70833333333334,142.04574584960938,136.84532026217136,142.04575,-13.337412516276032,13.337412516276032
2020-01-06 00:00:00,129.875,141.5667266845703,135.75927007062074,141.56673,-11.691726684570312,11.691726684570312
2020-01-06 01:00:00,131.0,142.80618286132812,138.2150504642425,142.80618,-11.806182861328125,11.806182861328125
2020-01-06 02:00:00,132.625,139.19223022460938,132.24619597849232,139.19223,-6.567230224609375,6.567230224609375
2020-01-06 03:00:00,134.375,140.98178100585938,138.1266091056596,140.98178,-6.606781005859375,6.606781005859375
2020-01-06 04:00:00,136.79166666666666,140.7152099609375,138.11395787910433,140.71521,-3.923543294270843,3.923543294270843
2020-01-06 05:00:00,138.75,138.33363342285156,139.89536399738913,138.33363,0.4163665771484375,0.4163665771484375
2020-01-06 06:00:00,141.0,149.44479370117188,147.13222064540867,149.4448,-8.444793701171875,8.444793701171875
2020-01-06 07:00:00,143.16666666666666,143.33706665039062,141.3083455277273,143.33707,-0.1703999837239678,0.1703999837239678
2020-01-06 08:00:00,145.70833333333334,143.3275146484375,142.24603516848214,143.32751,2.380818684895843,2.380818684895843
2020-01-06 09:00:00,148.5,142.476318359375,145.27119656712034,142.47632,6.023681640625,6.023681640625
2020-01-06 10:00:00,152.25,142.13705444335938,145.37788096161464,142.13705,10.112945556640625,10.112945556640625
2020-01-06 11:00:00,156.33333333333334,140.80502319335938,140.78255303687294,140.80502,15.528310139973968,15.528310139973968
2020-01-06 12:00:00,160.41666666666666,140.00616455078125,140.5062961668008,140.00616,20.410502115885407,20.410502115885407
2020-01-06 13:00:00,164.66666666666666,139.54269409179688,142.04316445945398,139.5427,25.123972574869782,25.123972574869782
2020-01-06 14:00:00,169.16666666666666,144.65261840820312,145.1359024335608,144.65262,24.514048258463532,24.514048258463532
2020-01-06 15:00:00,173.41666666666666,153.11184692382812,144.82236081372002,153.11185,20.304819742838532,20.304819742838532
2020-01-06 16:00:00,177.20833333333334,150.99427795410156,143.1566351685279,150.99428,26.21405537923178,26.21405537923178
2020-01-06 17:00:00,179.58333333333334,154.88970947265625,147.7085348160367,154.88971,24.693623860677093,24.693623860677093
2020-01-06 18:00:00,180.91666666666666,156.64329528808594,148.6814641593884,156.6433,24.27337137858072,24.27337137858072
2020-01-06 19:00:00,180.95833333333334,158.7183074951172,150.04161857334046,158.7183,22.240025838216155,22.240025838216155
2020-01-06 20:00:00,180.95833333333334,161.68319702148438,151.19942572648276,161.6832,19.275136311848968,19.275136311848968
2020-01-06 21:00:00,182.66666666666666,161.47698974609375,153.83108420929335,161.47699,21.189676920572907,21.189676920572907
2020-01-06 22:00:00,182.95833333333334,159.59584045410156,154.55018279187578,159.59584,23.36249287923178,23.36249287923178
2020-01-06 23:00:00,182.29166666666666,153.77252197265625,154.7796357623892,153.77252,28.519144694010407,28.519144694010407
2020-01-07 00:00:00,183.25,152.51132202148438,154.9379236362411,152.51132,30.738677978515625,30.738677978515625
2020-01-07 01:00:00,183.58333333333334,150.45108032226562,155.0532948680013,150.45108,33.13225301106772,33.13225301106772
2020-01-07 02:00:00,182.83333333333334,153.87677001953125,153.8632237306419,153.87677,28.956563313802093,28.956563313802093
2020-01-07 03:00:00,182.0,157.51272583007812,158.62759375652504,157.51273,24.487274169921875,24.487274169921875
2020-01-07 04:00:00,180.75,159.68759155273438,158.4264999989877,159.68759,21.062408447265625,21.062408447265625
2020-01-07 05:00:00,178.91666666666666,165.65402221679688,161.69641592973232,165.65402,13.262644449869782,13.262644449869782
2020-01-07 06:00:00,176.45833333333334,155.34262084960938,157.67320281139834,155.34262,21.115712483723968,21.115712483723968
2020-01-07 07:00:00,173.25,163.62432861328125,162.7505896997919,163.62433,9.62567138671875,9.62567138671875
2020-01-07 08:00:00,169.04166666666666,164.5557403564453,163.97613183729615,164.55574,4.485926310221345,4.485926310221345
2020-01-07 09:00:00,165.25,171.78228759765625,172.3906669384801,171.78229,-6.53228759765625,6.53228759765625
2020-01-07 10:00:00,161.79166666666666,177.70703125,174.7469132985883,177.70703,-15.915364583333343,15.915364583333343
2020-01-07 11:00:00,158.66666666666666,180.59056091308594,177.8984631590911,180.59056,-21.92389424641928,21.92389424641928
2020-01-07 12:00:00,156.0,184.26022338867188,182.70004294287767,184.26022,-28.260223388671875,28.260223388671875
2020-01-07 13:00:00,152.625,185.02963256835938,184.05064299998946,185.02963,-32.404632568359375,32.404632568359375
2020-01-07 14:00:00,148.41666666666666,185.3837432861328,184.77938959680205,185.38374,-36.967076619466155,36.967076619466155
2020-01-07 15:00:00,144.125,184.4114990234375,189.11403646130765,184.4115,-40.2864990234375,40.2864990234375
2020-01-07 16:00:00,141.0,193.79586791992188,192.5278018382479,193.79587,-52.795867919921875,52.795867919921875
2020-01-07 17:00:00,138.58333333333334,190.0378875732422,189.4159039526753,190.03789,-51.454554239908845,51.454554239908845
2020-01-07 18:00:00,136.54166666666666,184.427978515625,187.53634685140625,184.42798,-47.88631184895834,47.88631184895834
2020-01-07 19:00:00,135.16666666666666,180.48191833496094,183.03062616405072,180.48192,-45.31525166829428,45.31525166829428
2020-01-07 20:00:00,133.58333333333334,182.70013427734375,182.70560574453324,182.70013,-49.11680094401041,49.11680094401041
2020-01-07 21:00:00,131.33333333333334,189.43917846679688,187.4226509019002,189.43918,-58.10584513346353,58.10584513346353
2020-01-07 22:00:00,130.41666666666666,179.8829345703125,180.861866406173,179.88293,-49.46626790364584,49.46626790364584
2020-01-07 23:00:00,130.875,172.8318328857422,171.73606722606212,172.83183,-41.95683288574219,41.95683288574219
2020-01-08 00:00:00,129.91666666666666,179.7813262939453,183.0213044313396,179.78133,-49.864659627278655,49.864659627278655
2020-01-08 01:00:00,130.41666666666666,182.19094848632812,181.5060861201794,182.19095,-51.77428181966147,51.77428181966147
2020-01-08 02:00:00,131.58333333333334,175.85430908203125,171.08518573571098,175.85431,-44.27097574869791,44.27097574869791
2020-01-08 03:00:00,133.45833333333334,177.3148956298828,169.74392368386623,177.3149,-43.85656229654947,43.85656229654947
2020-01-08 04:00:00,136.20833333333334,175.69728088378906,168.36706223565554,175.69728,-39.48894755045572,39.48894755045572
2020-01-08 05:00:00,139.04166666666666,170.84732055664062,163.43394714075572,170.84732,-31.805653889973968,31.805653889973968
2020-01-08 06:00:00,143.0,176.5191650390625,169.3904548527374,176.51917,-33.5191650390625,33.5191650390625
2020-01-08 07:00:00,146.83333333333334,176.02951049804688,166.18547670902834,176.02951,-29.196177164713532,29.196177164713532
2020-01-08 08:00:00,151.25,172.0609130859375,167.5787388489628,172.06091,-20.8109130859375,20.8109130859375
2020-01-08 09:00:00,153.08333333333334,175.22830200195312,169.98488381738588,175.2283,-22.144968668619782,22.144968668619782
2020-01-08 10:00:00,154.04166666666666,177.31423950195312,171.25312274304625,177.31424,-23.272572835286468,23.272572835286468
2020-01-08 11:00:00,154.375,179.560791015625,172.22038529695402,179.56079,-25.185791015625,25.185791015625
2020-01-08 12:00:00,154.08333333333334,184.80978393554688,175.44620611568288,184.80978,-30.726450602213532,30.726450602213532
2020-01-08 13:00:00,154.875,180.25286865234375,171.6959202473472,180.25287,-25.37786865234375,25.37786865234375
2020-01-08 14:00:00,155.66666666666666,175.29222106933594,165.20843116708926,175.29222,-19.62555440266928,19.62555440266928
2020-01-08 15:00:00,154.54166666666666,172.44290161132812,166.5957108727884,172.4429,-17.901234944661468,17.901234944661468
2020-01-08 16:00:00,153.33333333333334,175.4464111328125,169.5183607020636,175.44641,-22.113077799479157,22.113077799479157
2020-01-08 17:00:00,152.79166666666666,160.31947326660156,154.43536475654645,160.31947,-7.527806599934905,7.527806599934905
2020-01-08 18:00:00,154.75,164.3568115234375,160.70409087528043,164.35681,-9.6068115234375,9.6068115234375
2020-01-08 19:00:00,156.66666666666666,164.1048583984375,157.86149517281973,164.10486,-7.438191731770843,7.438191731770843
2020-01-08 20:00:00,160.29166666666666,162.67138671875,156.8403728277929,162.67139,-2.379720052083343,2.379720052083343
2020-01-08 21:00:00,162.08333333333334,156.46463012695312,153.2621221491394,156.46463,5.618703206380218,5.618703206380218
2020-01-08 22:00:00,164.08333333333334,163.2119598388672,158.83377099548196,163.21196,0.8713734944661553,0.8713734944661553
2020-01-08 23:00:00,165.16666666666666,171.85035705566406,166.29654910623157,171.85036,-6.683690388997405,6.683690388997405
2020-01-09 00:00:00,167.20833333333334,157.966064453125,151.55595630596272,157.96606,9.242268880208343,9.242268880208343
2020-01-09 01:00:00,166.54166666666666,170.07582092285156,166.7618132796423,170.07582,-3.5341542561849053,3.5341542561849053
2020-01-09 02:00:00,164.58333333333334,173.65447998046875,165.05575536787728,173.65448,-9.071146647135407,9.071146647135407
2020-01-09 03:00:00,162.25,177.10440063476562,170.8295033953574,177.1044,-14.854400634765625,14.854400634765625
2020-01-09 04:00:00,159.20833333333334,176.51290893554688,171.17009804896924,176.51291,-17.304575602213532,17.304575602213532
2020-01-09 05:00:00,156.625,174.10440063476562,168.2866898933554,174.1044,-17.479400634765625,17.479400634765625
2020-01-09 06:00:00,154.29166666666666,148.693603515625,149.93832453308863,148.6936,5.598063151041657,5.598063151041657
2020-01-09 07:00:00,153.16666666666666,147.6739959716797,139.28705268725827,147.674,5.49267069498697,5.49267069498697
2020-01-09 08:00:00,151.95833333333334,158.61077880859375,157.87698318070315,158.61078,-6.652445475260407,6.652445475260407
2020-01-09 09:00:00,152.33333333333334,153.88153076171875,150.04692620596123,153.88153,-1.5481974283854072,1.5481974283854072
2020-01-09 10:00:00,152.08333333333334,150.17794799804688,150.8603124067748,150.17795,1.9053853352864678,1.9053853352864678
2020-01-09 11:00:00,151.5,153.8631591796875,152.1505767126753,153.86316,-2.3631591796875,2.3631591796875
2020-01-09 12:00:00,150.5,163.52053833007812,159.44282230876036,163.52054,-13.020538330078125,13.020538330078125
2020-01-09 13:00:00,147.66666666666666,168.18521118164062,160.73315571521806,168.18521,-20.518544514973968,20.518544514973968
2020-01-09 14:00:00,145.625,164.53102111816406,158.11381672707464,164.53102,-18.906021118164062,18.906021118164062
2020-01-09 15:00:00,146.20833333333334,159.3251953125,150.69751948641348,159.3252,-13.116861979166657,13.116861979166657
2020-01-09 16:00:00,147.08333333333334,160.8917236328125,153.80836153513735,160.89172,-13.808390299479157,13.808390299479157
2020-01-09 17:00:00,147.66666666666666,136.03526306152344,130.1411060601813,136.03526,11.63140360514322,11.63140360514322
2020-01-09 18:00:00,146.08333333333334,153.72122192382812,147.52547806440708,153.72122,-7.637888590494782,7.637888590494782
2020-01-09 19:00:00,144.83333333333334,166.1397705078125,162.82235052534566,166.13977,-21.306437174479157,21.306437174479157
2020-01-09 20:00:00,142.875,180.263916015625,176.34597997329294,180.26392,-37.388916015625,37.388916015625
2020-01-09 21:00:00,142.75,178.69577026367188,167.40427586185734,178.69577,-35.945770263671875,35.945770263671875
2020-01-09 22:00:00,141.79166666666666,176.41839599609375,170.72425998536522,176.4184,-34.62672932942709,34.62672932942709
2020-01-09 23:00:00,141.58333333333334,169.64096069335938,169.8769773490387,169.64096,-28.057627360026032,28.057627360026032
2020-01-10 00:00:00,139.66666666666666,179.29708862304688,177.4173578550757,179.29709,-39.63042195638022,39.63042195638022
2020-01-10 01:00:00,140.04166666666666,172.88095092773438,165.20860578020552,172.88095,-32.83928426106772,32.83928426106772
2020-01-10 02:00:00,141.33333333333334,162.31007385253906,159.80407629486044,162.31007,-20.97674051920572,20.97674051920572
2020-01-10 03:00:00,142.125,160.5647735595703,155.5125540326978,160.56477,-18.439773559570312,18.439773559570312
2020-01-10 04:00:00,142.95833333333334,153.4224853515625,149.33324515808553,153.42249,-10.464152018229157,10.464152018229157
2020-01-10 05:00:00,143.66666666666666,143.73403930664062,140.91674077860952,143.73404,-0.06737263997396781,0.06737263997396781
2020-01-10 06:00:00,143.66666666666666,146.32485961914062,146.38555311057448,146.32486,-2.658192952473968,2.658192952473968
2020-01-10 07:00:00,143.45833333333334,153.89007568359375,149.89561770327248,153.89008,-10.431742350260407,10.431742350260407
2020-01-10 08:00:00,143.41666666666666,152.16693115234375,146.3178062911735,152.16693,-8.750264485677093,8.750264485677093
2020-01-10 09:00:00,143.25,152.2996826171875,147.37479006551635,152.29968,-9.0496826171875,9.0496826171875
2020-01-10 10:00:00,144.125,143.49008178710938,143.1616201588254,143.49008,0.634918212890625,0.634918212890625
2020-01-10 11:00:00,145.66666666666666,133.39859008789062,134.37740120766065,133.39859,12.268076578776032,12.268076578776032
2020-01-10 12:00:00,148.625,131.84222412109375,131.06178012537504,131.84222,16.78277587890625,16.78277587890625
2020-01-10 13:00:00,152.95833333333334,123.69001770019531,123.63107963902196,123.69002,29.26831563313803,29.26831563313803
2020-01-10 14:00:00,156.66666666666666,136.3245849609375,133.30058909461457,136.32458,20.342081705729157,20.342081705729157
2020-01-10 15:00:00,159.91666666666666,146.96023559570312,144.24520880874374,146.96024,12.956431070963532,12.956431070963532
2020-01-10 16:00:00,165.75,142.27618408203125,144.5083437718157,142.27618,23.47381591796875,23.47381591796875
2020-01-10 17:00:00,167.66666666666666,142.9429931640625,144.39989692526558,142.943,24.723673502604157,24.723673502604157
2020-01-10 18:00:00,168.375,139.69708251953125,140.15311809207773,139.69708,28.67791748046875,28.67791748046875
2020-01-10 19:00:00,169.33333333333334,146.6665496826172,143.89899577336948,146.66655,22.666783650716155,22.666783650716155
2020-01-10 20:00:00,169.70833333333334,147.58511352539062,152.5914196758192,147.58511,22.123219807942718,22.123219807942718
2020-01-10 21:00:00,170.875,151.6468505859375,159.1133387324039,151.64685,19.2281494140625,19.2281494140625
2020-01-10 22:00:00,173.0,150.89175415039062,154.99065935106643,150.89175,22.108245849609375,22.108245849609375
2020-01-10 23:00:00,175.375,157.48342895507812,162.44069947427042,157.48343,17.891571044921875,17.891571044921875
2020-01-11 00:00:00,178.04166666666666,148.17234802246094,143.3275498087778,148.17235,29.86931864420572,29.86931864420572
2020-01-11 01:00:00,177.91666666666666,148.34548950195312,140.36004920239566,148.34549,29.571177164713532,29.571177164713532
2020-01-11 02:00:00,177.58333333333334,146.20965576171875,139.04560608861283,146.20966,31.373677571614593,31.373677571614593
2020-01-11 03:00:00,177.45833333333334,147.75157165527344,136.54812565130808,147.75157,29.706761678059905,29.706761678059905
2020-01-11 04:00:00,177.5,152.25912475585938,149.02271968018948,152.25912,25.240875244140625,25.240875244140625
2020-01-11 05:00:00,177.625,152.11170959472656,150.04773106526451,152.11171,25.513290405273438,25.513290405273438
2020-01-11 06:00:00,177.875,149.8651123046875,148.24113232427027,149.86511,28.0098876953125,28.0098876953125
2020-01-11 07:00:00,177.875,149.01016235351562,149.46823526242642,149.01016,28.864837646484375,28.864837646484375
2020-01-11 08:00:00,178.0,150.5606689453125,149.69187288256742,150.56067,27.4393310546875,27.4393310546875
2020-01-11 09:00:00,178.25,152.2928924560547,151.22986000730435,152.2929,25.957107543945312,25.957107543945312
2020-01-11 10:00:00,178.375,151.03785705566406,146.69250669186195,151.03786,27.337142944335938,27.337142944335938
2020-01-11 11:00:00,178.66666666666666,152.3275146484375,151.1054861576818,152.32751,26.339152018229157,26.339152018229157
2020-01-11 12:00:00,178.83333333333334,155.9271240234375,156.09589066637076,155.92712,22.906209309895843,22.906209309895843
2020-01-11 13:00:00,179.20833333333334,159.62643432617188,161.18385638204504,159.62643,19.581899007161468,19.581899007161468
2020-01-11 14:00:00,180.54166666666666,156.7145233154297,157.2087979064164,156.71452,23.82714335123697,23.82714335123697
2020-01-11 15:00:00,182.58333333333334,158.40576171875,158.68121715578914,158.40576,24.177571614583343,24.177571614583343
2020-01-11 16:00:00,182.29166666666666,165.38389587402344,167.3604843938299,165.3839,16.90777079264322,16.90777079264322
2020-01-11 17:00:00,184.58333333333334,163.45904541015625,161.54527221664114,163.45905,21.124287923177093,21.124287923177093
2020-01-11 18:00:00,186.75,157.873291015625,154.5470534681123,157.87329,28.876708984375,28.876708984375
2020-01-11 19:00:00,187.58333333333334,167.0429229736328,164.72527891423812,167.04292,20.54041035970053,20.54041035970053
2020-01-11 20:00:00,190.20833333333334,166.02828979492188,163.5985982210374,166.02829,24.180043538411468,24.180043538411468
2020-01-11 21:00:00,192.375,174.296630859375,174.86592198511275,174.29663,18.078369140625,18.078369140625
2020-01-11 22:00:00,194.79166666666666,182.56027221679688,180.43751139286582,182.56027,12.231394449869782,12.231394449869782
2020-01-11 23:00:00,198.75,182.70965576171875,182.17684228341864,182.70966,16.04034423828125,16.04034423828125
2020-01-12 00:00:00,201.75,177.47109985351562,179.67744438614395,177.4711,24.278900146484375,24.278900146484375
2020-01-12 01:00:00,205.16666666666666,158.54580688476562,162.0472452482947,158.5458,46.62085978190103,46.62085978190103
2020-01-12 02:00:00,207.45833333333334,146.477294921875,146.72413138416408,146.4773,60.98103841145834,60.98103841145834
2020-01-12 03:00:00,208.625,146.02117919921875,144.67951005458107,146.02118,62.60382080078125,62.60382080078125
2020-01-12 04:00:00,209.5,143.36123657226562,143.81696003216223,143.36124,66.13876342773438,66.13876342773438
2020-01-12 05:00:00,210.58333333333334,148.50050354003906,143.79561047121092,148.5005,62.08282979329428,62.08282979329428
2020-01-12 06:00:00,211.29166666666666,150.71841430664062,152.89226960582198,150.71841,60.57325236002603,60.57325236002603
2020-01-12 07:00:00,212.125,151.39044189453125,154.88790047367323,151.39044,60.73455810546875,60.73455810546875
2020-01-12 08:00:00,212.625,152.59054565429688,152.9634571473862,152.59055,60.034454345703125,60.034454345703125
2020-01-12 09:00:00,214.58333333333334,152.9156036376953,147.58213859193285,152.9156,61.66772969563803,61.66772969563803
2020-01-12 10:00:00,217.375,158.35723876953125,156.58717603444387,158.35724,59.01776123046875,59.01776123046875
2020-01-12 11:00:00,219.75,161.6625518798828,158.50134797738374,161.66255,58.08744812011719,58.08744812011719
2020-01-12 12:00:00,221.375,163.751953125,164.23650292363533,163.75195,57.623046875,57.623046875
2020-01-12 13:00:00,223.375,166.0562744140625,169.19111665437313,166.05627,57.3187255859375,57.3187255859375
2020-01-12 14:00:00,223.625,174.84109497070312,174.21122468699204,174.8411,48.783905029296875,48.783905029296875
2020-01-12 15:00:00,222.20833333333334,184.48716735839844,178.5332149516393,184.48717,37.721165974934905,37.721165974934905
2020-01-12 16:00:00,219.20833333333334,189.88937377929688,179.0063787748092,189.88937,29.318959554036468,29.318959554036468
2020-01-12 17:00:00,216.875,183.1391143798828,173.4708863967813,183.13911,33.73588562011719,33.73588562011719
2020-01-12 18:00:00,214.875,185.94873046875,175.478031985047,185.94873,28.92626953125,28.92626953125
2020-01-12 19:00:00,213.54166666666666,188.9771728515625,177.59890158416843,188.97717,24.564493815104157,24.564493815104157
2020-01-12 20:00:00,214.5,181.61334228515625,184.63084124040796,181.61334,32.88665771484375,32.88665771484375
2020-01-12 21:00:00,220.16666666666666,174.38809204101562,180.8870003051615,174.38809,45.77857462565103,45.77857462565103
2020-01-12 22:00:00,225.97645833333323,170.90773010253906,182.23104054399084,170.90773,55.068728230794164,55.068728230794164
2020-01-12 23:00:00,224.80979166666657,173.120361328125,189.8676002421019,173.12036,51.68943033854157,51.68943033854157
2020-01-13 00:00:00,225.55979166666657,181.34188842773438,186.90054356426873,181.34189,44.217903238932195,44.217903238932195
2020-01-13 01:00:00,228.05979166666657,175.29208374023438,185.51033612893337,175.29208,52.767707926432195,52.767707926432195
2020-01-13 02:00:00,237.49458333333314,177.46124267578125,187.48445712203213,177.46124,60.03334065755189,60.03334065755189
2020-01-13 03:00:00,242.07791666666648,170.4935302734375,183.53203008988527,170.49353,71.58438639322898,71.58438639322898
2020-01-13 04:00:00,248.45291666666648,168.63983154296875,178.83726874833226,168.63983,79.81308512369773,79.81308512369773
2020-01-13 05:00:00,255.24458333333314,172.48211669921875,179.84982465040244,172.48212,82.76246663411439,82.76246663411439
2020-01-13 06:00:00,260.4112499999998,172.8266143798828,176.23834262560592,172.82661,87.58463562011701,87.58463562011701
2020-01-13 07:00:00,263.6612499999998,174.75930786132812,178.60195650721332,174.75931,88.9019421386717,88.9019421386717
2020-01-13 08:00:00,264.07791666666645,179.35107421875,183.38150569688193,179.35107,84.72684244791645,84.72684244791645
2020-01-13 09:00:00,261.49458333333314,190.29843139648438,189.07697463025616,190.29843,71.19615193684876,71.19615193684876
2020-01-13 10:00:00,258.61958333333314,195.060302734375,194.9010444338548,195.0603,63.55928059895814,63.55928059895814
2020-01-13 11:00:00,256.20291666666645,193.6097412109375,191.98378867093246,193.60974,62.593175455728954,62.593175455728954
2020-01-13 12:00:00,252.7862499999998,188.4443359375,192.75242298382437,188.44434,64.3419140624998,64.3419140624998
2020-01-13 13:00:00,249.49458333333314,185.65716552734375,190.27614867847896,185.65717,63.83741780598939,63.83741780598939
2020-01-13 14:00:00,247.9112499999998,186.22633361816406,192.81853860065297,186.22633,61.684916381835734,61.684916381835734
2020-01-13 15:00:00,248.07791666666648,183.92047119140625,187.93322896130888,183.92047,64.15744547526023,64.15744547526023
2020-01-13 16:00:00,249.20291666666648,184.17355346679688,185.99587144511437,184.17355,65.02936319986961,65.02936319986961
2020-01-13 17:00:00,249.49458333333314,183.714599609375,181.926621858644,183.7146,65.77998372395814,65.77998372395814
2020-01-13 18:00:00,251.32791666666648,176.55429077148438,180.03836021888705,176.55429,74.77362589518211,74.77362589518211
2020-01-13 19:00:00,254.32791666666648,174.28585815429688,180.097502139825,174.28586,80.04205851236961,80.04205851236961
2020-01-13 20:00:00,256.36958333333314,186.338134765625,194.03822349483482,186.33813,70.03144856770814,70.03144856770814
2020-01-13 21:00:00,252.45291666666648,213.7901611328125,198.19384832201328,213.79016,38.66275553385398,38.66275553385398
2020-01-13 22:00:00,245.85145833333323,207.83798217773438,205.07975046196202,207.83798,38.01347615559885,38.01347615559885
2020-01-13 23:00:00,246.3931249999999,188.64964294433594,194.92865441886943,188.64964,57.743482055663975,57.743482055663975
2020-01-14 00:00:00,243.8931249999999,195.92694091796875,200.0319446863158,195.92694,47.96618408203116,47.96618408203116
2020-01-14 01:00:00,243.5181249999999,201.52130126953125,205.39005983143423,201.5213,41.99682373046866,41.99682373046866
2020-01-14 02:00:00,240.0,228.93048095703125,222.82582373149805,228.93048,11.06951904296875,11.06951904296875
2020-01-14 03:00:00,242.58333333333334,216.01901245117188,212.48910906680135,216.01901,26.564320882161468,26.564320882161468
2020-01-14 04:00:00,242.625,219.31790161132812,217.2313659928201,219.3179,23.307098388671875,23.307098388671875
2020-01-14 05:00:00,239.75,215.97479248046875,220.07495391184608,215.9748,23.77520751953125,23.77520751953125
2020-01-14 06:00:00,238.70833333333334,208.50527954101562,208.95575369666741,208.50528,30.203053792317718,30.203053792317718
2020-01-14 07:00:00,237.66666666666666,203.3636474609375,202.26640338969418,203.36365,34.30301920572916,34.30301920572916
2020-01-14 08:00:00,239.66666666666666,197.42962646484375,199.60794663356083,197.42963,42.23704020182291,42.23704020182291
2020-01-14 09:00:00,245.375,185.99331665039062,187.87113156749496,185.99332,59.381683349609375,59.381683349609375
2020-01-14 10:00:00,255.45833333333334,182.07827758789062,182.41606842922215,182.07828,73.38005574544272,73.38005574544272
2020-01-14 11:00:00,260.25,186.4703369140625,185.28711071978046,186.47034,73.7796630859375,73.7796630859375
2020-01-14 12:00:00,260.6666666666667,187.6473846435547,187.74355532508068,187.64738,73.019282023112,73.019282023112
2020-01-14 13:00:00,261.75,187.84146118164062,194.90647851008598,187.84146,73.90853881835938,73.90853881835938
2020-01-14 14:00:00,262.0,184.27896118164062,194.01471935713607,184.27896,77.72103881835938,77.72103881835938
2020-01-14 15:00:00,261.3333333333333,189.06375122070312,206.3007056703888,189.06375,72.26958211263019,72.26958211263019
2020-01-14 16:00:00,258.625,189.5382080078125,202.5428709672016,189.53821,69.0867919921875,69.0867919921875
2020-01-14 17:00:00,257.7916666666667,170.81869506835938,182.24360122764563,170.8187,86.97297159830731,86.97297159830731
2020-01-14 18:00:00,256.125,179.28829956054688,191.50755298124187,179.2883,76.83670043945312,76.83670043945312
2020-01-14 19:00:00,254.25,182.002197265625,194.32668409584633,182.0022,72.247802734375,72.247802734375
2020-01-14 20:00:00,253.33333333333334,184.3757781982422,196.84286981380737,184.37578,68.95755513509116,68.95755513509116
2020-01-14 21:00:00,258.1431249999999,185.21156311035156,194.71837171133294,185.21156,72.93156188964832,72.93156188964832
2020-01-14 22:00:00,261.10145833333326,181.98788452148438,199.3121076456928,181.98788,79.11357381184888,79.11357381184888
2020-01-14 23:00:00,261.6431249999999,190.91842651367188,203.23470014085103,190.91843,70.72469848632801,70.72469848632801
2020-01-15 00:00:00,260.55979166666657,190.02117919921875,201.05941448030822,190.02118,70.53861246744782,70.53861246744782
2020-01-15 01:00:00,258.43479166666657,206.72076416015625,209.09666597412902,206.72076,51.71402750651032,51.71402750651032
2020-01-15 02:00:00,253.97645833333323,216.83111572265625,217.36231322220908,216.83112,37.14534261067698,37.14534261067698
2020-01-15 03:00:00,254.1431249999999,219.90768432617188,230.9558431724177,219.90768,34.23544067382804,34.23544067382804
2020-01-15 04:00:00,252.47645833333323,213.62222290039062,228.04652839832266,213.62222,38.8542354329426,38.8542354329426
2020-01-15 05:00:00,252.85145833333323,211.70101928710938,224.11182683345743,211.70102,41.15043904622385,41.15043904622385
2020-01-15 06:00:00,253.97645833333323,217.53204345703125,225.71417275816444,217.53204,36.44441487630198,36.44441487630198
2020-01-15 07:00:00,257.1431249999999,209.994384765625,217.83462167581075,209.99438,47.148740234374884,47.148740234374884
2020-01-15 08:00:00,256.68479166666657,206.45309448242188,216.50017052608206,206.4531,50.231697184244695,50.231697184244695
2020-01-15 09:00:00,255.18479166666657,214.22967529296875,220.29054804268998,214.22968,40.95511637369782,40.95511637369782
2020-01-15 10:00:00,247.43479166666657,222.77560424804688,226.8786604522556,222.7756,24.659187418619695,24.659187418619695
2020-01-15 11:00:00,241.7681249999999,206.22744750976562,213.98120750029685,206.22745,35.54067749023429,35.54067749023429
2020-01-15 12:00:00,241.5181249999999,202.56768798828125,205.95443056276704,202.56769,38.95043701171866,38.95043701171866
2020-01-15 13:00:00,239.43479166666657,198.77230834960938,207.67752401440276,198.77231,40.662483317057195,40.662483317057195
2020-01-15 14:00:00,237.85145833333323,198.52395629882812,211.72671823589255,198.52396,39.3275020345051,39.3275020345051
2020-01-15 15:00:00,236.22645833333323,206.6473388671875,214.28324875682014,206.64734,29.579119466145727,29.579119466145727
2020-01-15 16:00:00,236.5181249999999,199.15008544921875,200.5734815363013,199.15009,37.36803955078116,37.36803955078116
2020-01-15 17:00:00,236.0181249999999,198.20526123046875,192.16874653747524,198.20526,37.81286376953116,37.81286376953116
2020-01-15 18:00:00,236.05979166666657,198.1868896484375,192.09703108630276,198.18689,37.87290201822907,37.87290201822907
2020-01-15 19:00:00,236.68479166666657,201.97256469726562,195.86644924373365,201.97256,34.712226969400945,34.712226969400945
2020-01-15 20:00:00,232.10145833333323,203.643310546875,199.4080132007782,203.64331,28.458147786458227,28.458147786458227
2020-01-15 21:00:00,224.625,204.58889770507812,206.88159445822455,204.5889,20.036102294921875,20.036102294921875
2020-01-15 22:00:00,217.75,192.09091186523438,198.36533503304696,192.09091,25.659088134765625,25.659088134765625
2020-01-15 23:00:00,211.83333333333334,203.90878295898438,203.83290537371536,203.90878,7.924550374348968,7.924550374348968
2020-01-16 00:00:00,208.83333333333334,195.60687255859375,196.13420418629065,195.60687,13.226460774739593,13.226460774739593
2020-01-16 01:00:00,206.33333333333334,195.41989135742188,195.05810769124068,195.41989,10.913441975911468,10.913441975911468
2020-01-16 02:00:00,207.45833333333334,183.9993896484375,193.6767014357439,183.99939,23.458943684895843,23.458943684895843
2020-01-16 03:00:00,199.58333333333334,202.00534057617188,209.08903776782142,202.00534,-2.422007242838532,2.422007242838532
2020-01-16 04:00:00,193.5,197.38534545898438,204.98214757888613,197.38535,-3.885345458984375,3.885345458984375
2020-01-16 05:00:00,188.08333333333334,198.92288208007812,207.6694467463312,198.92288,-10.839548746744782,10.839548746744782
2020-01-16 06:00:00,183.04166666666666,209.60714721679688,208.71357180608987,209.60715,-26.565480550130218,26.565480550130218
2020-01-16 07:00:00,179.375,213.65045166015625,213.16981545425938,213.65045,-34.27545166015625,34.27545166015625
2020-01-16 08:00:00,177.70833333333334,197.53521728515625,196.67448996631921,197.53522,-19.826883951822907,19.826883951822907
2020-01-16 09:00:00,172.45833333333334,204.134765625,204.78598747445145,204.13477,-31.676432291666657,31.676432291666657
2020-01-16 10:00:00,167.5,194.04949951171875,194.68195076762163,194.0495,-26.54949951171875,26.54949951171875
2020-01-16 11:00:00,164.41666666666666,189.5205535888672,186.55376810925918,189.52055,-25.10388692220053,25.10388692220053
2020-01-16 12:00:00,160.875,200.53030395507812,196.22837115150716,200.5303,-39.655303955078125,39.655303955078125
2020-01-16 13:00:00,157.04166666666666,206.66744995117188,200.07687028601904,206.66745,-49.62578328450522,49.62578328450522
2020-01-16 14:00:00,153.79166666666666,209.6065673828125,200.87510683994194,209.60657,-55.81490071614584,55.81490071614584
2020-01-16 15:00:00,150.45833333333334,204.9263916015625,198.37468147544487,204.92639,-54.46805826822916,54.46805826822916
2020-01-16 16:00:00,147.125,201.71609497070312,204.08301503597676,201.7161,-54.591094970703125,54.591094970703125
2020-01-16 17:00:00,144.29166666666666,203.5096435546875,189.83060939571263,203.50964,-59.21797688802084,59.21797688802084
2020-01-16 18:00:00,141.5,213.12384033203125,205.7291531271826,213.12384,-71.62384033203125,71.62384033203125
2020-01-16 19:00:00,137.95833333333334,207.83407592773438,204.45938100621953,207.83408,-69.87574259440103,69.87574259440103
2020-01-16 20:00:00,135.04166666666666,185.10882568359375,184.31113888869103,185.10883,-50.06715901692709,50.06715901692709
2020-01-16 21:00:00,128.79166666666666,186.65371704101562,191.06039928449917,186.65372,-57.86205037434897,57.86205037434897
2020-01-16 22:00:00,127.25,173.19418334960938,184.92645662296684,173.19418,-45.944183349609375,45.944183349609375
2020-01-16 23:00:00,130.41666666666666,174.10708618164062,181.3225438970237,174.10709,-43.69041951497397,43.69041951497397
2020-01-17 00:00:00,138.04166666666666,171.32470703125,174.82519349502786,171.3247,-33.28304036458334,33.28304036458334
2020-01-17 01:00:00,136.625,180.83377075195312,184.12527972077203,180.83377,-44.208770751953125,44.208770751953125
2020-01-17 02:00:00,132.5,192.1568603515625,198.7528485638596,192.15686,-59.6568603515625,59.6568603515625
2020-01-17 03:00:00,134.83333333333334,177.10797119140625,178.78098918456695,177.10797,-42.27463785807291,42.27463785807291
2020-01-17 04:00:00,141.875,169.03958129882812,172.67637725640316,169.03958,-27.164581298828125,27.164581298828125
2020-01-17 05:00:00,140.58333333333334,164.35443115234375,170.9323067441471,164.35443,-23.771097819010407,23.771097819010407
2020-01-17 06:00:00,141.5,173.25967407226562,167.7150050572303,173.25967,-31.759674072265625,31.759674072265625
2020-01-17 07:00:00,139.25,178.66708374023438,174.53942033208614,178.66708,-39.417083740234375,39.417083740234375
2020-01-17 08:00:00,139.75,172.8447265625,167.56692703977237,172.84473,-33.0947265625,33.0947265625
2020-01-17 09:00:00,140.25,156.88812255859375,156.62683135332622,156.88812,-16.63812255859375,16.63812255859375
2020-01-17 10:00:00,140.875,162.3187255859375,161.38709331008866,162.31873,-21.4437255859375,21.4437255859375
2020-01-17 11:00:00,141.625,157.39581298828125,151.4055446591306,157.39581,-15.77081298828125,15.77081298828125
2020-01-17 12:00:00,142.58333333333334,165.42520141601562,156.54745934014787,165.4252,-22.841868082682282,22.841868082682282
2020-01-17 13:00:00,144.08333333333334,171.7041015625,159.8135338407722,171.7041,-27.620768229166657,27.620768229166657
2020-01-17 14:00:00,144.375,171.46731567382812,155.86891009093873,171.46732,-27.092315673828125,27.092315673828125
2020-01-17 15:00:00,144.91666666666666,170.53268432617188,157.12752386519486,170.53268,-25.616017659505218,25.616017659505218
2020-01-17 16:00:00,145.58333333333334,165.833251953125,154.2434877370239,165.83325,-20.249918619791657,20.249918619791657
2020-01-17 17:00:00,147.08333333333334,168.71920776367188,164.22378673702008,168.71921,-21.635874430338532,21.635874430338532
2020-01-17 18:00:00,148.16666666666666,154.82070922851562,146.5389867534959,154.82071,-6.654042561848968,6.654042561848968
2020-01-17 19:00:00,149.75,154.0059051513672,144.50965927984626,154.0059,-4.2559051513671875,4.2559051513671875
2020-01-17 20:00:00,153.79166666666666,157.1084747314453,144.62396278356815,157.10847,-3.3168080647786553,3.3168080647786553
2020-01-17 21:00:00,160.875,154.0030059814453,142.54657650118378,154.003,6.8719940185546875,6.8719940185546875
2020-01-17 22:00:00,169.66666666666666,154.527099609375,144.2318977455418,154.5271,15.139567057291657,15.139567057291657
2020-01-17 23:00:00,167.58333333333334,172.39410400390625,166.06629843814048,172.3941,-4.810770670572907,4.810770670572907
2020-01-18 00:00:00,168.54166666666666,189.92678833007812,179.01346360649083,189.92679,-21.385121663411468,21.385121663411468
2020-01-18 01:00:00,174.75,157.81399536132812,151.86933869444408,157.814,16.936004638671875,16.936004638671875
2020-01-18 02:00:00,177.16666666666666,158.26007080078125,152.18110526618676,158.26007,18.906595865885407,18.906595865885407
2020-01-18 03:00:00,180.33333333333334,168.68109130859375,164.40069764458616,168.68109,11.652242024739593,11.652242024739593
2020-01-18 04:00:00,176.0,182.5116424560547,178.5730393528796,182.51164,-6.5116424560546875,6.5116424560546875
2020-01-18 05:00:00,181.375,170.15988159179688,152.91403288996926,170.15988,11.215118408203125,11.215118408203125
2020-01-18 06:00:00,181.0,166.5149383544922,160.27050885048877,166.51494,14.485061645507812,14.485061645507812
2020-01-18 07:00:00,183.54166666666666,160.53158569335938,143.9912244627676,160.53159,23.010080973307282,23.010080973307282
2020-01-18 08:00:00,184.54166666666666,173.96527099609375,163.090324180503,173.96527,10.576395670572907,10.576395670572907
2020-01-18 09:00:00,186.125,170.96910095214844,151.5381458620424,170.9691,15.155899047851562,15.155899047851562
2020-01-18 10:00:00,186.70833333333334,171.42578125,153.1442115449583,171.42578,15.282552083333343,15.282552083333343
2020-01-18 11:00:00,188.70833333333334,170.55438232421875,152.41453142152466,170.55438,18.153951009114593,18.153951009114593
2020-01-18 12:00:00,190.5,170.54678344726562,154.4395735305847,170.54678,19.953216552734375,19.953216552734375
2020-01-18 13:00:00,192.125,168.53240966796875,154.39061971457065,168.53241,23.59259033203125,23.59259033203125
2020-01-18 14:00:00,194.08333333333334,165.1756591796875,157.7948155322635,165.17566,28.907674153645843,28.907674153645843
2020-01-18 15:00:00,198.375,168.36526489257812,158.630814879783,168.36526,30.009735107421875,30.009735107421875
2020-01-18 16:00:00,204.375,164.06341552734375,156.01183872946453,164.06342,40.31158447265625,40.31158447265625
2020-01-18 17:00:00,208.58333333333334,152.77975463867188,148.26163063673906,152.77975,55.80357869466147,55.80357869466147
2020-01-18 18:00:00,210.41666666666666,155.64215087890625,150.5681841357265,155.64215,54.77451578776041,54.77451578776041
2020-01-18 19:00:00,210.0,161.43008422851562,155.39584214714685,161.43008,48.569915771484375,48.569915771484375
2020-01-18 20:00:00,207.125,168.47116088867188,171.601378407449,168.47116,38.653839111328125,38.653839111328125
2020-01-18 21:00:00,202.91666666666666,187.3709716796875,179.36861496909046,187.37097,15.545694986979157,15.545694986979157
2020-01-18 22:00:00,196.125,197.58438110351562,192.95236653331727,197.58438,-1.459381103515625,1.459381103515625
2020-01-18 23:00:00,195.33333333333334,183.23080444335938,173.41455134347757,183.2308,12.102528889973968,12.102528889973968
2020-01-19 00:00:00,185.83333333333334,195.9522705078125,189.9116573973594,195.95227,-10.118937174479157,10.118937174479157
2020-01-19 01:00:00,178.58333333333334,202.28671264648438,194.23454058603718,202.28671,-23.703379313151032,23.703379313151032
2020-01-19 02:00:00,174.70833333333334,193.35791015625,185.9990023862482,193.35791,-18.649576822916657,18.649576822916657
2020-01-19 03:00:00,168.25,198.69046020507812,195.1617179119044,198.69046,-30.440460205078125,30.440460205078125
2020-01-19 04:00:00,165.79166666666666,176.82830810546875,164.5382720743764,176.82831,-11.036641438802093,11.036641438802093
2020-01-19 05:00:00,161.79166666666666,184.5945587158203,182.2249871144895,184.59456,-22.802892049153655,22.802892049153655
2020-01-19 06:00:00,160.66666666666666,183.1687469482422,174.5596513447964,183.16875,-22.50208028157553,22.50208028157553
2020-01-19 07:00:00,158.33333333333334,185.9891815185547,179.89223903579364,185.98918,-27.655848185221345,27.655848185221345
2020-01-19 08:00:00,156.66666666666666,196.79525756835938,185.34428024392173,196.79526,-40.12859090169272,40.12859090169272
2020-01-19 09:00:00,155.29166666666666,187.9920196533203,184.0894531715078,187.99202,-32.700352986653655,32.700352986653655
2020-01-19 10:00:00,156.08333333333334,183.13563537597656,180.45723609629138,183.13564,-27.05230204264322,27.05230204264322
2020-01-19 11:00:00,155.83333333333334,190.99000549316406,186.95557309246104,190.99,-35.15667215983072,35.15667215983072
2020-01-19 12:00:00,155.83333333333334,192.01043701171875,187.99721946208263,192.01044,-36.17710367838541,36.17710367838541
2020-01-19 13:00:00,155.54166666666666,195.53448486328125,193.81217460075908,195.53448,-39.99281819661459,39.99281819661459
2020-01-19 14:00:00,155.20833333333334,195.4012451171875,192.48033920448643,195.40125,-40.19291178385416,40.19291178385416
2020-01-19 15:00:00,152.91666666666666,195.64089965820312,194.70415383974577,195.6409,-42.72423299153647,42.72423299153647
2020-01-19 16:00:00,148.875,197.61306762695312,198.3796063553846,197.61307,-48.738067626953125,48.738067626953125
2020-01-19 17:00:00,145.66666666666666,207.70977783203125,201.46602663608718,207.70978,-62.04311116536459,62.04311116536459
2020-01-19 18:00:00,144.29166666666666,194.02886962890625,193.1989410704234,194.02887,-49.73720296223959,49.73720296223959
2020-01-19 19:00:00,143.95833333333334,167.87998962402344,159.06065404685975,167.87999,-23.921656290690095,23.921656290690095
2020-01-19 20:00:00,143.45833333333334,171.58953857421875,166.8031012577529,171.58954,-28.131205240885407,28.131205240885407
2020-01-19 21:00:00,142.04166666666666,171.55514526367188,173.34521266718895,171.55515,-29.513478597005218,29.513478597005218
2020-01-19 22:00:00,140.70833333333334,172.85171508789062,178.1798720533262,172.85172,-32.14338175455728,32.14338175455728
2020-01-19 23:00:00,138.41666666666666,186.20489501953125,182.1303095643306,186.2049,-47.78822835286459,47.78822835286459
2020-01-20 00:00:00,138.70833333333334,166.80319213867188,155.06474990956755,166.80319,-28.094858805338532,28.094858805338532
2020-01-20 01:00:00,139.83333333333334,160.84075927734375,157.6590084500934,160.84076,-21.007425944010407,21.007425944010407
2020-01-20 02:00:00,141.25,161.17608642578125,156.39259668510363,161.17609,-19.92608642578125,19.92608642578125
2020-01-20 03:00:00,141.58333333333334,152.2746124267578,142.72970259778182,152.27461,-10.69127909342447,10.69127909342447
2020-01-20 04:00:00,142.75,150.57437133789062,137.53928571068033,150.57437,-7.824371337890625,7.824371337890625
2020-01-20 05:00:00,143.79166666666666,149.16751098632812,145.77748428176452,149.16751,-5.375844319661468,5.375844319661468
2020-01-20 06:00:00,144.54166666666666,156.57064819335938,133.2059198105713,156.57065,-12.028981526692718,12.028981526692718
2020-01-20 07:00:00,145.875,130.7276611328125,118.50986885536828,130.72766,15.1473388671875,15.1473388671875
2020-01-20 08:00:00,146.58333333333334,156.7707977294922,137.59150906650362,156.7708,-10.187464396158845,10.187464396158845
2020-01-20 09:00:00,147.5625,152.24061584472656,147.10033759663418,152.24062,-4.6781158447265625,4.6781158447265625
2020-01-20 10:00:00,146.97916666666666,164.7151336669922,162.26623701093263,164.71513,-17.73596700032553,17.73596700032553
2020-01-20 11:00:00,146.52083333333334,164.14144897460938,162.83039872165978,164.14145,-17.620615641276032,17.620615641276032
2020-01-20 12:00:00,147.10416666666666,164.08554077148438,162.8005371002881,164.08554,-16.981374104817718,16.981374104817718
2020-01-20 13:00:00,146.52083333333334,162.57861328125,161.80944868563367,162.57861,-16.057779947916657,16.057779947916657
2020-01-20 14:00:00,145.60416666666666,166.2183837890625,162.1979303300316,166.21838,-20.614217122395843,20.614217122395843
2020-01-20 15:00:00,144.10416666666666,162.29721069335938,156.0753334146168,162.29721,-18.193044026692718,18.193044026692718
2020-01-20 16:00:00,152.02083333333334,156.45529174804688,153.62677402171775,156.45529,-4.434458414713532,4.434458414713532
2020-01-20 17:00:00,151.60416666666666,163.3159637451172,152.4570730247307,163.31596,-11.71179707845053,11.71179707845053
2020-01-20 18:00:00,150.97916666666666,167.23165893554688,156.14130077195904,167.23166,-16.252492268880218,16.252492268880218
2020-01-20 19:00:00,151.5625,167.3379364013672,156.53036863788986,167.33794,-15.775436401367188,15.775436401367188
2020-01-20 20:00:00,152.6875,160.12586975097656,151.5206427242995,160.12587,-7.4383697509765625,7.4383697509765625
2020-01-20 21:00:00,155.22916666666666,163.66165161132812,150.8717818028815,163.66165,-8.432484944661468,8.432484944661468
2020-01-20 22:00:00,157.27083333333334,162.14700317382812,152.350234775026,162.147,-4.876169840494782,4.876169840494782
2020-01-20 23:00:00,160.0625,152.1195068359375,144.04708496200664,152.1195,7.9429931640625,7.9429931640625
2020-01-21 00:00:00,163.1875,152.61209106445312,148.16048458910913,152.61209,10.575408935546875,10.575408935546875
2020-01-21 01:00:00,166.35416666666666,156.29794311523438,154.0801859398391,156.29794,10.056223551432282,10.056223551432282
2020-01-21 02:00:00,166.60416666666666,162.7550048828125,158.44126672412966,162.755,3.849161783854157,3.849161783854157
2020-01-21 03:00:00,166.72916666666666,162.25100708007812,156.35262520606116,162.251,4.478159586588532,4.478159586588532
2020-01-21 04:00:00,166.27083333333334,163.02886962890625,155.97279786150895,163.02887,3.241963704427093,3.241963704427093
2020-01-21 05:00:00,166.97916666666666,165.07876586914062,159.14561749030784,165.07877,1.9004007975260322,1.9004007975260322
2020-01-21 06:00:00,165.89583333333334,169.0458984375,161.20744504705203,169.0459,-3.150065104166657,3.150065104166657
2020-01-21 07:00:00,166.3125,173.5777587890625,167.4657529229608,173.57776,-7.2652587890625,7.2652587890625
2020-01-21 08:00:00,165.47916666666666,174.55503845214844,169.0548872778781,174.55504,-9.07587178548178,9.07587178548178
2020-01-21 09:00:00,166.875,176.02903747558594,166.33154242153716,176.02904,-9.154037475585938,9.154037475585938
2020-01-21 10:00:00,168.83333333333334,176.0364990234375,170.96804570608802,176.0365,-7.203165690104157,7.203165690104157
2020-01-21 11:00:00,171.25,175.04852294921875,170.00246481323822,175.04852,-3.79852294921875,3.79852294921875
2020-01-21 12:00:00,171.20833333333334,179.32041931152344,172.0855883628527,179.32042,-8.112085978190095,8.112085978190095
2020-01-21 13:00:00,171.20833333333334,174.8857421875,172.64632328144046,174.88574,-3.677408854166657,3.677408854166657
2020-01-21 14:00:00,172.0,176.6334991455078,170.1466975327211,176.6335,-4.6334991455078125,4.6334991455078125
2020-01-21 15:00:00,173.16666666666666,171.6212158203125,167.38617746632661,171.62122,1.5454508463541572,1.5454508463541572
2020-01-21 16:00:00,165.83333333333334,182.43109130859375,183.20647975979387,182.43109,-16.597757975260407,16.597757975260407
2020-01-21 17:00:00,166.45833333333334,178.00335693359375,168.510531307891,178.00336,-11.545023600260407,11.545023600260407
2020-01-21 18:00:00,166.54166666666666,169.8551025390625,162.48697784329866,169.8551,-3.313435872395843,3.313435872395843
2020-01-21 19:00:00,166.58333333333334,174.9119110107422,167.7621388857445,174.91191,-8.328577677408845,8.328577677408845
2020-01-21 20:00:00,167.0,176.77923583984375,169.94036731498625,176.77924,-9.77923583984375,9.77923583984375
2020-01-21 21:00:00,169.91666666666666,176.97702026367188,173.70038924632402,176.97702,-7.060353597005218,7.060353597005218
2020-01-21 22:00:00,173.70833333333334,177.2988739013672,176.1272717512137,177.29887,-3.5905405680338447,3.5905405680338447
2020-01-21 23:00:00,177.75,180.28152465820312,175.79657322422273,180.28152,-2.531524658203125,2.531524658203125
2020-01-22 00:00:00,177.66666666666666,182.87779235839844,181.12662908891693,182.87779,-5.21112569173178,5.21112569173178
2020-01-22 01:00:00,175.20833333333334,192.3914794921875,187.8772761942116,192.39148,-17.183146158854157,17.183146158854157
2020-01-22 02:00:00,175.08333333333334,180.72720336914062,176.53776909649199,180.7272,-5.643870035807282,5.643870035807282
2020-01-22 03:00:00,175.20833333333334,175.75677490234375,168.6081417909943,175.75677,-0.5484415690104072,0.5484415690104072
2020-01-22 04:00:00,176.58333333333334,179.69029235839844,169.62621589230534,179.69029,-3.1069590250650947,3.1069590250650947
2020-01-22 05:00:00,177.29166666666666,182.77920532226562,180.3650407108393,182.7792,-5.487538655598968,5.487538655598968
2020-01-22 06:00:00,179.83333333333334,172.50909423828125,168.96944740726937,172.5091,7.324239095052093,7.324239095052093
2020-01-22 07:00:00,180.16666666666666,181.9622039794922,179.283244622831,181.9622,-1.7955373128255303,1.7955373128255303
2020-01-22 08:00:00,180.625,174.24444580078125,169.5985215468919,174.24445,6.38055419921875,6.38055419921875
2020-01-22 09:00:00,179.45833333333334,177.94479370117188,176.8144125969148,177.9448,1.5135396321614678,1.5135396321614678
2020-01-22 10:00:00,177.625,188.71676635742188,185.16635510650278,188.71677,-11.091766357421875,11.091766357421875
2020-01-22 11:00:00,177.08333333333334,185.4659881591797,181.8897299446982,185.46599,-8.382654825846345,8.382654825846345
2020-01-22 12:00:00,178.08333333333334,173.02767944335938,171.72631760050592,173.02768,5.055653889973968,5.055653889973968
2020-01-22 13:00:00,181.58333333333334,170.45059204101562,169.7375575565089,170.45059,11.132741292317718,11.132741292317718
2020-01-22 14:00:00,183.70833333333334,174.17054748535156,171.45760807825334,174.17055,9.53778584798178,9.53778584798178
2020-01-22 15:00:00,186.83333333333334,174.02426147460938,172.9605418965811,174.02426,12.809071858723968,12.809071858723968
2020-01-22 16:00:00,188.58333333333334,174.05422973632812,169.5718445204725,174.05423,14.529103597005218,14.529103597005218
2020-01-22 17:00:00,190.91666666666666,179.42660522460938,175.06175534605433,179.4266,11.490061442057282,11.490061442057282
2020-01-22 18:00:00,193.375,180.9261474609375,173.50507264962658,180.92615,12.4488525390625,12.4488525390625
2020-01-22 19:00:00,196.04166666666666,189.6912384033203,179.76132701792199,189.69124,6.350428263346345,6.350428263346345
2020-01-22 20:00:00,199.33333333333334,193.63613891601562,187.0115632765674,193.63614,5.697194417317718,5.697194417317718
2020-01-22 21:00:00,199.08333333333334,205.25033569335938,199.15137479957204,205.25034,-6.167002360026032,6.167002360026032
2020-01-22 22:00:00,198.125,207.731689453125,199.22435662498083,207.73169,-9.606689453125,9.606689453125
2020-01-22 23:00:00,198.125,210.65505981445312,208.2345586683159,210.65506,-12.530059814453125,12.530059814453125
2020-01-23 00:00:00,200.79166666666666,195.34478759765625,195.10252055152296,195.34479,5.446879069010407,5.446879069010407
2020-01-23 01:00:00,206.375,181.2991943359375,178.60057616470993,181.2992,25.0758056640625,25.0758056640625
2020-01-23 02:00:00,216.91666666666666,189.6962890625,183.94220391508762,189.69629,27.220377604166657,27.220377604166657
2020-01-23 03:00:00,228.375,190.8280487060547,181.58658870964388,190.82805,37.54695129394531,37.54695129394531
2020-01-23 04:00:00,232.625,192.7145538330078,190.53009444153335,192.71455,39.91044616699219,39.91044616699219
2020-01-23 05:00:00,236.25,198.54931640625,196.35850261472737,198.54932,37.70068359375,37.70068359375
2020-01-23 06:00:00,240.125,199.17987060546875,196.70222087444034,199.17987,40.94512939453125,40.94512939453125
2020-01-23 07:00:00,243.375,196.32980346679688,191.34399720199394,196.3298,47.045196533203125,47.045196533203125
2020-01-23 08:00:00,246.29166666666666,198.65545654296875,188.74895808462773,198.65546,47.63621012369791,47.63621012369791
2020-01-23 09:00:00,250.83333333333334,199.11358642578125,189.73962270702356,199.11359,51.71974690755209,51.71974690755209
2020-01-23 10:00:00,253.54166666666666,192.95913696289062,180.33816590979723,192.95914,60.58252970377603,60.58252970377603
2020-01-23 11:00:00,253.08333333333334,198.6302490234375,186.35015701943837,198.63025,54.45308430989584,54.45308430989584
2020-01-23 12:00:00,251.0,197.51724243164062,186.67640108461154,197.51724,53.482757568359375,53.482757568359375
2020-01-23 13:00:00,247.25,198.45968627929688,187.48214560796677,198.45969,48.790313720703125,48.790313720703125
2020-01-23 14:00:00,243.79166666666666,188.65591430664062,184.71176187675553,188.65591,55.13575236002603,55.13575236002603
2020-01-23 15:00:00,239.125,193.90313720703125,185.08063565886064,193.90314,45.22186279296875,45.22186279296875
2020-01-23 16:00:00,235.625,184.63560485839844,179.45975546929438,184.6356,50.98939514160156,50.98939514160156
2020-01-23 17:00:00,230.95833333333334,190.46566772460938,188.4455782097532,190.46567,40.49266560872397,40.49266560872397
2020-01-23 18:00:00,227.33333333333334,178.51828002929688,186.43731357318967,178.51828,48.81505330403647,48.81505330403647
2020-01-23 19:00:00,222.41666666666666,187.3480224609375,191.09245114616914,187.34802,35.06864420572916,35.06864420572916
2020-01-23 20:00:00,217.08333333333334,196.65188598632812,202.92880025778814,196.65189,20.431447347005218,20.431447347005218
2020-01-23 21:00:00,212.125,197.55764770507812,201.63994996506045,197.55765,14.567352294921875,14.567352294921875
2020-01-23 22:00:00,207.33333333333334,194.6800537109375,198.6878388014805,194.68005,12.653279622395843,12.653279622395843
2020-01-23 23:00:00,202.125,205.3897705078125,206.24132395798875,205.38977,-3.2647705078125,3.2647705078125
2020-01-24 00:00:00,198.04166666666666,206.66043090820312,208.22939829072925,206.66043,-8.618764241536468,8.618764241536468
2020-01-24 01:00:00,192.33333333333334,214.54660034179688,206.29960749019065,214.5466,-22.213267008463532,22.213267008463532
2020-01-24 02:00:00,181.41666666666666,210.40872192382812,222.4012911987661,210.40872,-28.992055257161468,28.992055257161468
2020-01-24 03:00:00,169.83333333333334,242.87445068359375,225.84982011979665,242.87445,-73.04111735026041,73.04111735026041
2020-01-24 04:00:00,164.54166666666666,213.24490356445312,217.32162738677897,213.2449,-48.70323689778647,48.70323689778647
2020-01-24 05:00:00,160.16666666666666,217.51641845703125,216.19524362580398,217.51642,-57.34975179036459,57.34975179036459
2020-01-24 06:00:00,155.95833333333334,215.04391479492188,216.28419237034262,215.04391,-59.08558146158853,59.08558146158853
2020-01-24 07:00:00,152.83333333333334,208.32064819335938,217.6145134497139,208.32065,-55.48731486002603,55.48731486002603
2020-01-24 08:00:00,151.16666666666666,212.27694702148438,217.19570336748092,212.27695,-61.11028035481772,61.11028035481772
2020-01-24 09:00:00,146.5,205.931884765625,212.64467213293747,205.93188,-59.431884765625,59.431884765625
2020-01-24 10:00:00,143.45833333333334,202.53436279296875,205.89938408075344,202.53436,-59.07602945963541,59.07602945963541
2020-01-24 11:00:00,142.79166666666666,202.89089965820312,197.04738929097508,202.8909,-60.09923299153647,60.09923299153647
2020-01-24 12:00:00,143.375,191.038818359375,193.00277749288182,191.03882,-47.663818359375,47.663818359375
2020-01-24 13:00:00,144.70833333333334,188.4039306640625,189.9647197765439,188.40393,-43.69559733072916,43.69559733072916
2020-01-24 14:00:00,146.41666666666666,176.71694946289062,182.89175436166926,176.71695,-30.300282796223968,30.300282796223968
2020-01-24 15:00:00,148.83333333333334,180.44837951660156,179.12833349240879,180.44838,-31.61504618326822,31.61504618326822
2020-01-24 16:00:00,150.0,181.73983764648438,190.4588380503361,181.73984,-31.739837646484375,31.739837646484375
2020-01-24 17:00:00,151.625,173.53517150878906,168.4280982044133,173.53517,-21.910171508789062,21.910171508789062
2020-01-24 18:00:00,152.875,183.20767211914062,178.50588075540878,183.20767,-30.332672119140625,30.332672119140625
2020-01-24 19:00:00,154.625,188.3843994140625,179.37230760777376,188.3844,-33.7593994140625,33.7593994140625
2020-01-24 20:00:00,155.5,183.85824584960938,179.91271926378198,183.85825,-28.358245849609375,28.358245849609375
2020-01-24 21:00:00,156.91666666666666,176.67654418945312,176.36603521488394,176.67654,-19.759877522786468,19.759877522786468
2020-01-24 22:00:00,157.875,187.18466186523438,181.7254688625816,187.18466,-29.309661865234375,29.309661865234375
2020-01-24 23:00:00,157.875,181.39840698242188,178.54552317675973,181.3984,-23.523406982421875,23.523406982421875
2020-01-25 00:00:00,157.91666666666666,184.5436248779297,177.91854017402855,184.54362,-26.62695821126303,26.62695821126303
2020-01-25 01:00:00,158.91666666666666,180.69789123535156,174.0531645090486,180.69789,-21.781224568684905,21.781224568684905
2020-01-25 02:00:00,160.0,175.01023864746094,164.32314213925932,175.01024,-15.010238647460938,15.010238647460938
2020-01-25 03:00:00,161.79166666666666,164.73931884765625,159.43058481319935,164.73932,-2.947652180989593,2.947652180989593
2020-01-25 04:00:00,162.75,163.56817626953125,159.9454818849531,163.56818,-0.81817626953125,0.81817626953125
2020-01-25 05:00:00,163.375,167.18353271484375,167.7998641507445,167.18353,-3.80853271484375,3.80853271484375
2020-01-25 06:00:00,163.75,172.2342529296875,169.97116214148437,172.23425,-8.4842529296875,8.4842529296875
2020-01-25 07:00:00,164.08333333333334,173.7582244873047,171.66305204323473,173.75822,-9.674891153971345,9.674891153971345
2020-01-25 08:00:00,164.875,181.23907470703125,177.13381693496606,181.23907,-16.36407470703125,16.36407470703125
2020-01-25 09:00:00,167.29166666666666,177.3916015625,173.15105919253875,177.3916,-10.099934895833343,10.099934895833343
2020-01-25 10:00:00,169.625,182.00741577148438,174.5207547812631,182.00742,-12.382415771484375,12.382415771484375
2020-01-25 11:00:00,170.58333333333334,181.71820068359375,172.39329526891294,181.7182,-11.134867350260407,11.134867350260407
2020-01-25 12:00:00,170.91666666666666,184.65383911132812,174.54553349814736,184.65384,-13.737172444661468,13.737172444661468
2020-01-25 13:00:00,170.91666666666666,190.8231201171875,179.36417839451912,190.82312,-19.906453450520843,19.906453450520843
2020-01-25 14:00:00,170.625,184.5589599609375,176.38789427390046,184.55896,-13.9339599609375,13.9339599609375
2020-01-25 15:00:00,170.125,183.6014404296875,174.14501413369678,183.60144,-13.4764404296875,13.4764404296875
2020-01-25 16:00:00,169.875,183.68698120117188,177.34010563814095,183.68698,-13.811981201171875,13.811981201171875
2020-01-25 17:00:00,169.66666666666666,185.6880340576172,176.9620884653738,185.68803,-16.02136739095053,16.02136739095053
2020-01-25 18:00:00,170.0,174.0546112060547,168.61546262265554,174.05461,-4.0546112060546875,4.0546112060546875
2020-01-25 19:00:00,170.54166666666666,176.8824462890625,171.08601324349587,176.88245,-6.340779622395843,6.340779622395843
2020-01-25 20:00:00,171.79166666666666,172.3336181640625,170.96715765644927,172.33362,-0.5419514973958428,0.5419514973958428
2020-01-25 21:00:00,173.20833333333334,177.03988647460938,176.21564974817565,177.03989,-3.831553141276032,3.831553141276032
2020-01-25 22:00:00,173.95833333333334,179.27523803710938,177.01354525568985,179.27524,-5.316904703776032,5.316904703776032
2020-01-25 23:00:00,174.70833333333334,180.98104858398438,175.53629100277954,180.98105,-6.272715250651032,6.272715250651032
2020-01-26 00:00:00,175.33333333333334,174.93356323242188,168.8860761283474,174.93356,0.3997701009114678,0.3997701009114678
2020-01-26 01:00:00,175.75,175.89630126953125,172.12245983858924,175.8963,-0.14630126953125,0.14630126953125
2020-01-26 02:00:00,176.41666666666666,175.99549865722656,171.742623901625,175.9955,0.4211680094400947,0.4211680094400947
2020-01-26 03:00:00,176.41666666666666,181.52951049804688,171.73397002267464,181.52951,-5.112843831380218,5.112843831380218
2020-01-26 04:00:00,177.75,181.8101043701172,176.61755872500612,181.8101,-4.0601043701171875,4.0601043701171875
2020-01-26 05:00:00,178.29166666666666,182.50857543945312,177.2710488250413,182.50858,-4.216908772786468,4.216908772786468
2020-01-26 06:00:00,179.375,185.07603454589844,180.90420934340096,185.07603,-5.7010345458984375,5.7010345458984375
2020-01-26 07:00:00,180.75,191.11627197265625,185.42329808952272,191.11627,-10.36627197265625,10.36627197265625
2020-01-26 08:00:00,181.83333333333334,192.3701171875,185.88068718814856,192.37012,-10.536783854166657,10.536783854166657
2020-01-26 09:00:00,183.625,196.158935546875,190.10078647547056,196.15894,-12.533935546875,12.533935546875
2020-01-26 10:00:00,186.70833333333334,200.88272094726562,195.040801743715,200.88272,-14.174387613932282,14.174387613932282
2020-01-26 11:00:00,190.875,185.80760192871094,183.76399267818573,185.8076,5.0673980712890625,5.0673980712890625
2020-01-26 12:00:00,193.58333333333334,185.52713012695312,186.13260334911712,185.52713,8.056203206380218,8.056203206380218
2020-01-26 13:00:00,195.95833333333334,182.79446411132812,184.8770947813663,182.79446,13.163869222005218,13.163869222005218
2020-01-26 14:00:00,199.20833333333334,176.88314819335938,176.36788439525753,176.88315,22.325185139973968,22.325185139973968
2020-01-26 15:00:00,201.95833333333334,180.61886596679688,178.6354043798131,180.61887,21.339467366536468,21.339467366536468
2020-01-26 16:00:00,204.20833333333334,183.77694702148438,185.4814894830665,183.77695,20.431386311848968,20.431386311848968
2020-01-26 17:00:00,205.91666666666666,188.24502563476562,187.8078251755731,188.24503,17.671641031901032,17.671641031901032
2020-01-26 18:00:00,207.29166666666666,191.5432891845703,189.13814187454835,191.54329,15.748377482096345,15.748377482096345
2020-01-26 19:00:00,208.54166666666666,196.38882446289062,198.13780577341828,196.38882,12.152842203776032,12.152842203776032
2020-01-26 20:00:00,210.70833333333334,201.12759399414062,204.06462142631523,201.1276,9.580739339192718,9.580739339192718
2020-01-26 21:00:00,211.70833333333334,208.37185668945312,209.3676074460272,208.37186,3.336476643880218,3.336476643880218
2020-01-26 22:00:00,213.375,206.61019897460938,209.0650068131872,206.6102,6.764801025390625,6.764801025390625
2020-01-26 23:00:00,215.625,205.58181762695312,208.0743390763337,205.58182,10.043182373046875,10.043182373046875
2020-01-27 00:00:00,219.83333333333334,201.78228759765625,196.5193725185372,201.78229,18.051045735677093,18.051045735677093
2020-01-27 01:00:00,225.91666666666666,206.0863037109375,196.00370054868446,206.0863,19.830362955729157,19.830362955729157
2020-01-27 02:00:00,231.875,206.9757080078125,201.4195653630808,206.97571,24.8992919921875,24.8992919921875
2020-01-27 03:00:00,235.79166666666666,206.84454345703125,196.7937126462699,206.84454,28.947123209635407,28.947123209635407
2020-01-27 04:00:00,239.75,214.32455444335938,206.71136388457992,214.32455,25.425445556640625,25.425445556640625
2020-01-27 05:00:00,243.95833333333334,217.48040771484375,208.66333682046977,217.48041,26.477925618489593,26.477925618489593
2020-01-27 06:00:00,246.16666666666666,219.70864868164062,216.06048739544653,219.70865,26.458017985026032,26.458017985026032
2020-01-27 07:00:00,246.625,227.48892211914062,219.33782882739936,227.48892,19.136077880859375,19.136077880859375
2020-01-27 08:00:00,247.66666666666666,226.201904296875,218.5978683361315,226.2019,21.464762369791657,21.464762369791657
2020-01-27 09:00:00,246.08333333333334,221.50701904296875,215.9807268767539,221.50702,24.576314290364593,24.576314290364593
2020-01-27 10:00:00,244.16666666666666,221.13650512695312,215.48768543872495,221.1365,23.030161539713532,23.030161539713532
2020-01-27 11:00:00,241.45833333333334,220.4556884765625,217.16034351762204,220.45569,21.002644856770843,21.002644856770843
2020-01-27 12:00:00,241.375,208.8330078125,203.9270815707303,208.83301,32.5419921875,32.5419921875
2020-01-27 13:00:00,241.70833333333334,203.6304931640625,199.81708044587012,203.6305,38.07784016927084,38.07784016927084
2020-01-27 14:00:00,241.58333333333334,201.05535888671875,196.89979609366543,201.05536,40.52797444661459,40.52797444661459
2020-01-27 15:00:00,241.54166666666666,198.33865356445312,194.44222538310893,198.33865,43.20301310221353,43.20301310221353
2020-01-27 16:00:00,242.20833333333334,195.36856079101562,191.95788826931323,195.36856,46.83977254231772,46.83977254231772
2020-01-27 17:00:00,243.08333333333334,203.90420532226562,199.18313251187183,203.9042,39.17912801106772,39.17912801106772
2020-01-27 18:00:00,244.08333333333334,205.35235595703125,198.6398975130846,205.35236,38.73097737630209,38.73097737630209
2020-01-27 19:00:00,249.0,206.36065673828125,202.6960407291855,206.36066,42.63934326171875,42.63934326171875
2020-01-27 20:00:00,257.0181249999999,214.62841796875,211.13524173807113,214.62842,42.389707031249884,42.389707031249884
2020-01-27 21:00:00,263.35145833333326,208.99380493164062,212.47735744114604,208.9938,54.35765340169263,54.35765340169263
2020-01-27 22:00:00,266.0181249999999,219.12017822265625,213.00247550960566,219.12018,46.897946777343634,46.897946777343634
2020-01-27 23:00:00,265.97645833333326,220.36099243164062,219.14566870471597,220.361,45.61546590169263,45.61546590169263
2020-01-28 00:00:00,264.55979166666657,233.15200805664062,226.66015246880613,233.15201,31.407783610025945,31.407783610025945
2020-01-28 01:00:00,259.85145833333326,243.84744262695312,231.98528363852185,243.84744,16.00401570638013,16.00401570638013
2020-01-28 02:00:00,255.55979166666657,252.43521118164062,237.8903037211764,252.43521,3.1245804850259447,3.1245804850259447
2020-01-28 03:00:00,254.47645833333323,245.37112426757812,237.400764641743,245.37112,9.105334065755102,9.105334065755102
2020-01-28 04:00:00,251.68479166666657,257.89593505859375,245.795302398856,257.89594,-6.21114339192718,6.21114339192718
2020-01-28 05:00:00,249.10145833333323,253.73297119140625,246.0784848417103,253.73297,-4.631512858073023,4.631512858073023
2020-01-28 06:00:00,252.6431249999999,230.63809204101562,229.5196692544965,230.63809,22.005032958984287,22.005032958984287
2020-01-28 07:00:00,253.68479166666657,225.08343505859375,230.87416948941092,225.08344,28.60135660807282,28.60135660807282
2020-01-28 08:00:00,253.05979166666657,231.75479125976562,229.4622827750591,231.75479,21.305000406900945,21.305000406900945
2020-01-28 09:00:00,254.8931249999999,229.61593627929688,225.7933843882924,229.61594,25.277188720703037,25.277188720703037
2020-01-28 10:00:00,255.7681249999999,229.40164184570312,225.7319573102969,229.40164,26.366483154296787,26.366483154296787
2020-01-28 11:00:00,258.6431249999999,233.39215087890625,227.13791402140842,233.39215,25.250974121093634,25.250974121093634
2020-01-28 12:00:00,259.8931249999999,240.34848022460938,233.36368501879295,240.34848,19.54464477539051,19.54464477539051
2020-01-28 13:00:00,260.7681249999999,244.07156372070312,238.0197050077618,244.07156,16.69656127929676,16.69656127929676
2020-01-28 14:00:00,262.3931249999999,245.50445556640625,238.1472446307216,245.50446,16.888669433593634,16.888669433593634
2020-01-28 15:00:00,261.7681249999999,255.082763671875,249.3058247991747,255.08276,6.685361328124884,6.685361328124884
2020-01-28 16:00:00,261.05979166666657,250.6380615234375,246.4274100981749,250.63806,10.42173014322907,10.42173014322907
2020-01-28 17:00:00,261.68479166666657,234.81820678710938,222.80457413488583,234.8182,26.866584879557195,26.866584879557195
2020-01-28 18:00:00,263.8931249999999,232.39801025390625,223.59483975274154,232.39801,31.495114746093634,31.495114746093634
2020-01-28 19:00:00,262.43479166666657,247.95217895507812,244.44924786729808,247.95218,14.482612711588445,14.482612711588445
2020-01-28 20:00:00,258.2083333333333,258.0574645996094,247.1338836684979,258.05746,0.15086873372393939,0.15086873372393939
2020-01-28 21:00:00,256.0,264.7005310058594,248.16127672402652,264.70053,-8.700531005859375,8.700531005859375
2020-01-28 22:00:00,258.0,243.84939575195312,238.8041293219935,243.8494,14.150604248046875,14.150604248046875
2020-01-28 23:00:00,259.25,236.202392578125,229.85219402579045,236.2024,23.047607421875,23.047607421875
2020-01-29 00:00:00,260.25,249.387451171875,236.78051874384818,249.38745,10.862548828125,10.862548828125
2020-01-29 01:00:00,264.7083333333333,252.4697265625,239.29752369698375,252.46973,12.238606770833314,12.238606770833314
2020-01-29 02:00:00,267.9166666666667,254.02102661132812,239.46670101902953,254.02103,13.89564005533856,13.89564005533856
2020-01-29 03:00:00,272.125,251.9290771484375,238.16364768324667,251.92908,20.1959228515625,20.1959228515625
2020-01-29 04:00:00,274.625,244.04959106445312,236.54731725900433,244.04959,30.575408935546875,30.575408935546875
2020-01-29 05:00:00,276.8333333333333,234.525634765625,232.78564536371584,234.52563,42.307698567708314,42.307698567708314
2020-01-29 06:00:00,275.0833333333333,252.1588134765625,242.187852456569,252.15881,22.924519856770814,22.924519856770814
2020-01-29 07:00:00,276.7083333333333,246.5535888671875,235.58869248441692,246.55359,30.154744466145814,30.154744466145814
2020-01-29 08:00:00,277.9583333333333,234.13360595703125,227.64170796001443,234.1336,43.824727376302064,43.824727376302064
2020-01-29 09:00:00,279.0833333333333,220.21926879882812,219.9093691092346,220.21927,58.86406453450519,58.86406453450519
2020-01-29 10:00:00,280.4583333333333,234.9520263671875,224.5179666100403,234.95203,45.506306966145814,45.506306966145814
2020-01-29 11:00:00,278.7083333333333,219.42926025390625,221.595442648201,219.42926,59.279073079427064,59.279073079427064
2020-06-25 16:00:00,22.166666666666668,19.915992736816406,21.406078239968846,19.915993,2.2506739298502616,2.2506739298502616
2020-06-25 17:00:00,20.833333333333332,24.71047592163086,26.912964903654455,24.710476,-3.8771425882975272,3.8771425882975272
2020-06-25 18:00:00,20.625,24.646305084228516,25.794611474829598,24.646305,-4.021305084228516,4.021305084228516
2020-06-25 19:00:00,20.625,23.035072326660156,22.194670691377553,23.035072,-2.4100723266601562,2.4100723266601562
2020-06-25 20:00:00,20.666666666666668,21.920841217041016,23.80099098354853,21.920841,-1.2541745503743478,1.2541745503743478
2020-06-25 21:00:00,20.875,20.795398712158203,22.360042799723903,20.795399,0.07960128784179688,0.07960128784179688
2020-06-25 22:00:00,20.166666666666668,21.195537567138672,22.61037421129269,21.195538,-1.028870900472004,1.028870900472004
2020-06-25 23:00:00,19.958333333333332,22.591175079345703,23.74408031071245,22.591175,-2.632841746012371,2.632841746012371
2020-06-26 00:00:00,19.708333333333332,19.370849609375,21.550489019283702,19.37085,0.33748372395833215,0.33748372395833215
2020-06-26 01:00:00,19.125,20.965682983398438,22.11781940407393,20.965683,-1.8406829833984375,1.8406829833984375
2020-06-26 02:00:00,18.875,20.27895736694336,21.51916261874783,20.278957,-1.4039573669433594,1.4039573669433594
2020-06-26 03:00:00,18.583333333333332,22.285972595214844,22.87648410805447,22.285973,-3.7026392618815116,3.7026392618815116
2020-06-26 04:00:00,18.083333333333332,22.054214477539062,22.728794536326518,22.054214,-3.9708811442057304,3.9708811442057304
2020-06-26 05:00:00,17.791666666666668,19.146053314208984,19.271978291095795,19.146053,-1.3543866475423165,1.3543866475423165
2020-06-26 06:00:00,17.041666666666668,21.68017578125,22.139009746585337,21.680176,-4.638509114583332,4.638509114583332
2020-06-26 07:00:00,16.708333333333332,21.123966217041016,21.611488997403317,21.123966,-4.4156328837076835,4.4156328837076835
2020-06-26 08:00:00,16.458333333333332,21.19782257080078,21.192120985508165,21.197823,-4.739489237467449,4.739489237467449
2020-06-26 09:00:00,16.5,21.991222381591797,21.75825904026211,21.991222,-5.491222381591797,5.491222381591797
2020-06-26 10:00:00,16.833333333333332,24.315425872802734,24.52437402760247,24.315426,-7.482092539469402,7.482092539469402
2020-06-26 11:00:00,17.0,22.934741973876953,22.341532243712667,22.934742,-5.934741973876953,5.934741973876953
2020-06-26 12:00:00,15.583333333333334,25.110397338867188,26.27495569624111,25.110397,-9.527064005533854,9.527064005533854
2020-06-26 13:00:00,15.791666666666666,21.667259216308594,23.69779349641352,21.66726,-5.875592549641928,5.875592549641928
2020-06-26 14:00:00,15.416666666666666,21.6768798828125,24.320487676528664,21.67688,-6.260213216145834,6.260213216145834
2020-06-26 15:00:00,15.666666666666666,21.809764862060547,24.35710056125144,21.809765,-6.143098195393881,6.143098195393881
2020-06-26 16:00:00,15.75,20.53704071044922,23.32663371093954,20.53704,-4.787040710449219,4.787040710449219
2020-06-26 17:00:00,15.875,21.858985900878906,24.118310138167274,21.858986,-5.983985900878906,5.983985900878906
2020-06-26 18:00:00,15.75,21.89725112915039,24.424909211657432,21.897251,-6.147251129150391,6.147251129150391
2020-06-26 19:00:00,15.625,20.758033752441406,23.020962786319224,20.758034,-5.133033752441406,5.133033752441406
2020-06-26 20:00:00,15.125,23.736064910888672,26.392150753063394,23.736065,-8.611064910888672,8.611064910888672
2020-06-26 21:00:00,14.541666666666666,23.245811462402344,26.403572531102917,23.245811,-8.704144795735678,8.704144795735678
2020-06-26 22:00:00,15.0,20.6771240234375,24.154127791697423,20.677124,-5.6771240234375,5.6771240234375
2020-06-26 23:00:00,15.0,22.46271514892578,25.695887642985905,22.462715,-7.462715148925781,7.462715148925781
2020-06-27 00:00:00,16.541666666666668,24.249446868896484,24.64073502742008,24.249447,-7.7077802022298165,7.7077802022298165
2020-06-27 01:00:00,19.791666666666668,21.243873596191406,22.903753602045875,21.243874,-1.4522069295247384,1.4522069295247384
2020-06-27 02:00:00,20.041666666666668,21.995609283447266,22.932475109002933,21.99561,-1.9539426167805978,1.9539426167805978
2020-06-27 03:00:00,20.083333333333332,21.97978973388672,24.194180725012693,21.97979,-1.8964564005533866,1.8964564005533866
2020-06-27 04:00:00,20.583333333333332,21.422531127929688,23.07808691994595,21.422531,-0.8391977945963554,0.8391977945963554
2020-06-27 05:00:00,21.166666666666668,21.50594711303711,23.254643833589544,21.505947,-0.3392804463704415,0.3392804463704415
2020-06-27 06:00:00,21.583333333333332,22.668319702148438,23.856566699387663,22.66832,-1.0849863688151054,1.0849863688151054
2020-06-27 07:00:00,21.791666666666668,25.306747436523438,27.553942155004922,25.306747,-3.5150807698567696,3.5150807698567696
2020-06-27 08:00:00,22.125,24.867198944091797,26.629983003031608,24.867199,-2.742198944091797,2.742198944091797
2020-06-27 09:00:00,22.333333333333332,24.561038970947266,25.615424284982428,24.561039,-2.2277056376139335,2.2277056376139335
2020-06-27 10:00:00,22.666666666666668,26.82421875,28.614408001137818,26.824219,-4.157552083333332,4.157552083333332
2020-06-27 11:00:00,24.416666666666668,24.682628631591797,26.128289345643392,24.682629,-0.265961964925129,0.265961964925129
2020-06-27 12:00:00,24.666666666666668,23.30340576171875,24.952405917685287,23.303406,1.3632609049479179,1.3632609049479179
2020-06-27 13:00:00,24.75,25.73220443725586,26.934204006996705,25.732204,-0.9822044372558594,0.9822044372558594
2020-06-27 14:00:00,25.125,25.10076141357422,24.893504475632287,25.100761,0.02423858642578125,0.02423858642578125
2020-06-27 15:00:00,25.125,25.597240447998047,24.941712597517764,25.59724,-0.4722404479980469,0.4722404479980469
2020-06-27 16:00:00,24.625,26.487060546875,26.023733528536056,26.48706,-1.862060546875,1.862060546875
2020-06-27 17:00:00,24.875,27.140644073486328,25.831116181678055,27.140644,-2.265644073486328,2.265644073486328
2020-06-27 18:00:00,26.166666666666668,26.088748931884766,24.329360189937713,26.088749,0.07791773478190223,0.07791773478190223
2020-06-27 19:00:00,30.083333333333332,26.586875915527344,23.525386084641504,26.586876,3.4964574178059884,3.4964574178059884
2020-06-27 20:00:00,31.0,25.608657836914062,23.341581461577164,25.608658,5.3913421630859375,5.3913421630859375
2020-06-27 21:00:00,32.875,26.174579620361328,23.463612020828773,26.17458,6.700420379638672,6.700420379638672
2020-06-27 22:00:00,34.833333333333336,26.553070068359375,24.617877074881754,26.55307,8.28026326497396,8.28026326497396
2020-06-27 23:00:00,36.916666666666664,25.610774993896484,23.50653476250524,25.610775,11.30589167277018,11.30589167277018
2020-06-28 00:00:00,37.583333333333336,29.604782104492188,27.002427051250706,29.604782,7.978551228841148,7.978551228841148
2020-06-28 01:00:00,35.541666666666664,33.57419204711914,31.040869471432828,33.574192,1.9674746195475237,1.9674746195475237
2020-06-28 02:00:00,36.625,28.35842514038086,26.61356946415568,28.358425,8.26657485961914,8.26657485961914
2020-06-28 03:00:00,36.666666666666664,29.54462432861328,27.819199893825527,29.544624,7.122042338053383,7.122042338053383
2020-06-28 04:00:00,39.166666666666664,31.10689926147461,28.69567682746515,31.1069,8.059767405192055,8.059767405192055
2020-06-28 05:00:00,39.583333333333336,29.932418823242188,27.157351966819775,29.932419,9.650914510091148,9.650914510091148
2020-06-28 06:00:00,43.208333333333336,33.028038024902344,29.5040783462559,33.028038,10.180295308430992,10.180295308430992
2020-06-28 07:00:00,50.041666666666664,32.34017562866211,29.596944780776674,32.340176,17.701491038004555,17.701491038004555
2020-06-28 08:00:00,53.708333333333336,31.89447784423828,29.36343679357067,31.894478,21.813855489095054,21.813855489095054
2020-06-28 09:00:00,54.416666666666664,32.689476013183594,29.834702639186304,32.689476,21.72719065348307,21.72719065348307
2020-06-28 10:00:00,55.375,33.85029983520508,32.02741134209701,33.8503,21.524700164794922,21.524700164794922
2020-06-28 11:00:00,54.333333333333336,35.57624816894531,35.04226779349313,35.57625,18.757085164388023,18.757085164388023
2020-06-28 12:00:00,53.875,33.758995056152344,33.986529792653855,33.758995,20.116004943847656,20.116004943847656
2020-06-28 13:00:00,53.791666666666664,32.22726058959961,30.687112257801882,32.22726,21.564406077067055,21.564406077067055
2020-06-28 14:00:00,53.458333333333336,31.537281036376953,30.530336437895276,31.537281,21.921052296956383,21.921052296956383
2020-06-28 15:00:00,53.458333333333336,32.09211730957031,29.65354538880679,32.092117,21.366216023763023,21.366216023763023
2020-06-28 16:00:00,54.416666666666664,30.382919311523438,27.55168492953907,30.38292,24.033747355143227,24.033747355143227
2020-06-28 17:00:00,54.583333333333336,32.39665603637695,29.471899941490186,32.396656,22.186677296956383,22.186677296956383
2020-06-28 18:00:00,53.25,33.54435729980469,31.242965673678366,33.544357,19.705642700195312,19.705642700195312
2020-06-28 19:00:00,49.291666666666664,37.42673110961914,37.17411923697647,37.42673,11.864935557047524,11.864935557047524
2020-06-28 20:00:00,48.458333333333336,35.59608840942383,37.3954284672072,35.59609,12.862244923909508,12.862244923909508
2020-06-28 21:00:00,46.916666666666664,35.94303894042969,37.79878972966456,35.94304,10.973627726236977,10.973627726236977
2020-06-28 22:00:00,45.0,37.58180618286133,38.74674737615015,37.581806,7.418193817138672,7.418193817138672
2020-06-28 23:00:00,43.708333333333336,36.969581604003906,38.81832195379486,36.96958,6.7387517293294295,6.7387517293294295
2020-06-29 00:00:00,43.541666666666664,37.356483459472656,39.876878727455775,37.356483,6.185183207194008,6.185183207194008
2020-06-29 01:00:00,42.958333333333336,37.13528823852539,39.82871482365037,37.13529,5.823045094807945,5.823045094807945
2020-06-29 02:00:00,42.166666666666664,34.320899963378906,38.03208383789899,34.3209,7.845766703287758,7.845766703287758
2020-06-29 03:00:00,42.541666666666664,35.96310806274414,36.890168943487936,35.963108,6.578558603922524,6.578558603922524
2020-06-29 04:00:00,39.833333333333336,35.67451477050781,39.500689475014724,35.674515,4.158818562825523,4.158818562825523
2020-06-29 05:00:00,39.333333333333336,36.058143615722656,39.57329695366877,36.058144,3.2751897176106795,3.2751897176106795
2020-06-29 06:00:00,36.125,40.86156463623047,41.939064522200695,40.861565,-4.736564636230469,4.736564636230469
2020-06-29 07:00:00,29.583333333333332,47.02751922607422,44.6371719322629,47.02752,-17.444185892740887,17.444185892740887
2020-06-29 08:00:00,25.916666666666668,38.75786590576172,42.86576848331611,38.757866,-12.841199239095051,12.841199239095051
2020-06-29 09:00:00,25.25,37.18248748779297,42.55408835919255,37.182487,-11.932487487792969,11.932487487792969
2020-06-29 10:00:00,23.583333333333332,42.14536666870117,46.4308700495159,42.145367,-18.56203333536784,18.56203333536784
2020-06-29 11:00:00,23.083333333333332,41.74775314331055,43.69687188000449,41.747753,-18.664419809977215,18.664419809977215
2020-06-29 12:00:00,23.125,40.427215576171875,40.69427635333875,40.427216,-17.302215576171875,17.302215576171875
2020-06-29 13:00:00,23.166666666666668,41.030181884765625,41.78303679384003,41.03018,-17.863515218098957,17.863515218098957
2020-06-29 14:00:00,23.541666666666668,37.62841033935547,38.42471928015286,37.62841,-14.086743672688801,14.086743672688801
2020-06-29 15:00:00,24.333333333333332,36.27511215209961,36.82599869587491,36.275112,-11.941778818766277,11.941778818766277
2020-06-29 16:00:00,24.333333333333332,39.653289794921875,42.41635440194093,39.65329,-15.319956461588543,15.319956461588543
2020-06-29 17:00:00,24.041666666666668,36.20769500732422,37.51965996293419,36.207695,-12.166028340657551,12.166028340657551
2020-06-29 18:00:00,24.458333333333332,36.9442138671875,38.96829908138271,36.944214,-12.485880533854168,12.485880533854168
2020-06-29 19:00:00,24.791666666666668,36.06084060668945,37.25389170339099,36.06084,-11.269173940022785,11.269173940022785
2020-06-29 20:00:00,24.875,37.71393585205078,37.657072913538485,37.713936,-12.838935852050781,12.838935852050781
2020-06-29 21:00:00,25.041666666666668,36.35165023803711,37.542160408497175,36.35165,-11.309983571370442,11.309983571370442
2020-06-29 22:00:00,25.25,36.530906677246094,38.84948916076504,36.530907,-11.280906677246094,11.280906677246094
2020-06-29 23:00:00,25.0,35.57222366333008,37.17810135685347,35.572224,-10.572223663330078,10.572223663330078
2020-06-30 00:00:00,23.333333333333332,37.194332122802734,37.92599621578294,37.194332,-13.860998789469402,13.860998789469402
2020-06-30 01:00:00,23.041666666666668,32.908599853515625,33.89956014786224,32.9086,-9.866933186848957,9.866933186848957
2020-06-30 02:00:00,23.083333333333332,30.827754974365234,34.20067907468147,30.827755,-7.744421641031902,7.744421641031902
2020-06-30 03:00:00,22.583333333333332,31.635154724121094,33.860455298311116,31.635155,-9.051821390787762,9.051821390787762
2020-06-30 04:00:00,22.416666666666668,29.281532287597656,29.673614164519712,29.281532,-6.864865620930988,6.864865620930988
2020-06-30 05:00:00,22.291666666666668,29.877517700195312,32.89033442654644,29.877518,-7.585851033528645,7.585851033528645
2020-06-30 06:00:00,21.75,29.913372039794922,29.123342280040173,29.913372,-8.163372039794922,8.163372039794922
2020-06-30 07:00:00,21.625,31.137409210205078,29.702250870462105,31.13741,-9.512409210205078,9.512409210205078
2020-06-30 08:00:00,21.708333333333332,30.083438873291016,28.835990091623092,30.083439,-8.375105539957683,8.375105539957683
2020-06-30 09:00:00,21.541666666666668,30.275394439697266,29.051725586560494,30.275394,-8.733727773030598,8.733727773030598
2020-06-30 10:00:00,20.875,27.210376739501953,28.144157018070246,27.210377,-6.335376739501953,6.335376739501953
2020-06-30 11:00:00,20.458333333333332,29.694374084472656,30.758556821212526,29.694374,-9.236040751139324,9.236040751139324
2020-06-30 12:00:00,20.25,27.759937286376953,28.026815529259082,27.759937,-7.509937286376953,7.509937286376953
2020-06-30 13:00:00,19.875,22.883445739746094,25.29203795743672,22.883446,-3.0084457397460938,3.0084457397460938
2020-06-30 14:00:00,19.166666666666668,26.748676300048828,29.087820943844545,26.748676,-7.58200963338216,7.58200963338216
2020-06-30 15:00:00,18.166666666666668,29.22205352783203,32.175469816107686,29.222054,-11.055386861165363,11.055386861165363
2020-06-30 16:00:00,17.791666666666668,27.979652404785156,30.268739953628454,27.979652,-10.187985738118488,10.187985738118488
2020-06-30 17:00:00,17.666666666666668,25.402603149414062,27.81933258115842,25.402603,-7.735936482747395,7.735936482747395
2020-06-30 18:00:00,17.333333333333332,26.934974670410156,31.06654110423974,26.934975,-9.601641337076824,9.601641337076824
2020-06-30 19:00:00,17.666666666666668,27.060489654541016,27.108719151851485,27.06049,-9.393822987874348,9.393822987874348
2020-06-30 20:00:00,17.458333333333332,25.156551361083984,25.87264068290471,25.156551,-7.698218027750652,7.698218027750652
2020-06-30 21:00:00,17.208333333333332,25.73099136352539,27.873920266515984,25.730991,-8.522658030192058,8.522658030192058
2020-06-30 22:00:00,16.791666666666668,25.836456298828125,26.89860188274883,25.836456,-9.044789632161457,9.044789632161457
2020-06-30 23:00:00,16.333333333333332,27.414844512939453,26.53044950520287,27.414845,-11.081511179606121,11.081511179606121
2020-07-01 00:00:00,16.208333333333332,26.897010803222656,25.612076082070196,26.89701,-10.688677469889324,10.688677469889324
2020-07-01 01:00:00,16.041666666666668,27.959278106689453,25.858293479008633,27.959278,-11.917611440022785,11.917611440022785
2020-07-01 02:00:00,15.625,26.946186065673828,26.897473645930425,26.946186,-11.321186065673828,11.321186065673828
2020-07-01 03:00:00,15.916666666666666,27.34130096435547,25.61866556998519,27.341301,-11.424634297688803,11.424634297688803
2020-07-01 04:00:00,16.291666666666668,25.57010269165039,24.43309599987112,25.570103,-9.278436024983723,9.278436024983723
2020-07-01 05:00:00,16.666666666666668,25.10306167602539,24.419933386008065,25.103062,-8.436395009358723,8.436395009358723
2020-07-01 06:00:00,16.833333333333332,29.054168701171875,26.162683775777886,29.054169,-12.220835367838543,12.220835367838543
2020-07-01 07:00:00,16.833333333333332,28.64702606201172,25.495263654482144,28.647026,-11.813692728678387,11.813692728678387
2020-07-01 08:00:00,16.666666666666668,31.010746002197266,25.750826408708374,31.010746,-14.344079335530598,14.344079335530598
2020-07-01 09:00:00,16.791666666666668,29.244083404541016,26.97149964030465,29.244083,-12.452416737874348,12.452416737874348
2020-07-01 10:00:00,17.125,29.015819549560547,27.38141739607109,29.01582,-11.890819549560547,11.890819549560547
2020-07-01 11:00:00,17.291666666666668,27.827537536621094,26.399619018066343,27.827538,-10.535870869954426,10.535870869954426
2020-07-01 12:00:00,17.375,20.35262680053711,20.720088953534212,20.352627,-2.9776268005371094,2.9776268005371094
2020-07-01 13:00:00,17.833333333333332,24.91162872314453,24.1260134520677,24.911629,-7.078295389811199,7.078295389811199
2020-07-01 14:00:00,18.208333333333332,23.838958740234375,23.052589666187224,23.838959,-5.630625406901043,5.630625406901043
2020-07-01 15:00:00,18.416666666666668,20.74184799194336,20.577699989329613,20.741848,-2.3251813252766915,2.3251813252766915
2020-07-01 16:00:00,18.25,21.079357147216797,22.017959595956565,21.079357,-2.829357147216797,2.829357147216797
2020-07-01 17:00:00,18.958333333333332,20.233837127685547,20.9170137273711,20.233837,-1.2755037943522147,1.2755037943522147
2020-07-01 18:00:00,20.833333333333332,20.00018310546875,21.021747285992674,20.000183,0.8331502278645821,0.8331502278645821
2020-07-01 19:00:00,21.333333333333332,19.963665008544922,21.697676229232307,19.963665,1.3696683247884103,1.3696683247884103
2020-07-01 20:00:00,22.083333333333332,18.12942123413086,20.009542263530406,18.129421,3.9539120992024728,3.9539120992024728
2020-07-01 21:00:00,22.708333333333332,18.321273803710938,19.990097247495672,18.321274,4.387059529622395,4.387059529622395
2020-07-01 22:00:00,23.416666666666668,17.760498046875,20.27194037642501,17.760498,5.656168619791668,5.656168619791668
2020-07-01 23:00:00,24.166666666666668,16.837860107421875,18.30283604954587,16.83786,7.328806559244793,7.328806559244793
2020-07-02 00:00:00,25.416666666666668,18.849449157714844,19.026729434064535,18.84945,6.567217508951824,6.567217508951824
2020-07-02 01:00:00,25.5,21.124732971191406,19.564470365625937,21.124733,4.375267028808594,4.375267028808594
2020-07-02 02:00:00,25.541666666666668,19.567459106445312,19.403444487390363,19.56746,5.974207560221355,5.974207560221355
2020-07-02 03:00:00,25.291666666666668,20.823009490966797,20.525298653002995,20.82301,4.468657175699871,4.468657175699871
2020-07-02 04:00:00,25.583333333333332,21.40328598022461,21.373764856291672,21.403286,4.180047353108723,4.180047353108723
2020-07-02 05:00:00,26.458333333333332,22.389514923095703,22.776181678371092,22.389515,4.068818410237629,4.068818410237629
2020-07-02 06:00:00,30.0,22.519161224365234,22.09886413942381,22.519161,7.480838775634766,7.480838775634766
2020-07-02 07:00:00,32.458333333333336,21.457496643066406,19.918568762616513,21.457497,11.00083669026693,11.00083669026693
2020-07-02 08:00:00,34.375,19.841747283935547,18.812754582994618,19.841747,14.533252716064453,14.533252716064453
2020-07-02 09:00:00,34.0,20.56287384033203,19.403192598065758,20.562874,13.437126159667969,13.437126159667969
2020-07-02 10:00:00,33.666666666666664,21.63968276977539,21.2975537525553,21.639683,12.026983896891274,12.026983896891274
2020-07-02 11:00:00,33.291666666666664,20.58859634399414,20.624798877031445,20.588596,12.703070322672524,12.703070322672524
2020-07-02 12:00:00,33.5,22.262439727783203,22.10630789161614,22.26244,11.237560272216797,11.237560272216797
2020-07-02 13:00:00,33.916666666666664,24.273597717285156,23.128326140630122,24.273598,9.643068949381508,9.643068949381508
2020-07-02 14:00:00,34.583333333333336,21.423282623291016,21.347421071128977,21.423283,13.16005071004232,13.16005071004232
2020-07-02 15:00:00,35.125,24.061962127685547,22.38739559599419,24.061962,11.063037872314453,11.063037872314453
2020-07-02 16:00:00,35.583333333333336,22.010299682617188,21.530354595078997,22.0103,13.573033650716148,13.573033650716148
2020-07-02 17:00:00,35.625,21.723495483398438,24.495376176155634,21.723495,13.901504516601562,13.901504516601562
2020-07-02 18:00:00,34.041666666666664,21.550750732421875,25.55794873576707,21.55075,12.49091593424479,12.49091593424479
2020-07-02 19:00:00,34.083333333333336,27.34487533569336,27.7866390074378,27.344875,6.738457997639976,6.738457997639976
2020-07-02 20:00:00,35.166666666666664,24.676868438720703,26.785177130818752,24.676868,10.489798227945961,10.489798227945961
2020-07-02 21:00:00,34.833333333333336,26.79727554321289,28.796053638759915,26.797276,8.036057790120445,8.036057790120445
2020-07-02 22:00:00,34.958333333333336,26.352962493896484,28.02581404174356,26.352962,8.605370839436851,8.605370839436851
2020-07-02 23:00:00,35.208333333333336,27.398361206054688,28.156897970846718,27.398361,7.809972127278648,7.809972127278648
2020-07-03 00:00:00,34.166666666666664,31.440540313720703,32.25763268931611,31.44054,2.726126352945961,2.726126352945961
2020-07-03 01:00:00,36.541666666666664,29.131404876708984,28.731963319249452,29.131405,7.41026178995768,7.41026178995768
2020-07-03 02:00:00,39.666666666666664,27.460845947265625,26.880616057549325,27.460846,12.20582071940104,12.20582071940104
2020-07-03 03:00:00,41.625,25.662708282470703,26.61048370609833,25.662708,15.962291717529297,15.962291717529297
2020-07-03 04:00:00,43.833333333333336,28.090599060058594,27.492608447620352,28.0906,15.742734273274742,15.742734273274742
2020-07-03 05:00:00,44.458333333333336,31.376659393310547,30.951578328233044,31.37666,13.081673940022789,13.081673940022789
2020-07-03 06:00:00,42.166666666666664,33.77267074584961,35.323920427664056,33.77267,8.393995920817055,8.393995920817055
2020-07-03 07:00:00,40.125,33.91276550292969,33.62746775240509,33.912766,6.2122344970703125,6.2122344970703125
2020-07-03 08:00:00,38.416666666666664,33.01544189453125,34.24369658359878,33.01544,5.401224772135414,5.401224772135414
2020-07-03 09:00:00,39.875,29.98809814453125,29.711743638527853,29.988098,9.88690185546875,9.88690185546875
2020-07-03 10:00:00,40.916666666666664,30.390209197998047,29.99476510992077,30.39021,10.526457468668617,10.526457468668617
2020-07-03 11:00:00,41.541666666666664,28.58172607421875,29.425190560391094,28.581726,12.959940592447914,12.959940592447914
2020-07-03 12:00:00,42.0,28.822772979736328,29.222218211562673,28.822773,13.177227020263672,13.177227020263672
2020-07-03 13:00:00,41.75,30.488910675048828,30.196981822733633,30.48891,11.261089324951172,11.261089324951172
2020-07-03 14:00:00,40.791666666666664,33.81603240966797,32.87814690709624,33.816032,6.9756342569986955,6.9756342569986955
2020-07-03 15:00:00,42.208333333333336,31.012840270996094,31.86224131866779,31.01284,11.195493062337242,11.195493062337242
2020-07-03 16:00:00,44.291666666666664,31.596179962158203,31.66663531406745,31.59618,12.695486704508461,12.695486704508461
2020-07-03 17:00:00,44.541666666666664,32.553138732910156,32.97463823376556,32.55314,11.988527933756508,11.988527933756508
2020-07-03 18:00:00,44.416666666666664,30.653018951416016,32.62852647585158,30.653019,13.763647715250649,13.763647715250649
2020-07-03 19:00:00,43.083333333333336,34.16009521484375,36.03036560857151,34.160095,8.923238118489586,8.923238118489586
2020-07-03 20:00:00,41.0,33.858642578125,35.483274716607205,33.858643,7.141357421875,7.141357421875
2020-07-03 21:00:00,40.375,31.229995727539062,31.05622881758614,31.229996,9.145004272460938,9.145004272460938
2020-07-03 22:00:00,39.5,31.23746109008789,32.64590034737281,31.237461,8.26253890991211,8.26253890991211
2020-07-03 23:00:00,38.958333333333336,30.479251861572266,31.937734735379394,30.479252,8.47908147176107,8.47908147176107
2020-07-04 00:00:00,38.875,27.293914794921875,27.819089762963284,27.293915,11.581085205078125,11.581085205078125
2020-07-04 01:00:00,37.083333333333336,31.123210906982422,33.107605378204106,31.12321,5.960122426350914,5.960122426350914
2020-07-04 02:00:00,34.708333333333336,34.10765075683594,37.1542326272338,34.10765,0.6006825764973982,0.6006825764973982
2020-07-04 03:00:00,33.416666666666664,32.95713806152344,33.61717307781675,32.957138,0.4595286051432268,0.4595286051432268
2020-07-04 04:00:00,30.791666666666668,34.410003662109375,33.746827872039646,34.410004,-3.618336995442707,3.618336995442707
2020-07-04 05:00:00,29.458333333333332,33.06121826171875,32.81602630835927,33.06122,-3.602884928385418,3.602884928385418
2020-07-04 06:00:00,28.5,32.0771598815918,31.11341930394522,32.07716,-3.577159881591797,3.577159881591797
2020-07-04 07:00:00,28.0,31.178630828857422,32.02531698833312,31.17863,-3.178630828857422,3.178630828857422
2020-07-04 08:00:00,28.541666666666668,29.615375518798828,29.502266952896303,29.615376,-1.0737088521321603,1.0737088521321603
2020-07-04 09:00:00,27.5,30.867042541503906,32.63500432607445,30.867043,-3.3670425415039062,3.3670425415039062
2020-07-04 10:00:00,26.416666666666668,31.305423736572266,32.564714459128794,31.305424,-4.888757069905598,4.888757069905598
2020-07-04 11:00:00,26.041666666666668,29.937694549560547,29.184515421987392,29.937695,-3.896027882893879,3.896027882893879
2020-07-04 12:00:00,25.708333333333332,28.822467803955078,30.108156373752664,28.822468,-3.114134470621746,3.114134470621746
2020-07-04 13:00:00,25.833333333333332,32.12178039550781,32.349820885594156,32.12178,-6.28844706217448,6.28844706217448
2020-07-04 14:00:00,27.666666666666668,22.906688690185547,24.570622991175803,22.906689,4.759977976481121,4.759977976481121
2020-07-04 15:00:00,26.083333333333332,32.3581657409668,36.289065320300544,32.358166,-6.274832407633465,6.274832407633465
2020-07-04 16:00:00,23.75,34.81361389160156,35.82769222487472,34.813614,-11.063613891601562,11.063613891601562
2020-07-04 17:00:00,22.708333333333332,31.58911895751953,33.275159036616834,31.589119,-8.880785624186199,8.880785624186199
2020-07-04 18:00:00,23.458333333333332,31.503189086914062,32.6535223859699,31.50319,-8.04485575358073,8.04485575358073
2020-07-04 19:00:00,23.916666666666668,28.04410171508789,29.367062213402825,28.044102,-4.127435048421223,4.127435048421223
2020-07-04 20:00:00,24.833333333333332,26.030738830566406,27.436337110057206,26.030739,-1.197405497233074,1.197405497233074
2020-07-04 21:00:00,24.875,27.72528839111328,28.3885701415419,27.725288,-2.8502883911132812,2.8502883911132812
2020-07-04 22:00:00,24.708333333333332,27.262798309326172,26.660883047729115,27.262798,-2.5544649759928397,2.5544649759928397
2020-07-04 23:00:00,24.041666666666668,29.384105682373047,31.09700256123038,29.384106,-5.342439015706379,5.342439015706379
2020-07-05 00:00:00,24.208333333333332,28.52387237548828,27.533240778462286,28.523872,-4.315539042154949,4.315539042154949
2020-07-05 01:00:00,24.333333333333332,27.960277557373047,29.208598143033363,27.960278,-3.6269442240397147,3.6269442240397147
2020-07-05 02:00:00,23.958333333333332,28.187496185302734,28.038130825927063,28.187496,-4.229162851969402,4.229162851969402
2020-07-05 03:00:00,23.583333333333332,26.135540008544922,25.07235375340674,26.13554,-2.5522066752115897,2.5522066752115897
2020-07-05 04:00:00,23.416666666666668,25.599193572998047,24.081190001995044,25.599194,-2.182526906331379,2.182526906331379
2020-07-05 05:00:00,23.25,27.716720581054688,25.58596054222237,27.71672,-4.4667205810546875,4.4667205810546875
2020-07-05 06:00:00,22.791666666666668,26.763866424560547,25.00849481315315,26.763866,-3.972199757893879,3.972199757893879
2020-07-05 07:00:00,23.125,25.10599136352539,23.291211186435948,25.105991,-1.9809913635253906,1.9809913635253906
2020-07-05 08:00:00,22.375,28.15121078491211,27.458559944154498,28.15121,-5.776210784912109,5.776210784912109
2020-07-05 09:00:00,21.875,26.060806274414062,25.62103100249694,26.060806,-4.1858062744140625,4.1858062744140625
2020-07-05 10:00:00,21.625,25.747173309326172,25.1859206788871,25.747173,-4.122173309326172,4.122173309326172
2020-07-05 11:00:00,21.541666666666668,24.666187286376953,24.984807069319068,24.666187,-3.1245206197102853,3.1245206197102853
2020-07-05 12:00:00,21.041666666666668,26.090904235839844,27.58468893015065,26.090904,-5.049237569173176,5.049237569173176
2020-07-05 13:00:00,20.458333333333332,26.5406494140625,27.089634095864138,26.54065,-6.082316080729168,6.082316080729168
2020-07-05 14:00:00,18.625,27.86581802368164,28.904797278505626,27.865818,-9.24081802368164,9.24081802368164
2020-07-05 15:00:00,18.208333333333332,27.665035247802734,28.268094561976167,27.665035,-9.456701914469402,9.456701914469402
2020-07-05 16:00:00,18.0,24.914199829101562,27.09245523687861,24.9142,-6.9141998291015625,6.9141998291015625
2020-07-05 17:00:00,17.791666666666668,24.501209259033203,26.08621570313846,24.50121,-6.709542592366535,6.709542592366535
2020-07-05 18:00:00,16.458333333333332,24.838146209716797,27.238117632832978,24.838146,-8.379812876383465,8.379812876383465
2020-07-05 19:00:00,16.25,22.708328247070312,25.260078885430424,22.708328,-6.4583282470703125,6.4583282470703125
2020-07-05 20:00:00,16.25,24.46731948852539,26.459786875143653,24.46732,-8.21731948852539,8.21731948852539
2020-07-05 21:00:00,16.333333333333332,24.860004425048828,27.06708356598191,24.860004,-8.526671091715496,8.526671091715496
2020-07-05 22:00:00,17.25,23.053504943847656,26.02597386599079,23.053505,-5.803504943847656,5.803504943847656
2020-07-05 23:00:00,17.583333333333332,23.197338104248047,24.573944974015063,23.197338,-5.614004770914715,5.614004770914715
2020-07-06 00:00:00,17.208333333333332,24.33492660522461,25.88612358091644,24.334927,-7.126593271891277,7.126593271891277
2020-07-06 01:00:00,16.625,24.34335708618164,25.850147378559303,24.343357,-7.718357086181641,7.718357086181641
2020-07-06 02:00:00,16.791666666666668,25.5697021484375,26.216474134717846,25.569702,-8.778035481770832,8.778035481770832
2020-07-06 03:00:00,16.791666666666668,23.932430267333984,24.230159340142436,23.93243,-7.1407636006673165,7.1407636006673165
2020-07-06 04:00:00,17.375,25.012100219726562,25.643367675454353,25.0121,-7.6371002197265625,7.6371002197265625
2020-07-06 05:00:00,17.666666666666668,25.894271850585938,24.91612218864651,25.894272,-8.22760518391927,8.22760518391927
2020-07-06 06:00:00,18.083333333333332,25.588531494140625,25.22242999773435,25.588531,-7.505198160807293,7.505198160807293
2020-07-06 07:00:00,17.708333333333332,27.312179565429688,25.57905777714112,27.31218,-9.603846232096355,9.603846232096355
2020-07-06 08:00:00,17.958333333333332,25.40085220336914,23.841720694630737,25.400852,-7.4425188700358085,7.4425188700358085
2020-07-06 09:00:00,18.333333333333332,23.728965759277344,23.033303081607325,23.728966,-5.395632425944012,5.395632425944012
2020-07-06 10:00:00,18.291666666666668,22.97726821899414,22.833770926110315,22.977268,-4.685601552327473,4.685601552327473
2020-07-06 11:00:00,18.375,24.27994155883789,23.916221030616043,24.279942,-5.904941558837891,5.904941558837891
2020-07-06 12:00:00,18.833333333333332,24.918514251708984,25.239047387477555,24.918514,-6.085180918375652,6.085180918375652
2020-07-06 13:00:00,18.583333333333332,25.249656677246094,25.257178667469205,25.249657,-6.666323343912762,6.666323343912762
2020-07-06 14:00:00,19.291666666666668,25.871593475341797,24.30172817916568,25.871593,-6.579926808675129,6.579926808675129
2020-07-06 15:00:00,19.25,26.603042602539062,25.03341114136676,26.603043,-7.3530426025390625,7.3530426025390625
2020-07-06 16:00:00,18.958333333333332,27.482070922851562,25.772580417440743,27.48207,-8.52373758951823,8.52373758951823
2020-07-06 17:00:00,19.083333333333332,27.96100616455078,26.53545378822445,27.961006,-8.877672831217449,8.877672831217449
2020-07-06 18:00:00,19.25,26.071147918701172,26.517342602180026,26.071148,-6.821147918701172,6.821147918701172
2020-07-06 19:00:00,19.083333333333332,27.760841369628906,28.597428277128262,27.760841,-8.677508036295574,8.677508036295574
2020-07-06 20:00:00,18.75,29.020992279052734,29.814704259769094,29.020992,-10.270992279052734,10.270992279052734
2020-07-06 21:00:00,19.5,26.78435516357422,27.617045527702857,26.784355,-7.284355163574219,7.284355163574219
2020-07-06 22:00:00,19.875,26.954116821289062,28.490677942680364,26.954117,-7.0791168212890625,7.0791168212890625
2020-07-06 23:00:00,21.166666666666668,28.149173736572266,28.439999680498843,28.149174,-6.982507069905598,6.982507069905598
2020-07-07 00:00:00,23.583333333333332,25.99002456665039,26.722058926242163,25.990025,-2.4066912333170585,2.4066912333170585
2020-07-07 01:00:00,26.25,27.927738189697266,28.88826875537921,27.927738,-1.6777381896972656,1.6777381896972656
2020-07-07 02:00:00,29.041666666666668,28.952190399169922,28.847649067878283,28.95219,0.08947626749674598,0.08947626749674598
2020-07-07 03:00:00,30.583333333333332,26.757007598876953,29.037762859745676,26.757008,3.826325734456379,3.826325734456379
2020-07-07 04:00:00,34.25,28.42905044555664,29.50538092827283,28.42905,5.820949554443359,5.820949554443359
2020-07-07 05:00:00,35.791666666666664,28.39096450805664,30.234090949305767,28.390965,7.400702158610024,7.400702158610024
2020-07-07 06:00:00,39.375,28.410919189453125,30.381544630905598,28.41092,10.964080810546875,10.964080810546875
2020-07-07 07:00:00,40.208333333333336,27.269420623779297,27.535044706296716,27.26942,12.938912709554039,12.938912709554039
2020-07-07 08:00:00,41.125,29.97567367553711,30.09080373126742,29.975674,11.14932632446289,11.14932632446289
2020-07-07 09:00:00,43.5,30.26776123046875,28.946548917647522,30.267761,13.23223876953125,13.23223876953125
2020-07-07 10:00:00,45.625,28.885028839111328,28.781188473408186,28.885029,16.739971160888672,16.739971160888672
2020-07-07 11:00:00,46.75,29.164878845214844,27.647228230099685,29.164879,17.585121154785156,17.585121154785156
2020-07-07 12:00:00,47.916666666666664,29.575000762939453,29.070912686204153,29.575,18.34166590372721,18.34166590372721
2020-07-07 13:00:00,49.166666666666664,27.210186004638672,27.142876192983863,27.210186,21.956480662027992,21.956480662027992
2020-07-07 14:00:00,49.833333333333336,29.105064392089844,29.658575573603763,29.105064,20.728268941243492,20.728268941243492
2020-07-07 15:00:00,49.791666666666664,31.89303970336914,29.78462477851414,31.89304,17.898626963297524,17.898626963297524
2020-07-07 16:00:00,50.375,28.974754333496094,27.69994127098834,28.974754,21.400245666503906,21.400245666503906
2020-07-07 17:00:00,51.041666666666664,31.437213897705078,31.184097008078762,31.437214,19.604452768961586,19.604452768961586
2020-07-07 18:00:00,51.666666666666664,29.896488189697266,29.474264425781435,29.896488,21.7701784769694,21.7701784769694
2020-07-07 19:00:00,51.875,28.200393676757812,28.713102213651418,28.200394,23.674606323242188,23.674606323242188
2020-07-07 20:00:00,51.958333333333336,29.302513122558594,29.41270923909203,29.302513,22.655820210774742,22.655820210774742
2020-07-07 21:00:00,51.75,29.33291244506836,31.736088360248505,29.332912,22.41708755493164,22.41708755493164
2020-07-07 22:00:00,51.541666666666664,31.402725219726562,33.11456512452143,31.402725,20.138941446940102,20.138941446940102
2020-07-07 23:00:00,50.791666666666664,33.16750717163086,34.228469688737796,33.167507,17.624159495035805,17.624159495035805
2020-07-08 00:00:00,48.583333333333336,31.512378692626953,32.20151015971904,31.512379,17.070954640706383,17.070954640706383
2020-07-08 01:00:00,45.958333333333336,32.5670051574707,33.351475668187064,32.567005,13.391328175862633,13.391328175862633
2020-07-08 02:00:00,42.916666666666664,33.41364288330078,34.56505326770371,33.413643,9.503023783365883,9.503023783365883
2020-07-08 03:00:00,41.5,31.136962890625,32.79790669105287,31.136963,10.363037109375,10.363037109375
2020-07-08 04:00:00,37.625,37.687889099121094,37.534759853559414,37.68789,-0.06288909912109375,0.06288909912109375
2020-07-08 05:00:00,35.916666666666664,36.77008056640625,38.0483746940693,36.77008,-0.8534138997395857,0.8534138997395857
2020-07-08 06:00:00,32.25,39.08815002441406,39.9537652220878,39.08815,-6.8381500244140625,6.8381500244140625
2020-07-08 07:00:00,31.791666666666668,37.450767517089844,36.52958704389031,37.450768,-5.659100850423176,5.659100850423176
2020-07-08 08:00:00,31.208333333333332,37.00110626220703,36.35677237642901,37.001106,-5.792772928873699,5.792772928873699
2020-07-08 09:00:00,29.083333333333332,40.807437896728516,39.57107862109542,40.807438,-11.724104563395183,11.724104563395183
2020-07-08 10:00:00,27.541666666666668,40.20524597167969,39.86780452271256,40.205246,-12.66357930501302,12.66357930501302
2020-07-08 11:00:00,26.75,40.04301834106445,40.848101425108126,40.04302,-13.293018341064453,13.293018341064453
2020-07-08 12:00:00,25.708333333333332,39.57886505126953,39.74390286678173,39.578865,-13.870531717936199,13.870531717936199
2020-07-08 13:00:00,24.958333333333332,40.12375259399414,40.36260475423864,40.123753,-15.165419260660808,15.165419260660808
2020-07-08 14:00:00,24.083333333333332,41.1463737487793,40.357582756409485,41.146374,-17.063040415445965,17.063040415445965
2020-07-08 15:00:00,24.375,38.57482147216797,36.96845757911641,38.57482,-14.199821472167969,14.199821472167969
2020-07-08 16:00:00,24.458333333333332,38.328277587890625,37.187703439902776,38.328278,-13.869944254557293,13.869944254557293
2020-07-08 17:00:00,24.25,37.936927795410156,38.61617253853133,37.936928,-13.686927795410156,13.686927795410156
2020-07-08 18:00:00,23.708333333333332,38.15116882324219,39.15573565550819,38.15117,-14.442835489908855,14.442835489908855
2020-07-08 19:00:00,23.625,38.277034759521484,38.95028295159648,38.277035,-14.652034759521484,14.652034759521484
2020-07-08 20:00:00,23.458333333333332,40.12044143676758,40.22204186748833,40.12044,-16.662108103434246,16.662108103434246
2020-07-08 21:00:00,23.041666666666668,39.39015579223633,38.48932325868277,39.390156,-16.34848912556966,16.34848912556966
2020-07-08 22:00:00,22.458333333333332,40.31309509277344,39.26164602258334,40.313095,-17.854761759440105,17.854761759440105
2020-07-08 23:00:00,21.958333333333332,40.91034698486328,39.16164925685329,40.910347,-18.95201365152995,18.95201365152995
2020-07-09 00:00:00,22.0,37.43169403076172,35.407463067635824,37.431694,-15.431694030761719,15.431694030761719
2020-07-09 01:00:00,21.875,34.48979949951172,34.56004032920207,34.4898,-12.614799499511719,12.614799499511719
2020-07-09 02:00:00,22.0,36.33575439453125,35.073571298449664,36.335754,-14.33575439453125,14.33575439453125
2020-07-09 03:00:00,21.75,32.27134704589844,31.615001360388593,32.271347,-10.521347045898438,10.521347045898438
2020-07-09 04:00:00,21.375,32.06291580200195,31.09340646772032,32.062916,-10.687915802001953,10.687915802001953
2020-07-09 05:00:00,20.958333333333332,30.961971282958984,28.390107979521634,30.961971,-10.003637949625652,10.003637949625652
2020-07-09 06:00:00,21.125,32.584224700927734,30.825952009273976,32.584225,-11.459224700927734,11.459224700927734
2020-07-09 07:00:00,20.541666666666668,31.074459075927734,30.716518428019896,31.07446,-10.532792409261067,10.532792409261067
2020-07-09 08:00:00,20.083333333333332,30.26396942138672,29.677280337549124,30.26397,-10.180636088053387,10.180636088053387
2020-07-09 09:00:00,19.666666666666668,29.990707397460938,28.69903464850649,29.990707,-10.32404073079427,10.32404073079427
2020-07-09 10:00:00,19.708333333333332,29.33719253540039,29.08665434987692,29.337193,-9.628859202067058,9.628859202067058
2020-07-09 11:00:00,19.375,27.959945678710938,26.82855518277782,27.959946,-8.584945678710938,8.584945678710938
2020-07-09 12:00:00,18.936011904761905,28.930233001708984,27.92667174547038,28.930233,-9.99422109694708,9.99422109694708
2020-07-09 13:00:00,18.683035714285715,26.864559173583984,26.20180390350495,26.86456,-8.181523459298269,8.181523459298269
2020-07-09 14:00:00,18.366071428571427,27.40340805053711,26.92314684964583,27.403408,-9.037336621965682,9.037336621965682
2020-07-09 15:00:00,18.068452380952383,25.63214111328125,27.004753945254095,25.632141,-7.563688732328867,7.563688732328867
2020-08-21 15:00:00,42.041666666666664,30.291301727294922,26.985122207994436,30.291302,11.750364939371742,11.750364939371742
2020-08-21 16:00:00,44.5,28.98479461669922,26.147624542567332,28.984795,15.515205383300781,15.515205383300781
2020-08-21 17:00:00,45.791666666666664,29.06106948852539,25.848284418900587,29.06107,16.730597178141274,16.730597178141274
2020-08-21 18:00:00,46.791666666666664,27.86620330810547,26.461692758829425,27.866203,18.925463358561196,18.925463358561196
2020-08-21 19:00:00,46.458333333333336,28.27362060546875,26.487903346288753,28.27362,18.184712727864586,18.184712727864586
2020-08-21 20:00:00,47.0,27.214954376220703,26.975663283931908,27.214954,19.785045623779297,19.785045623779297
2020-08-21 21:00:00,47.416666666666664,25.88536834716797,22.964313571199156,25.885368,21.531298319498696,21.531298319498696
2020-08-21 22:00:00,50.25,26.26970672607422,23.797540417596963,26.269707,23.98029327392578,23.98029327392578
2020-08-21 23:00:00,50.0,32.90928649902344,30.39836768279343,32.909286,17.090713500976562,17.090713500976562
2020-08-22 00:00:00,49.916666666666664,32.461429595947266,32.27472865357718,32.46143,17.4552370707194,17.4552370707194
2020-08-22 01:00:00,47.291666666666664,38.74710464477539,36.06547925746315,38.747105,8.544562021891274,8.544562021891274
2020-08-22 02:00:00,44.25,38.69500732421875,35.879166005456526,38.695007,5.55499267578125,5.55499267578125
2020-08-22 03:00:00,43.791666666666664,33.62628936767578,31.50827976949835,33.62629,10.165377298990883,10.165377298990883
2020-08-22 04:00:00,43.791666666666664,30.88369369506836,28.801920546250965,30.883694,12.907972971598305,12.907972971598305
2020-08-22 05:00:00,43.791666666666664,34.38332748413086,32.41849507728417,34.383327,9.408339182535805,9.408339182535805
2020-08-22 06:00:00,40.916666666666664,38.56103515625,36.82151910975545,38.561035,2.3556315104166643,2.3556315104166643
2020-08-22 07:00:00,40.916666666666664,35.23731994628906,35.10661014881553,35.23732,5.679346720377602,5.679346720377602
2020-08-22 08:00:00,40.166666666666664,34.82695007324219,36.367518262287334,34.82695,5.339716593424477,5.339716593424477
2020-08-22 09:00:00,41.166666666666664,33.290435791015625,32.581038497713344,33.290436,7.876230875651039,7.876230875651039
2020-08-22 10:00:00,40.25,33.148162841796875,34.936603871945096,33.148163,7.101837158203125,7.101837158203125
2020-08-22 11:00:00,39.583333333333336,36.821014404296875,38.43045241865539,36.821014,2.7623189290364607,2.7623189290364607
2020-08-22 12:00:00,45.0,32.92272186279297,32.58959490078084,32.92272,12.077278137207031,12.077278137207031
2020-08-22 13:00:00,46.458333333333336,32.155235290527344,33.87658731084174,32.155235,14.303098042805992,14.303098042805992
2020-08-22 14:00:00,47.125,34.003746032714844,35.884935577297725,34.003746,13.121253967285156,13.121253967285156
2020-08-22 15:00:00,46.083333333333336,34.045310974121094,36.51932849124347,34.04531,12.038022359212242,12.038022359212242
2020-08-22 16:00:00,44.0,40.74653244018555,40.41641458577956,40.746532,3.253467559814453,3.253467559814453
2020-08-22 17:00:00,42.791666666666664,38.59611892700195,38.540189273437996,38.59612,4.195547739664711,4.195547739664711
2020-08-22 18:00:00,42.458333333333336,37.77442932128906,37.98248466351197,37.77443,4.683904012044273,4.683904012044273
2020-08-22 19:00:00,43.125,37.927528381347656,35.00863722800768,37.92753,5.197471618652344,5.197471618652344
2020-08-22 20:00:00,43.541666666666664,35.27269744873047,32.98013752856618,35.272697,8.268969217936196,8.268969217936196
2020-08-22 21:00:00,43.208333333333336,36.798988342285156,36.23044488744668,36.79899,6.4093449910481795,6.4093449910481795
2020-08-22 22:00:00,40.875,39.89394760131836,37.49614953729259,39.893948,0.9810523986816406,0.9810523986816406
2020-08-22 23:00:00,37.708333333333336,42.279327392578125,40.4871629744949,42.279327,-4.570994059244789,4.570994059244789
2020-08-23 00:00:00,40.333333333333336,39.24620056152344,37.5852164725482,39.2462,1.0871327718098982,1.0871327718098982
2020-08-23 01:00:00,43.875,39.34886932373047,37.12083672320963,39.34887,4.526130676269531,4.526130676269531
2020-08-23 02:00:00,50.333333333333336,34.926414489746094,34.12893497363267,34.926414,15.406918843587242,15.406918843587242
2020-08-23 03:00:00,52.833333333333336,37.23373031616211,33.812315869224584,37.23373,15.599603017171226,15.599603017171226
2020-08-23 04:00:00,52.791666666666664,39.65414810180664,35.11213561145866,39.65415,13.137518564860024,13.137518564860024
2020-08-23 05:00:00,51.416666666666664,41.165523529052734,40.285122649419414,41.165524,10.25114313761393,10.25114313761393
2020-08-23 06:00:00,57.916666666666664,38.315189361572266,36.61855386417937,38.31519,19.6014773050944,19.6014773050944
2020-08-23 07:00:00,61.041666666666664,40.02989959716797,40.63452425437087,40.0299,21.011767069498696,21.011767069498696
2020-08-23 08:00:00,60.875,38.12701416015625,37.93749104986623,38.127014,22.74798583984375,22.74798583984375
2020-08-23 09:00:00,60.166666666666664,39.02013397216797,37.88473765118879,39.020134,21.146532694498696,21.146532694498696
2020-08-23 10:00:00,61.541666666666664,34.738006591796875,33.28336606816167,34.738007,26.80366007486979,26.80366007486979
2020-08-23 11:00:00,59.375,35.297813415527344,36.22183359987411,35.297813,24.077186584472656,24.077186584472656
2020-08-23 12:00:00,54.25,41.71025085449219,44.98078526395687,41.71025,12.539749145507812,12.539749145507812
2020-08-23 13:00:00,52.375,43.186279296875,44.19591339470474,43.18628,9.188720703125,9.188720703125
2020-08-23 14:00:00,50.875,44.49468231201172,46.07883733982693,44.494682,6.380317687988281,6.380317687988281
2020-08-23 15:00:00,49.666666666666664,43.59850311279297,44.58786891863985,43.598503,6.0681635538736955,6.0681635538736955
2020-08-23 16:00:00,49.0,39.244712829589844,40.16865309702154,39.244713,9.755287170410156,9.755287170410156
2020-08-23 17:00:00,48.833333333333336,35.058589935302734,34.28976731074357,35.05859,13.774743398030601,13.774743398030601
2020-08-23 18:00:00,48.5,38.491329193115234,36.837808545299104,38.49133,10.008670806884766,10.008670806884766
2020-08-23 19:00:00,48.041666666666664,42.47500991821289,42.262062766667185,42.47501,5.566656748453774,5.566656748453774
2020-08-23 20:00:00,48.833333333333336,40.64096450805664,39.81499829279979,40.640965,8.192368825276695,8.192368825276695
2020-08-23 21:00:00,49.125,37.75624084472656,36.35322116867773,37.75624,11.368759155273438,11.368759155273438
2020-08-23 22:00:00,48.833333333333336,34.643577575683594,34.36377447123971,34.643578,14.189755757649742,14.189755757649742
2020-08-23 23:00:00,49.25,30.020137786865234,32.09951036852903,30.020138,19.229862213134766,19.229862213134766
2020-08-24 00:00:00,45.208333333333336,38.523136138916016,40.185296538718184,38.523136,6.68519719441732,6.68519719441732
2020-08-24 01:00:00,39.958333333333336,45.810577392578125,44.793080359078346,45.810577,-5.852244059244789,5.852244059244789
2020-08-24 02:00:00,34.083333333333336,48.90419387817383,49.37075093494623,48.904194,-14.820860544840492,14.820860544840492
2020-08-24 03:00:00,31.291666666666668,51.31496047973633,48.784106669510365,51.31496,-20.02329381306966,20.02329381306966
2020-08-24 04:00:00,30.833333333333332,41.517311096191406,39.160394229446325,41.51731,-10.683977762858074,10.683977762858074
2020-08-24 05:00:00,30.458333333333332,37.97687530517578,36.81689349486872,37.976875,-7.518541971842449,7.518541971842449
2020-08-24 06:00:00,22.791666666666668,49.94527816772461,50.388197861107066,49.94528,-27.15361150105794,27.15361150105794
2020-08-24 07:00:00,18.0,50.609222412109375,48.86899112236252,50.609222,-32.609222412109375,32.609222412109375
2020-08-24 08:00:00,17.291666666666668,44.94684600830078,43.80285755571874,44.946846,-27.655179341634113,27.655179341634113
2020-08-24 09:00:00,16.75,46.932861328125,43.07557735538896,46.93286,-30.182861328125,30.182861328125
2020-08-24 10:00:00,15.0,50.06535339355469,46.35321152966523,50.065353,-35.06535339355469,35.06535339355469
2020-08-24 11:00:00,14.833333333333334,39.97771453857422,41.28106788631513,39.977715,-25.144381205240883,25.144381205240883
2020-08-24 12:00:00,14.375,40.40459060668945,40.83647645901184,40.40459,-26.029590606689453,26.029590606689453
2020-08-24 13:00:00,13.958333333333334,38.947322845458984,37.46211310518567,38.947323,-24.98898951212565,24.98898951212565
2020-08-24 14:00:00,13.541666666666666,36.321861267089844,36.553380019641516,36.32186,-22.78019460042318,22.78019460042318
2020-08-24 15:00:00,13.625,34.23616409301758,31.395087746579566,34.236164,-20.611164093017578,20.611164093017578
2020-08-24 16:00:00,13.958333333333334,36.06851577758789,35.77061493152046,36.068516,-22.110182444254555,22.110182444254555
2020-08-24 17:00:00,13.666666666666666,37.570533752441406,37.88748109793092,37.570534,-23.903867085774742,23.903867085774742
2020-08-24 18:00:00,13.125,37.48650360107422,36.48211111478555,37.486504,-24.36150360107422,24.36150360107422
2020-08-24 19:00:00,12.541666666666666,36.92060852050781,33.27935960456059,36.92061,-24.378941853841148,24.378941853841148
2020-08-24 20:00:00,10.833333333333334,39.651817321777344,38.57605830484819,39.651817,-28.818483988444008,28.818483988444008
2020-08-24 21:00:00,9.791666666666666,40.32383728027344,36.71955083596484,40.323837,-30.532170613606773,30.532170613606773
2020-08-24 22:00:00,9.291666666666666,36.50083541870117,33.135661924497704,36.500835,-27.209168752034508,27.209168752034508
2020-08-24 23:00:00,8.416666666666666,36.19706344604492,34.82560627186579,36.197063,-27.780396779378258,27.780396779378258
2020-08-25 00:00:00,8.666666666666666,24.757530212402344,28.69168324554152,24.75753,-16.09086354573568,16.09086354573568
2020-08-25 01:00:00,8.958333333333334,20.852645874023438,25.530654086696497,20.852646,-11.894312540690104,11.894312540690104
2020-08-25 02:00:00,8.375,28.063663482666016,29.041306037921437,28.063663,-19.688663482666016,19.688663482666016
2020-08-25 03:00:00,8.625,24.293113708496094,27.23004722567902,24.293114,-15.668113708496094,15.668113708496094
2020-08-25 04:00:00,8.833333333333334,25.66150665283203,26.917158386178468,25.661507,-16.828173319498696,16.828173319498696
2020-08-25 05:00:00,8.958333333333334,26.268157958984375,28.394324830413826,26.268158,-17.30982462565104,17.30982462565104
2020-08-25 06:00:00,9.083333333333334,21.649188995361328,23.14889272658435,21.649189,-12.565855662027994,12.565855662027994
2020-08-25 07:00:00,9.375,22.747554779052734,22.905311248515364,22.747555,-13.372554779052734,13.372554779052734
2020-08-25 08:00:00,9.833333333333334,22.879566192626953,23.406465135334155,22.879566,-13.04623285929362,13.04623285929362
2020-08-25 09:00:00,10.333333333333334,23.560306549072266,23.663689211766602,23.560307,-13.226973215738932,13.226973215738932
2020-08-25 10:00:00,10.916666666666666,20.011600494384766,20.748062803205773,20.0116,-9.0949338277181,9.0949338277181
2020-08-25 11:00:00,11.0,16.099258422851562,14.252787233509375,16.099258,-5.0992584228515625,5.0992584228515625
2020-08-25 12:00:00,11.083333333333334,14.9208984375,14.74424797234707,14.920898,-3.837565104166666,3.837565104166666
2020-08-25 13:00:00,11.291666666666666,12.149940490722656,12.535824756201821,12.1499405,-0.8582738240559902,0.8582738240559902
2020-08-25 14:00:00,11.875,8.416397094726562,10.672678744774823,8.416397,3.4586029052734375,3.4586029052734375
2020-08-25 15:00:00,12.208333333333334,13.567955017089844,13.937109970374378,13.567955,-1.3596216837565098,1.3596216837565098
2020-08-25 16:00:00,11.916666666666666,12.804176330566406,16.714365549814303,12.804176,-0.8875096638997402,0.8875096638997402
2020-08-25 17:00:00,12.333333333333334,10.988605499267578,15.40114651024677,10.9886055,1.3447278340657558,1.3447278340657558
2020-08-25 18:00:00,12.541666666666666,13.974197387695312,15.663942608300315,13.974197,-1.4325307210286464,1.4325307210286464
2020-08-25 19:00:00,12.416666666666666,13.749500274658203,15.398300983789314,13.7495,-1.332833607991537,1.332833607991537
2020-08-25 20:00:00,12.708333333333334,9.717144012451172,12.766397856680651,9.717144,2.991189320882162,2.991189320882162
2020-08-25 21:00:00,12.833333333333334,10.288825988769531,11.169494006525492,10.288826,2.5445073445638027,2.5445073445638027
2020-08-25 22:00:00,13.25,12.882492065429688,13.036117974217994,12.882492,0.3675079345703125,0.3675079345703125
2020-08-25 23:00:00,14.208333333333334,10.659912109375,11.90106371771988,10.659912,3.548421223958334,3.548421223958334
2020-08-26 00:00:00,14.625,11.210639953613281,12.202132537455888,11.21064,3.4143600463867188,3.4143600463867188
2020-08-26 01:00:00,14.708333333333334,9.656219482421875,12.13998145693468,9.6562195,5.052113850911459,5.052113850911459
2020-08-26 02:00:00,14.875,9.896717071533203,9.90107790888573,9.896717,4.978282928466797,4.978282928466797
2020-08-26 03:00:00,15.5,12.009899139404297,11.648485065235935,12.009899,3.490100860595703,3.490100860595703
2020-08-26 04:00:00,16.375,12.06991195678711,11.62574188786512,12.069912,4.305088043212891,4.305088043212891
2020-08-26 05:00:00,17.833333333333332,11.65494155883789,11.240708363048144,11.654942,6.1783917744954415,6.1783917744954415
2020-08-26 06:00:00,18.75,14.31777572631836,11.748318021591285,14.317776,4.432224273681641,4.432224273681641
2020-08-26 07:00:00,19.291666666666668,16.32268524169922,13.86383651371977,16.322685,2.968981424967449,2.968981424967449
2020-08-26 08:00:00,19.333333333333332,18.69506072998047,18.853113034812697,18.69506,0.6382726033528634,0.6382726033528634
2020-08-26 09:00:00,19.708333333333332,20.887954711914062,21.448446353728457,20.887955,-1.1796213785807304,1.1796213785807304
2020-08-26 10:00:00,19.916666666666668,21.80654525756836,22.068063798288932,21.806545,-1.8898785909016915,1.8898785909016915
2020-08-26 11:00:00,20.208333333333332,21.353675842285156,21.57296718431173,21.353676,-1.145342508951824,1.145342508951824
2020-08-26 12:00:00,20.75,20.561721801757812,19.624485028144527,20.561722,0.1882781982421875,0.1882781982421875
2020-08-26 13:00:00,21.291666666666668,19.43709945678711,19.38816602483405,19.4371,1.8545672098795585,1.8545672098795585
2020-08-26 14:00:00,21.375,20.389766693115234,21.577276504770406,20.389767,0.9852333068847656,0.9852333068847656
2020-08-26 15:00:00,21.375,23.812091827392578,24.03612643524988,23.812092,-2.437091827392578,2.437091827392578
2020-08-26 16:00:00,21.25,22.535293579101562,23.186475760967934,22.535294,-1.2852935791015625,1.2852935791015625
2020-08-26 17:00:00,21.5,22.535476684570312,24.048337635025835,22.535477,-1.0354766845703125,1.0354766845703125
2020-08-26 18:00:00,23.666666666666668,23.005958557128906,22.215444377450336,23.005959,0.6607081095377616,0.6607081095377616
2020-08-26 19:00:00,24.875,21.515518188476562,20.75778212536702,21.515518,3.3594818115234375,3.3594818115234375
2020-08-26 20:00:00,25.291666666666668,23.257568359375,23.17995639143432,23.257568,2.034098307291668,2.034098307291668
2020-08-26 21:00:00,27.958333333333332,27.220901489257812,23.748658831837286,27.220901,0.7374318440755196,0.7374318440755196
2020-08-26 22:00:00,29.375,26.52120590209961,25.547045271403775,26.521206,2.8537940979003906,2.8537940979003906
2020-08-26 23:00:00,29.875,28.621688842773438,27.85835256322222,28.621689,1.2533111572265625,1.2533111572265625
2020-08-27 00:00:00,32.458333333333336,30.383296966552734,27.82260581312081,30.383297,2.0750363667806013,2.0750363667806013
2020-08-27 01:00:00,34.375,32.21915054321289,31.3757295757486,32.21915,2.1558494567871094,2.1558494567871094
2020-08-27 02:00:00,37.333333333333336,33.869422912597656,32.83694967678302,33.869423,3.4639104207356795,3.4639104207356795
2020-08-27 03:00:00,39.791666666666664,32.65303421020508,31.528572336622783,32.653034,7.138632456461586,7.138632456461586
2020-08-27 04:00:00,41.25,30.652088165283203,29.976178647322392,30.652088,10.597911834716797,10.597911834716797
2020-08-27 05:00:00,44.291666666666664,32.65864181518555,32.29134213529866,32.65864,11.633024851481117,11.633024851481117
2020-08-27 06:00:00,44.958333333333336,36.5648078918457,33.98279611332207,36.564808,8.393525441487633,8.393525441487633
2020-08-27 07:00:00,45.958333333333336,33.23500442504883,31.397375903191644,33.235004,12.723328908284508,12.723328908284508
2020-08-27 08:00:00,48.416666666666664,32.95575714111328,29.09507126771482,32.955757,15.460909525553383,15.460909525553383
2020-08-27 09:00:00,48.75,34.26445770263672,31.808018124801453,34.264458,14.485542297363281,14.485542297363281
2020-08-27 10:00:00,49.041666666666664,36.060630798339844,31.90454017953793,36.06063,12.98103586832682,12.98103586832682
2020-08-27 11:00:00,49.625,35.04226303100586,31.420007053582896,35.042263,14.58273696899414,14.58273696899414
2020-08-27 12:00:00,49.625,34.94417953491211,30.778902122267255,34.94418,14.68082046508789,14.68082046508789
2020-08-27 13:00:00,49.583333333333336,35.73815155029297,32.23708295793944,35.73815,13.845181783040367,13.845181783040367
2020-08-27 14:00:00,49.458333333333336,35.606361389160156,31.82406248073894,35.60636,13.85197194417318,13.85197194417318
2020-08-27 15:00:00,49.75,36.96807861328125,32.57506520678635,36.96808,12.78192138671875,12.78192138671875
2020-08-27 16:00:00,50.208333333333336,33.494407653808594,30.03452344604242,33.494408,16.713925679524742,16.713925679524742
2020-08-27 17:00:00,49.666666666666664,32.661827087402344,29.018663802117423,32.661827,17.00483957926432,17.00483957926432
2020-08-27 18:00:00,48.25,33.947227478027344,32.29258647028219,33.947227,14.302772521972656,14.302772521972656
2020-08-27 19:00:00,48.083333333333336,32.294376373291016,31.522952413986676,32.294376,15.78895696004232,15.78895696004232
2020-08-27 20:00:00,48.875,31.630634307861328,29.964465629458367,31.630634,17.244365692138672,17.244365692138672
2020-08-27 21:00:00,46.833333333333336,34.8253059387207,32.30128836332067,34.825306,12.008027394612633,12.008027394612633
2020-08-27 22:00:00,45.416666666666664,31.574352264404297,32.08775228884693,31.574352,13.842314402262367,13.842314402262367
2020-08-27 23:00:00,44.5,31.63101577758789,31.770160352260245,31.631016,12.86898422241211,12.86898422241211
2020-08-28 00:00:00,42.458333333333336,32.73862838745117,34.460108861546054,32.73863,9.719704945882164,9.719704945882164
2020-08-28 01:00:00,41.208333333333336,34.4020881652832,34.64436977309006,34.40209,6.806245168050133,6.806245168050133
2020-08-28 02:00:00,38.833333333333336,33.618587493896484,34.96806196013641,33.618587,5.214745839436851,5.214745839436851
2020-08-28 03:00:00,36.083333333333336,35.12476348876953,35.213321799118646,35.124763,0.9585698445638045,0.9585698445638045
2020-08-28 04:00:00,33.958333333333336,33.58049392700195,35.20903383902656,33.580494,0.3778394063313826,0.3778394063313826
2020-08-28 05:00:00,29.75,34.89456558227539,36.2660254316779,34.894566,-5.144565582275391,5.144565582275391
2020-08-28 06:00:00,28.541666666666668,33.080848693847656,35.546037167135104,33.08085,-4.539182027180988,4.539182027180988
2020-08-28 07:00:00,27.416666666666668,37.51377868652344,39.06791253096931,37.51378,-10.09711201985677,10.09711201985677
2020-08-28 08:00:00,25.0,39.24883270263672,40.06939975816291,39.248833,-14.248832702636719,14.248832702636719
2020-08-28 09:00:00,24.25,36.833465576171875,37.76982363213483,36.833466,-12.583465576171875,12.583465576171875
2020-08-28 10:00:00,24.0,37.86660385131836,37.2151434430294,37.866604,-13.86660385131836,13.86660385131836
2020-08-28 11:00:00,23.666666666666668,35.92841339111328,36.63889684616515,35.928413,-12.261746724446613,12.261746724446613
2020-08-28 12:00:00,23.666666666666668,35.220340728759766,35.846456427714806,35.22034,-11.553674062093098,11.553674062093098
2020-08-28 13:00:00,23.958333333333332,34.25181198120117,35.33593439803218,34.251812,-10.29347864786784,10.29347864786784
2020-08-28 14:00:00,24.208333333333332,33.38704299926758,34.34698610416782,33.387043,-9.178709665934246,9.178709665934246
2020-08-28 15:00:00,23.958333333333332,34.36125946044922,35.99004229586922,34.36126,-10.402926127115887,10.402926127115887
2020-08-28 16:00:00,23.958333333333332,32.77573776245117,34.19478574889227,32.775738,-8.81740442911784,8.81740442911784
2020-08-28 17:00:00,24.291666666666668,31.05990982055664,32.504231447896544,31.05991,-6.768243153889973,6.768243153889973
2020-08-28 18:00:00,24.5,33.2894287109375,33.31127230828329,33.28943,-8.7894287109375,8.7894287109375
2020-08-28 19:00:00,28.208333333333332,33.91786193847656,34.3399845207764,33.917862,-5.70952860514323,5.70952860514323
2020-08-28 20:00:00,28.5,33.57324981689453,34.969444782523574,33.57325,-5.073249816894531,5.073249816894531
2020-08-28 21:00:00,29.471153846153843,33.448890686035156,33.4704982577155,33.44889,-3.977736839881313,3.977736839881313
2020-08-28 22:00:00,30.580128205128204,32.63380432128906,31.574797266490563,32.633804,-2.053676116160858,2.053676116160858
2020-08-28 23:00:00,31.61858974358974,31.25572967529297,31.75605312523086,31.25573,0.3628600682967722,0.3628600682967722
2020-08-29 00:00:00,32.00320512820513,33.45988464355469,33.10432818645537,33.459885,-1.4566795153495562,1.4566795153495562
2020-08-29 01:00:00,31.628205128205128,32.36369323730469,33.530630268055575,32.363693,-0.7354881090995598,0.7354881090995598
2020-08-29 02:00:00,31.711538461538463,32.31570053100586,33.63276441701221,32.3157,-0.6041620694673959,0.6041620694673959
2020-08-29 03:00:00,32.00320512820513,27.660564422607422,29.583922240722455,27.660564,4.342640705597709,4.342640705597709
2020-08-29 04:00:00,32.87820512820513,28.61688232421875,28.85391608696894,28.616882,4.261322803986381,4.261322803986381
2020-08-29 05:00:00,33.71153846153846,28.583511352539062,27.962678974978527,28.583511,5.128027108999397,5.128027108999397
2020-08-29 06:00:00,34.46153846153846,28.63018035888672,27.126090389352818,28.63018,5.831358102651741,5.831358102651741
2020-08-29 07:00:00,35.044871794871796,28.826980590820312,27.657473481399208,28.82698,6.217891204051483,6.217891204051483
2020-08-29 08:00:00,35.83653846153846,27.532814025878906,25.759314332886493,27.532814,8.303724435659554,8.303724435659554
2020-08-29 09:00:00,36.669871794871796,25.03924560546875,24.6721805058901,25.039246,11.630626189403046,11.630626189403046
2020-08-29 10:00:00,37.83653846153846,26.16378402709961,26.187991718654462,26.163784,11.67275443443885,11.67275443443885
2020-08-29 11:00:00,38.96153846153846,28.11700439453125,28.07947253522413,28.117004,10.84453406700721,10.84453406700721
2020-08-29 12:00:00,41.00320512820513,26.536285400390625,24.863075694345575,26.536285,14.466919727814506,14.466919727814506
2020-08-29 13:00:00,42.00320512820513,27.71021270751953,28.150654515527155,27.710213,14.2929924206856,14.2929924206856
2020-08-29 14:00:00,43.419871794871796,27.682819366455078,27.074478894020963,27.68282,15.737052428416717,15.737052428416717
2020-08-29 15:00:00,44.62820512820513,27.474937438964844,25.429364284680144,27.474937,17.153267689240288,17.153267689240288
2020-08-29 16:00:00,45.12820512820513,29.114200592041016,28.70844454339663,29.1142,16.014004536164116,16.014004536164116
2020-08-29 17:00:00,45.12820512820513,28.535736083984375,30.619537884473065,28.535736,16.592469044220756,16.592469044220756
2020-08-29 18:00:00,44.294871794871796,28.266887664794922,30.960113992748056,28.266888,16.027984130076874,16.027984130076874
2020-08-29 19:00:00,39.794871794871796,27.640220642089844,33.31960160524303,27.64022,12.154651152781952,12.154651152781952
2020-08-29 20:00:00,39.71153846153846,31.617984771728516,32.86383668827094,31.617985,8.093553689809944,8.093553689809944
2020-08-29 21:00:00,39.44871794871795,30.018157958984375,32.71007189395121,30.018158,9.430559989733574,9.430559989733574
2020-08-29 22:00:00,38.92307692307693,30.979846954345703,31.59801967262709,30.979847,7.943229968731224,7.943229968731224
2020-08-29 23:00:00,38.46794871794872,31.442806243896484,33.18551203650118,31.442806,7.025142474052238,7.025142474052238
2020-08-30 00:00:00,38.208333333333336,32.74347686767578,33.710096522676984,32.743477,5.4648564656575545,5.4648564656575545
2020-08-30 09:00:00,39.125,30.421695709228516,28.64737822835233,30.421696,8.703304290771484,8.703304290771484
2020-08-30 10:00:00,39.708333333333336,31.658660888671875,30.768189939854754,31.65866,8.04967244466146,8.04967244466146
2020-08-30 11:00:00,40.333333333333336,29.20169448852539,28.836071409799697,29.201694,11.131638844807945,11.131638844807945
2020-08-30 12:00:00,40.5,30.082916259765625,29.872555726165864,30.082916,10.417083740234375,10.417083740234375
2020-08-30 13:00:00,40.75,30.151973724365234,29.160756567774776,30.151974,10.598026275634766,10.598026275634766
2020-08-30 14:00:00,41.25,30.344886779785156,30.32619996057591,30.344887,10.905113220214844,10.905113220214844
2020-08-30 15:00:00,41.833333333333336,29.38251495361328,28.618734704529956,29.382515,12.450818379720054,12.450818379720054
2020-08-30 16:00:00,42.166666666666664,33.40351867675781,33.158801184310356,33.40352,8.763147989908852,8.763147989908852
2020-08-30 17:00:00,42.541666666666664,34.578792572021484,33.165243256687226,34.578793,7.96287409464518,7.96287409464518
2020-08-30 18:00:00,43.041666666666664,38.979209899902344,38.56717911107516,38.97921,4.0624567667643205,4.0624567667643205
2020-08-30 19:00:00,44.75,39.62192916870117,39.344844864362415,39.62193,5.128070831298828,5.128070831298828
2020-08-30 20:00:00,45.166666666666664,34.951194763183594,36.50666015097638,34.951195,10.21547190348307,10.21547190348307
2020-08-30 21:00:00,45.5,35.9128532409668,36.403068714377405,35.912853,9.587146759033203,9.587146759033203
2020-08-30 22:00:00,44.625,36.700042724609375,36.187351940637946,36.700043,7.924957275390625,7.924957275390625
2020-08-30 23:00:00,46.5,36.51560592651367,37.397665534537275,36.515606,9.984394073486328,9.984394073486328
2020-08-31 00:00:00,48.0,41.7165641784668,40.257601688647455,41.716564,6.283435821533203,6.283435821533203
2020-08-31 01:00:00,49.458333333333336,37.91237258911133,35.60752428444502,37.912373,11.545960744222008,11.545960744222008
2020-08-31 02:00:00,52.208333333333336,34.83619689941406,33.72595088270876,34.836197,17.372136433919273,17.372136433919273
2020-08-31 03:00:00,54.416666666666664,36.048709869384766,34.04483650362623,36.04871,18.3679567972819,18.3679567972819
2020-08-31 04:00:00,53.666666666666664,38.656593322753906,39.65460811523044,38.656593,15.010073343912758,15.010073343912758
2020-08-31 05:00:00,53.041666666666664,41.34938049316406,41.10682854109903,41.34938,11.692286173502602,11.692286173502602
2020-08-31 06:00:00,52.75,39.771034240722656,38.87641773834321,39.771034,12.978965759277344,12.978965759277344
2020-08-31 07:00:00,54.916666666666664,40.23335647583008,38.444673678849014,40.233356,14.683310190836586,14.683310190836586
2020-08-31 08:00:00,55.875,39.75032043457031,39.31412562618997,39.75032,16.124679565429688,16.124679565429688
2020-08-31 09:00:00,58.416666666666664,39.963539123535156,40.47420725857784,39.96354,18.453127543131508,18.453127543131508
2020-08-31 10:00:00,58.041666666666664,42.56944274902344,42.556701523101644,42.569443,15.472223917643227,15.472223917643227
2020-08-31 11:00:00,58.75,40.82743835449219,41.66120873763833,40.82744,17.922561645507812,17.922561645507812
2020-08-31 12:00:00,58.666666666666664,40.926849365234375,40.86832643119478,40.92685,17.73981730143229,17.73981730143229
2020-08-31 13:00:00,58.625,42.738826751708984,41.745254959859714,42.738827,15.886173248291016,15.886173248291016
2020-08-31 14:00:00,58.208333333333336,42.343902587890625,43.63507538289391,42.343903,15.86443074544271,15.86443074544271
2020-08-31 15:00:00,57.041666666666664,44.60292053222656,45.68001042378749,44.60292,12.438746134440102,12.438746134440102
2020-08-31 16:00:00,56.458333333333336,42.80118179321289,44.06617916174114,42.80118,13.657151540120445,13.657151540120445
2020-08-31 17:00:00,55.25,45.786094665527344,46.45779748478849,45.786095,9.463905334472656,9.463905334472656
2020-08-31 18:00:00,53.958333333333336,48.71098327636719,49.884920778108395,48.710983,5.247350056966148,5.247350056966148
2020-08-31 19:00:00,51.625,45.09693908691406,48.07946713472274,45.09694,6.5280609130859375,6.5280609130859375
2020-08-31 20:00:00,49.875,48.93463897705078,49.68557436176361,48.93464,0.9403610229492188,0.9403610229492188
2020-08-31 21:00:00,48.541666666666664,47.622127532958984,47.870685878180204,47.622128,0.9195391337076799,0.9195391337076799
2020-08-31 22:00:00,48.166666666666664,41.938926696777344,41.846071393106264,41.938927,6.2277399698893205,6.2277399698893205
2020-08-31 23:00:00,45.25,43.39305877685547,43.988864395230145,43.39306,1.8569412231445312,1.8569412231445312
2020-09-01 00:00:00,43.583333333333336,44.435604095458984,44.79113646524663,44.435604,-0.8522707621256487,0.8522707621256487
2020-09-01 01:00:00,42.333333333333336,45.60926055908203,45.99465520029147,45.60926,-3.2759272257486955,3.2759272257486955
2020-09-01 02:00:00,41.375,48.38583755493164,48.882793062722094,48.385838,-7.010837554931641,7.010837554931641
2020-09-01 03:00:00,39.75,42.63806915283203,43.42391667644433,42.63807,-2.8880691528320312,2.8880691528320312
2020-09-01 04:00:00,40.291666666666664,37.727142333984375,37.99380854957514,37.727142,2.5645243326822893,2.5645243326822893
2020-09-01 05:00:00,40.083333333333336,37.613197326660156,38.600480330275914,37.613197,2.4701360066731795,2.4701360066731795
2020-09-01 06:00:00,40.083333333333336,37.92369079589844,39.80547768627341,37.92369,2.159642537434898,2.159642537434898
2020-09-01 07:00:00,37.625,41.86979675292969,46.15524493906388,41.869797,-4.2447967529296875,4.2447967529296875
2020-09-01 08:00:00,37.541666666666664,44.17847442626953,44.81350921155801,44.178474,-6.636807759602867,6.636807759602867
2020-09-01 09:00:00,35.416666666666664,41.17064666748047,43.260942546754116,41.170647,-5.7539800008138045,5.7539800008138045
2020-09-01 10:00:00,35.75,38.66551971435547,37.59057635411589,38.66552,-2.9155197143554688,2.9155197143554688
2020-09-01 11:00:00,35.25,43.93048095703125,45.15903814879037,43.93048,-8.68048095703125,8.68048095703125
2020-09-01 12:00:00,35.375,43.20147705078125,43.87524972310295,43.201477,-7.82647705078125,7.82647705078125
2020-09-01 13:00:00,35.166666666666664,41.92658233642578,42.143049425814695,41.926582,-6.759915669759117,6.759915669759117
2020-09-01 14:00:00,34.833333333333336,40.563026428222656,41.23948778233101,40.563026,-5.7296930948893205,5.7296930948893205
2020-09-01 15:00:00,34.916666666666664,37.712318420410156,38.22481048097304,37.71232,-2.795651753743492,2.795651753743492
2020-09-01 16:00:00,34.458333333333336,36.28877258300781,37.92545239091619,36.288773,-1.8304392496744768,1.8304392496744768
2020-09-01 17:00:00,34.333333333333336,31.419593811035156,33.881790503681025,31.419594,2.9137395222981795,2.9137395222981795
2020-09-01 18:00:00,33.916666666666664,33.30385971069336,36.41536075339047,33.30386,0.6128069559733049,0.6128069559733049
2020-09-01 19:00:00,33.125,34.040138244628906,38.18878000574278,34.04014,-0.9151382446289062,0.9151382446289062
2020-09-01 20:00:00,32.333333333333336,34.147823333740234,38.59820678722083,34.147823,-1.8144900004068987,1.8144900004068987
2020-09-01 21:00:00,31.5,34.288326263427734,36.56481064265564,34.288326,-2.7883262634277344,2.7883262634277344
2020-09-01 22:00:00,35.458333333333336,33.752933502197266,37.417100337438654,33.752934,1.70539983113607,1.70539983113607
2020-09-01 23:00:00,36.666666666666664,31.070140838623047,35.159704043460316,31.07014,5.596525828043617,5.596525828043617
2020-09-02 00:00:00,37.125,30.901554107666016,34.44933702641347,30.901554,6.223445892333984,6.223445892333984
2020-09-02 01:00:00,38.25,31.831974029541016,35.30419877175638,31.831974,6.418025970458984,6.418025970458984
2020-09-02 02:00:00,37.375,34.77936553955078,37.75703993626039,34.779366,2.5956344604492188,2.5956344604492188
2020-09-02 03:00:00,37.708333333333336,33.14075469970703,35.85450937885032,33.140755,4.5675786336263045,4.5675786336263045
2020-09-02 04:00:00,40.208333333333336,32.505035400390625,36.893184913218775,32.505035,7.703297932942711,7.703297932942711
2020-09-02 05:00:00,40.458333333333336,30.57980728149414,34.70284869431508,30.579807,9.878526051839195,9.878526051839195
2020-09-02 06:00:00,40.083333333333336,29.796581268310547,34.04213166160082,29.796581,10.286752065022789,10.286752065022789
2020-09-02 07:00:00,39.458333333333336,27.451778411865234,33.20171973855406,27.451778,12.006554921468101,12.006554921468101
2020-09-02 08:00:00,37.625,34.299598693847656,38.15526497943816,34.2996,3.3254013061523438,3.3254013061523438
2020-09-02 09:00:00,35.958333333333336,35.848445892333984,39.089871589346124,35.848446,0.10988744099935133,0.10988744099935133
2020-09-02 10:00:00,34.583333333333336,35.6590576171875,39.77354534071891,35.659058,-1.0757242838541643,1.0757242838541643
2020-09-02 11:00:00,33.375,37.41967010498047,40.55677907755682,37.41967,-4.044670104980469,4.044670104980469
2020-09-02 12:00:00,32.375,41.6677360534668,41.47560491435948,41.667736,-9.292736053466797,9.292736053466797
2020-09-02 13:00:00,31.625,37.645774841308594,39.98748192716015,37.645775,-6.020774841308594,6.020774841308594
2020-09-02 14:00:00,31.208333333333332,37.66365051269531,38.602314969133275,37.66365,-6.45531717936198,6.45531717936198
2020-09-02 15:00:00,32.041666666666664,34.90394592285156,34.20629331240146,34.903946,-2.862279256184898,2.862279256184898
2020-09-02 16:00:00,33.291666666666664,33.974456787109375,33.67933409192491,33.974457,-0.6827901204427107,0.6827901204427107
2020-09-02 17:00:00,34.75,31.225936889648438,32.770606520958935,31.225937,3.5240631103515625,3.5240631103515625
2020-09-02 18:00:00,35.041666666666664,32.70492172241211,33.51768887417532,32.70492,2.336744944254555,2.336744944254555
2020-09-02 19:00:00,35.708333333333336,28.814292907714844,29.97847494805446,28.814293,6.894040425618492,6.894040425618492
2020-09-02 20:00:00,36.25,28.7716064453125,29.160955097628545,28.771606,7.4783935546875,7.4783935546875
2020-09-02 21:00:00,37.541666666666664,29.773468017578125,29.143183229551024,29.773468,7.768198649088539,7.768198649088539
2020-09-02 22:00:00,33.958333333333336,36.23429489135742,38.34210020866528,36.234295,-2.275961558024086,2.275961558024086
2020-09-02 23:00:00,33.541666666666664,34.70472717285156,34.905388010989455,34.704727,-1.1630605061848982,1.1630605061848982
2020-09-03 00:00:00,33.041666666666664,33.256866455078125,33.88369801834922,33.256866,-0.2151997884114607,0.2151997884114607
2020-09-03 01:00:00,31.75,36.244598388671875,36.2117053155013,36.2446,-4.494598388671875,4.494598388671875
2020-09-03 02:00:00,31.166666666666668,35.847599029541016,35.41810650041934,35.8476,-4.680932362874348,4.680932362874348
2020-09-03 03:00:00,30.583333333333332,37.488311767578125,35.55039717516283,37.48831,-6.904978434244793,6.904978434244793
2020-09-03 04:00:00,26.875,45.08060073852539,45.787095559730496,45.0806,-18.20560073852539,18.20560073852539
2020-09-03 05:00:00,26.458333333333332,40.19915008544922,37.8446797399816,40.19915,-13.740816752115887,13.740816752115887
2020-09-03 06:00:00,26.333333333333332,35.51428985595703,33.86044722311758,35.51429,-9.180956522623699,9.180956522623699
2020-09-03 07:00:00,26.541666666666668,33.348358154296875,31.493078495741436,33.34836,-6.806691487630207,6.806691487630207
2020-09-03 08:00:00,26.5,30.275543212890625,29.306149226483324,30.275543,-3.775543212890625,3.775543212890625
2020-09-03 09:00:00,26.625,28.809371948242188,26.881523133347375,28.809372,-2.1843719482421875,2.1843719482421875
2020-09-03 10:00:00,27.041666666666668,28.470962524414062,27.182143455337165,28.470963,-1.4292958577473946,1.4292958577473946
2020-09-03 11:00:00,26.916666666666668,29.054611206054688,27.142849056436134,29.054611,-2.1379445393880196,2.1379445393880196
2020-09-03 12:00:00,27.125,27.628463745117188,26.68514564175198,27.628464,-0.5034637451171875,0.5034637451171875
2020-09-03 13:00:00,27.125,29.606216430664062,28.09253810278127,29.606216,-2.4812164306640625,2.4812164306640625
2020-09-03 14:00:00,27.708333333333332,30.264877319335938,27.859313674384662,30.264877,-2.5565439860026054,2.5565439860026054
2020-09-03 15:00:00,26.416666666666668,36.31188201904297,35.99166421043692,36.311882,-9.895215352376301,9.895215352376301
2020-09-03 16:00:00,24.916666666666668,35.853546142578125,35.58629110437291,35.853546,-10.936879475911457,10.936879475911457
2020-09-03 17:00:00,23.791666666666668,35.975364685058594,32.969643457991225,35.975365,-12.183698018391926,12.183698018391926
2020-09-03 18:00:00,23.791666666666668,33.66781234741211,32.6191515397942,33.667812,-9.876145680745442,9.876145680745442
2020-09-03 19:00:00,23.833333333333332,33.16211700439453,31.468587770888693,33.162117,-9.328783671061199,9.328783671061199
2020-09-03 20:00:00,23.791666666666668,33.024105072021484,30.125848461877755,33.024105,-9.232438405354817,9.232438405354817
2020-09-03 21:00:00,23.75,38.67680740356445,37.28189496330178,38.676807,-14.926807403564453,14.926807403564453
2020-09-03 22:00:00,24.166666666666668,32.91294860839844,31.662214762336543,32.91295,-8.74628194173177,8.74628194173177
2020-09-03 23:00:00,24.25,35.63383865356445,35.16379967401658,35.63384,-11.383838653564453,11.383838653564453
2020-09-04 00:00:00,25.416666666666668,31.79126739501953,31.40849916899934,31.791267,-6.374600728352863,6.374600728352863
2020-09-04 01:00:00,27.0,28.39220428466797,27.942321412943688,28.392204,-1.3922042846679688,1.3922042846679688
2020-09-04 02:00:00,27.541666666666668,26.789756774902344,27.748940245667935,26.789757,0.7519098917643241,0.7519098917643241
2020-09-04 03:00:00,27.666666666666668,28.529056549072266,27.95230725340284,28.529057,-0.8623898824055978,0.8623898824055978
2020-09-04 04:00:00,27.583333333333332,27.355628967285156,26.409484478641424,27.355629,0.2277043660481759,0.2277043660481759
2020-09-04 05:00:00,27.375,27.606876373291016,29.16106284391242,27.606876,-0.23187637329101562,0.23187637329101562
2020-09-04 06:00:00,27.916666666666668,29.28055191040039,29.38626045290866,29.280552,-1.3638852437337228,1.3638852437337228
2020-09-04 07:00:00,28.041666666666668,28.52637481689453,27.922117993999617,28.526375,-0.4847081502278634,0.4847081502278634
2020-09-04 08:00:00,28.291666666666668,26.478805541992188,27.4132107600038,26.478806,1.8128611246744804,1.8128611246744804
2020-09-04 09:00:00,28.458333333333332,26.72024917602539,27.854843070085224,26.72025,1.7380841573079415,1.7380841573079415
2020-09-04 10:00:00,28.833333333333332,27.502716064453125,28.95641712743592,27.502716,1.3306172688802071,1.3306172688802071
2020-09-04 11:00:00,28.958333333333332,26.53852081298828,28.13421534272819,26.53852,2.419812520345051,2.419812520345051
2020-09-04 12:00:00,29.0,29.131282806396484,26.878878598864254,29.131283,-0.13128280639648438,0.13128280639648438
2020-09-04 13:00:00,29.208333333333332,28.902332305908203,26.274902789494273,28.902332,0.306001027425129,0.306001027425129
2020-09-04 14:00:00,28.666666666666668,31.197586059570312,29.565866750631535,31.197586,-2.5309193929036446,2.5309193929036446
2020-09-04 15:00:00,28.708333333333332,26.153675079345703,23.774666620657115,26.153675,2.554658253987629,2.554658253987629
2020-09-04 16:00:00,29.041666666666668,26.21529769897461,23.619660216410026,26.215298,2.8263689676920585,2.8263689676920585
2020-09-04 17:00:00,28.791666666666668,27.197444915771484,25.04218701057706,27.197445,1.5942217508951835,1.5942217508951835
2020-09-04 18:00:00,28.458333333333332,30.63617706298828,30.060545833254167,30.636177,-2.177843729654949,2.177843729654949
2020-09-04 19:00:00,28.0,30.941661834716797,30.951176974528984,30.941662,-2.941661834716797,2.941661834716797
2020-09-04 20:00:00,27.875,30.97283935546875,30.415684315346194,30.97284,-3.09783935546875,3.09783935546875
2020-09-04 21:00:00,27.083333333333332,31.088031768798828,32.04528549946368,31.088032,-4.004698435465496,4.004698435465496
2020-09-04 22:00:00,26.333333333333332,32.314178466796875,32.2709263052429,32.31418,-5.980845133463543,5.980845133463543
2020-10-30 23:00:00,41.875,48.75536346435547,49.075264919761516,48.755363,-6.880363464355469,6.880363464355469
2020-10-31 00:00:00,40.75,50.033599853515625,51.833170280836335,50.0336,-9.283599853515625,9.283599853515625
2020-10-31 01:00:00,37.833333333333336,56.4722900390625,56.98054827116449,56.47229,-18.638956705729164,18.638956705729164
2020-10-31 02:00:00,35.916666666666664,46.675559997558594,48.908787205372974,46.67556,-10.75889333089193,10.75889333089193
2020-10-31 03:00:00,34.125,45.712989807128906,46.58159449145726,45.71299,-11.587989807128906,11.587989807128906
2020-10-31 04:00:00,32.333333333333336,43.378662109375,41.73725484543175,43.378662,-11.045328776041664,11.045328776041664
2020-10-31 05:00:00,31.666666666666668,28.800960540771484,29.542390346193304,28.80096,2.8657061258951835,2.8657061258951835
2020-10-31 06:00:00,30.375,35.24609375,37.75463193976238,35.246094,-4.87109375,4.87109375
2020-10-31 07:00:00,29.375,33.38423538208008,33.19833697584321,33.384235,-4.009235382080078,4.009235382080078
2020-10-31 08:00:00,29.0,31.866172790527344,30.731759177560228,31.866173,-2.8661727905273438,2.8661727905273438
2020-10-31 09:00:00,28.708333333333332,27.081226348876953,25.473565085058933,27.081226,1.627106984456379,1.627106984456379
2020-10-31 10:00:00,26.625,36.651519775390625,42.62567404023206,36.65152,-10.026519775390625,10.026519775390625
2020-10-31 11:00:00,25.291666666666668,40.45923614501953,44.90251441463985,40.459236,-15.167569478352863,15.167569478352863
2020-10-31 12:00:00,25.833333333333332,29.722225189208984,31.021578984564687,29.722225,-3.8888918558756522,3.8888918558756522
2020-10-31 13:00:00,25.875,34.746734619140625,36.66996304814056,34.746735,-8.871734619140625,8.871734619140625
2020-10-31 14:00:00,26.166666666666668,36.40003204345703,39.93376166213175,36.400032,-10.233365376790363,10.233365376790363
2020-10-31 15:00:00,25.916666666666668,39.246158599853516,41.202863952330794,39.24616,-13.329491933186848,13.329491933186848
2020-10-31 16:00:00,27.041666666666668,40.525489807128906,43.010825432571636,40.52549,-13.483823140462238,13.483823140462238
2020-10-31 17:00:00,27.958333333333332,30.08624267578125,31.324319382538526,30.086243,-2.127909342447918,2.127909342447918
2020-10-31 18:00:00,26.791666666666668,36.164764404296875,41.29118143110492,36.164764,-9.373097737630207,9.373097737630207
2020-10-31 19:00:00,25.791666666666668,43.67204284667969,45.05900023160046,43.672043,-17.88037618001302,17.88037618001302
2020-10-31 20:00:00,25.541666666666668,37.22534942626953,40.004183761336414,37.22535,-11.683682759602863,11.683682759602863
2020-10-31 21:00:00,25.375,31.38861846923828,34.694713988648516,31.388618,-6.013618469238281,6.013618469238281
2020-10-31 22:00:00,25.416666666666668,30.912010192871094,34.12427167592387,30.91201,-5.495343526204426,5.495343526204426
2020-10-31 23:00:00,25.375,27.231395721435547,31.02864595653977,27.231396,-1.8563957214355469,1.8563957214355469
2020-11-01 00:00:00,24.833333333333332,37.046913146972656,40.05891355675248,37.046913,-12.213579813639324,12.213579813639324
2020-11-01 01:00:00,25.125,28.70587158203125,30.601875576441326,28.705872,-3.58087158203125,3.58087158203125
2020-11-01 02:00:00,26.333333333333332,28.14990997314453,31.731941880977846,28.14991,-1.816576639811199,1.816576639811199
2020-11-01 03:00:00,27.083333333333332,29.015342712402344,31.653377225437673,29.015343,-1.9320093790690116,1.9320093790690116
2020-11-01 04:00:00,27.416666666666668,31.667530059814453,32.306928152536344,31.66753,-4.250863393147785,4.250863393147785
2020-11-01 05:00:00,29.875,35.241722106933594,36.08276249506616,35.241722,-5.366722106933594,5.366722106933594
2020-11-01 06:00:00,32.75,31.118236541748047,32.58648517256572,31.118237,1.6317634582519531,1.6317634582519531
2020-11-01 07:00:00,37.666666666666664,32.368167877197266,33.582509478503155,32.368168,5.298498789469399,5.298498789469399
2020-11-01 08:00:00,42.0,24.45285415649414,24.56238554027671,24.452854,17.54714584350586,17.54714584350586
2020-11-01 09:00:00,46.25,24.896934509277344,29.0000666959735,24.896935,21.353065490722656,21.353065490722656
2020-11-01 10:00:00,48.333333333333336,21.158832550048828,26.738848295143683,21.158833,27.174500783284508,27.174500783284508
2020-11-01 11:00:00,48.708333333333336,31.112838745117188,34.49825028397198,31.112839,17.595494588216148,17.595494588216148
2020-11-01 12:00:00,48.208333333333336,38.79678726196289,46.099191960301916,38.796787,9.411546071370445,9.411546071370445
2020-11-01 13:00:00,47.791666666666664,38.43199920654297,39.5661933185299,38.432,9.359667460123696,9.359667460123696
2020-11-01 14:00:00,46.791666666666664,37.28404235839844,48.09821714823907,37.284042,9.507624308268227,9.507624308268227
2020-11-01 15:00:00,46.166666666666664,29.32982635498047,36.456369296282425,29.329826,16.836840311686196,16.836840311686196
2020-11-01 16:00:00,44.708333333333336,42.39069366455078,50.70734694347204,42.390694,2.3176396687825545,2.3176396687825545
2020-11-01 17:00:00,43.25,48.68241882324219,54.7355170184939,48.68242,-5.4324188232421875,5.4324188232421875
2020-11-01 18:00:00,43.375,38.59072494506836,42.95871507781571,38.590725,4.784275054931641,4.784275054931641
2020-11-01 19:00:00,43.416666666666664,33.90707015991211,43.587667273686286,33.90707,9.509596506754555,9.509596506754555
2020-11-01 20:00:00,43.75,42.665157318115234,46.35951507127369,42.665157,1.0848426818847656,1.0848426818847656
2020-11-01 21:00:00,45.375,35.07128143310547,40.38572544315522,35.07128,10.303718566894531,10.303718566894531
2020-11-01 22:00:00,45.625,37.88835906982422,45.91178416162691,37.88836,7.736640930175781,7.736640930175781
2020-11-01 23:00:00,46.041666666666664,32.980873107910156,38.43993679712054,32.980873,13.060793558756508,13.060793558756508
2020-11-02 00:00:00,44.541666666666664,46.765098571777344,51.72782123140819,46.7651,-2.2234319051106795,2.2234319051106795
2020-11-02 01:00:00,43.958333333333336,47.12870788574219,52.19040955245106,47.128708,-3.170374552408852,3.170374552408852
2020-11-02 02:00:00,42.958333333333336,49.176246643066406,55.57119339719423,49.176247,-6.2179133097330705,6.2179133097330705
2020-11-02 03:00:00,42.583333333333336,47.0024528503418,49.92807419272238,47.002453,-4.419119517008461,4.419119517008461
2020-11-02 04:00:00,42.625,46.200279235839844,47.90880635155808,46.20028,-3.5752792358398438,3.5752792358398438
2020-11-02 05:00:00,40.416666666666664,56.256099700927734,62.11612012766909,56.2561,-15.83943303426107,15.83943303426107
2020-11-02 06:00:00,38.75,60.28166961669922,64.92090241444897,60.28167,-21.53166961669922,21.53166961669922
2020-11-02 07:00:00,35.041666666666664,59.80757522583008,63.12787336819816,59.807575,-24.765908559163414,24.765908559163414
2020-11-02 08:00:00,31.375,65.33943939208984,68.69720592620808,65.33944,-33.964439392089844,33.964439392089844
2020-11-02 09:00:00,28.083333333333332,67.68306732177734,69.79471279994844,67.68307,-39.599733988444015,39.599733988444015
2020-11-02 10:00:00,29.625,62.345611572265625,61.894875839709776,62.34561,-32.720611572265625,32.720611572265625
2020-11-02 11:00:00,30.666666666666668,51.68182373046875,51.606495454735516,51.681824,-21.015157063802082,21.015157063802082
2020-11-02 12:00:00,31.875,51.353004455566406,54.049484439952394,51.353004,-19.478004455566406,19.478004455566406
2020-11-02 13:00:00,33.916666666666664,53.03981399536133,55.95848806742025,53.039814,-19.123147328694664,19.123147328694664
2020-11-02 14:00:00,35.583333333333336,48.61402893066406,53.080695044244635,48.61403,-13.030695597330727,13.030695597330727
2020-11-02 15:00:00,37.083333333333336,46.72938537597656,50.13363042180606,46.729385,-9.646052042643227,9.646052042643227
2020-11-02 16:00:00,38.583333333333336,44.19245529174805,49.0531708673555,44.192455,-5.609121958414711,5.609121958414711
2020-11-02 17:00:00,40.666666666666664,44.01942443847656,49.230678558860944,44.019424,-3.352757771809898,3.352757771809898
2020-11-02 18:00:00,42.458333333333336,50.96721649169922,51.32909680006399,50.967216,-8.508883158365883,8.508883158365883
2020-11-02 19:00:00,45.083333333333336,54.70661926269531,54.25116222476734,54.70662,-9.623285929361977,9.623285929361977
2020-11-02 20:00:00,48.125,56.3109016418457,58.17879625599145,56.3109,-8.185901641845703,8.185901641845703
2020-11-02 21:00:00,47.541666666666664,51.98664474487305,57.41473694195743,51.986645,-4.444978078206383,4.444978078206383
2020-11-02 22:00:00,46.791666666666664,54.20215606689453,57.74447931434691,54.202156,-7.410489400227867,7.410489400227867
2020-11-02 23:00:00,46.708333333333336,55.04097366333008,57.08679265677018,55.040974,-8.332640329996742,8.332640329996742
2020-11-03 00:00:00,46.833333333333336,43.16717529296875,47.4767150088145,43.167175,3.6661580403645857,3.6661580403645857
2020-11-03 01:00:00,47.791666666666664,41.865631103515625,43.43814837610967,41.86563,5.926035563151039,5.926035563151039
2020-11-03 02:00:00,48.458333333333336,34.21424102783203,41.03111286215266,34.21424,14.244092305501304,14.244092305501304
2020-11-03 03:00:00,51.0,41.454925537109375,43.602815962814255,41.454926,9.545074462890625,9.545074462890625
2020-11-03 04:00:00,55.416666666666664,45.465087890625,48.66828271171606,45.465088,9.951578776041664,9.951578776041664
2020-11-03 05:00:00,60.416666666666664,41.67852020263672,45.369519134399034,41.67852,18.738146464029946,18.738146464029946
2020-11-03 06:00:00,65.33333333333333,42.57598114013672,49.82008158636959,42.57598,22.75735219319661,22.75735219319661
2020-11-03 07:00:00,70.625,45.4906005859375,51.15024552886205,45.4906,25.1343994140625,25.1343994140625
2020-11-03 08:00:00,76.04166666666667,36.507164001464844,40.17639394230551,36.507164,39.53450266520183,39.53450266520183
2020-11-03 09:00:00,81.08333333333333,43.331581115722656,45.18625803417136,43.33158,37.75175221761067,37.75175221761067
2020-11-03 10:00:00,83.625,46.2393798828125,51.290878249077494,46.23938,37.3856201171875,37.3856201171875
2020-11-03 11:00:00,88.125,38.38507080078125,50.873898535188346,38.38507,49.73992919921875,49.73992919921875
2020-11-03 12:00:00,92.04166666666667,45.64636993408203,54.63878740476236,45.64637,46.39529673258464,46.39529673258464
2020-11-03 13:00:00,94.75,52.10404968261719,59.851440813847745,52.10405,42.64595031738281,42.64595031738281
2020-11-03 14:00:00,98.16666666666667,50.44298553466797,56.20141879001533,50.442986,47.7236811319987,47.7236811319987
2020-11-03 15:00:00,102.29166666666667,52.31790542602539,59.86961153730062,52.317905,49.97376124064128,49.97376124064128
2020-11-03 16:00:00,106.125,55.88832473754883,59.717319506166895,55.888325,50.23667526245117,50.23667526245117
2020-11-03 17:00:00,109.625,53.825138092041016,57.171691813359374,53.825138,55.799861907958984,55.799861907958984
2020-11-03 18:00:00,113.5,54.449432373046875,61.689260249327894,54.449432,59.050567626953125,59.050567626953125
2020-11-03 19:00:00,117.0,55.80519104003906,59.38636591146159,55.80519,61.19480895996094,61.19480895996094
2020-11-03 20:00:00,120.45833333333333,58.79159164428711,65.20952691345731,58.79159,61.66674168904622,61.66674168904622
2020-11-03 21:00:00,127.66666666666667,50.19110107421875,57.06494695501278,50.1911,77.47556559244792,77.47556559244792
2020-11-03 22:00:00,136.95833333333334,40.140533447265625,39.84268787571182,40.140533,96.81779988606772,96.81779988606772
2020-11-03 23:00:00,146.08333333333334,41.502296447753906,40.60741998904613,41.502296,104.58103688557944,104.58103688557944
2020-11-04 00:00:00,154.54166666666666,37.11957550048828,33.6955241494219,37.119576,117.42209116617838,117.42209116617838
2020-11-04 01:00:00,162.45833333333334,48.964080810546875,49.61198056471585,48.96408,113.49425252278647,113.49425252278647
2020-11-04 02:00:00,169.79166666666666,49.48899459838867,47.338705822330674,49.488995,120.30267206827799,120.30267206827799
2020-11-04 03:00:00,174.70833333333334,58.289710998535156,58.047166591668564,58.28971,116.41862233479819,116.41862233479819
2020-11-04 04:00:00,177.04166666666666,59.978240966796875,62.10403285653429,59.97824,117.06342569986978,117.06342569986978
2020-11-04 05:00:00,178.04166666666666,60.385589599609375,59.3307210707495,60.38559,117.65607706705728,117.65607706705728
2020-11-04 06:00:00,178.54166666666666,55.65471267700195,56.60331573526685,55.654713,122.8869539896647,122.8869539896647
2020-11-04 07:00:00,178.08333333333334,61.918392181396484,58.25803189737272,61.918392,116.16494115193686,116.16494115193686
2020-11-04 08:00:00,178.125,59.770042419433594,61.61656506480319,59.770042,118.3549575805664,118.3549575805664
2020-11-04 09:00:00,176.75,71.96479034423828,75.86871215697839,71.96479,104.78520965576172,104.78520965576172
2020-11-04 10:00:00,174.66666666666666,79.85124206542969,82.30768352542071,79.85124,94.81542460123697,94.81542460123697
2020-11-04 11:00:00,171.70833333333334,87.65628814697266,88.01707521447916,87.65629,84.05204518636069,84.05204518636069
2020-11-04 12:00:00,169.375,78.36532592773438,86.37400704460732,78.365326,91.00967407226562,91.00967407226562
2020-11-04 13:00:00,167.25,80.7496109008789,86.8296019106424,80.74961,86.5003890991211,86.5003890991211
2020-11-04 14:00:00,164.83333333333334,92.03302001953125,97.55112137555498,92.03302,72.80031331380209,72.80031331380209
2020-11-04 15:00:00,161.25,99.22700500488281,103.35932791278854,99.227005,62.02299499511719,62.02299499511719
2020-11-04 16:00:00,157.625,97.32433319091797,101.96051035443053,97.32433,60.30066680908203,60.30066680908203
2020-11-04 17:00:00,154.54166666666666,96.46572875976562,98.639866858631,96.46573,58.07593790690103,58.07593790690103
2020-11-04 18:00:00,152.0,92.85568237304688,99.7529480594688,92.85568,59.144317626953125,59.144317626953125
2020-11-04 19:00:00,150.29166666666666,101.83470153808594,106.42663595685354,101.8347,48.45696512858072,48.45696512858072
2020-11-04 20:00:00,146.91666666666666,101.81314086914062,108.15167059159816,101.81314,45.10352579752603,45.10352579752603
2020-11-04 21:00:00,143.125,113.09317016601562,114.10663267572035,113.09317,30.031829833984375,30.031829833984375
2020-11-04 22:00:00,139.625,119.70748901367188,121.32368966542256,119.70749,19.917510986328125,19.917510986328125
2020-11-04 23:00:00,133.70833333333334,120.22611236572266,125.08874335907063,120.22611,13.482220967610687,13.482220967610687
2020-11-05 00:00:00,128.08333333333334,123.52865600585938,123.476032914203,123.528656,4.554677327473968,4.554677327473968
2020-11-05 01:00:00,123.25,126.15983581542969,125.12854314005519,126.159836,-2.9098358154296875,2.9098358154296875
2020-11-05 02:00:00,119.66666666666667,124.88356018066406,119.51465856869862,124.88356,-5.216893513997391,5.216893513997391
2020-11-05 03:00:00,120.79166666666667,122.51300048828125,121.95073422572005,122.513,-1.7213338216145786,1.7213338216145786
2020-11-05 04:00:00,122.20833333333333,118.28614807128906,117.31417628499055,118.28615,3.922185262044266,3.922185262044266
2020-11-05 05:00:00,123.70833333333333,112.13880920410156,109.83067775765143,112.13881,11.569524129231766,11.569524129231766
2020-11-05 06:00:00,122.41666666666667,117.97147369384766,113.26198087874047,117.97147,4.445192972819015,4.445192972819015
2020-11-05 07:00:00,121.75,114.45650482177734,111.14625057871278,114.456505,7.293495178222656,7.293495178222656
2020-11-05 08:00:00,119.04166666666667,123.32994842529297,115.26998761940206,123.32995,-4.288281758626297,4.288281758626297
2020-11-05 09:00:00,117.83333333333333,120.03804779052734,114.65343566573492,120.03805,-2.204714457194015,2.204714457194015
2020-11-05 10:00:00,116.91666666666667,121.65193176269531,117.15388141389431,121.65193,-4.735265096028641,4.735265096028641
2020-11-05 11:00:00,117.25,127.21202087402344,120.34841616263247,127.21202,-9.962020874023438,9.962020874023438
2020-11-05 12:00:00,117.16666666666667,129.57081604003906,123.73148677517945,129.57082,-12.404149373372391,12.404149373372391
2020-11-05 13:00:00,116.83333333333333,129.743408203125,122.88010784176376,129.74341,-12.910074869791671,12.910074869791671
2020-11-05 14:00:00,116.33333333333333,130.25958251953125,123.72219970589337,130.25958,-13.926249186197921,13.926249186197921
2020-11-05 15:00:00,116.875,126.16909790039062,118.58712284044232,126.1691,-9.294097900390625,9.294097900390625
2020-11-05 16:00:00,117.625,116.57054138183594,107.71097323479722,116.57054,1.0544586181640625,1.0544586181640625
2020-11-05 17:00:00,118.5,117.45269775390625,106.2090225835034,117.4527,1.04730224609375,1.04730224609375
2020-11-05 18:00:00,119.5,120.92900848388672,112.6412978996509,120.92901,-1.4290084838867188,1.4290084838867188
2020-11-05 19:00:00,119.625,123.24880981445312,117.32966759335592,123.24881,-3.623809814453125,3.623809814453125
2020-11-05 20:00:00,120.58333333333333,119.54756164550781,113.38144411889591,119.54756,1.035771687825516,1.035771687825516
2020-11-05 21:00:00,121.54166666666667,119.29003143310547,115.14321586559961,119.29003,2.2516352335612027,2.2516352335612027
2020-11-05 22:00:00,121.41666666666667,121.94772338867188,115.9094874484878,121.94772,-0.5310567220052036,0.5310567220052036
2020-11-05 23:00:00,124.08333333333333,112.91352844238281,107.82700756072069,112.91353,11.169804890950516,11.169804890950516
2020-11-06 00:00:00,126.75,113.6843032836914,112.28540999997453,113.6843,13.065696716308594,13.065696716308594
2020-11-06 01:00:00,127.25,110.73136901855469,112.61970434175517,110.73137,16.518630981445312,16.518630981445312
2020-11-06 02:00:00,127.375,105.5389175415039,104.82794737715913,105.53892,21.836082458496094,21.836082458496094
2020-11-06 03:00:00,123.41666666666667,117.85917663574219,118.06419281299782,117.85918,5.557490030924484,5.557490030924484
2020-11-06 04:00:00,119.75,119.75465393066406,119.65581881494917,119.754654,-0.0046539306640625,0.0046539306640625
2020-11-06 05:00:00,117.45833333333333,115.52061462402344,119.56977082134735,115.520615,1.937718709309891,1.937718709309891
2020-11-06 06:00:00,117.125,102.87870788574219,104.86415872310361,102.87871,14.246292114257812,14.246292114257812
2020-11-06 07:00:00,116.79166666666667,105.73507690429688,107.50041242492598,105.73508,11.056589762369796,11.056589762369796
2020-11-06 08:00:00,118.66666666666667,99.32124328613281,101.09591322012436,99.32124,19.34542338053386,19.34542338053386
2020-11-06 09:00:00,120.75,105.44192504882812,107.66084897290023,105.441925,15.308074951171875,15.308074951171875
2020-11-06 10:00:00,121.20833333333333,105.24435424804688,107.82947309758816,105.244354,15.963979085286454,15.963979085286454
2020-11-06 11:00:00,119.33333333333333,115.47116088867188,115.96251460846369,115.47116,3.8621724446614536,3.8621724446614536
2020-11-06 12:00:00,117.54166666666667,110.01564025878906,111.75775157909125,110.01564,7.526026407877609,7.526026407877609
2020-11-06 13:00:00,116.29166666666667,107.96353149414062,109.05287699960854,107.96353,8.328135172526046,8.328135172526046
2020-11-06 14:00:00,114.875,104.25764465332031,103.25342103401398,104.257645,10.617355346679688,10.617355346679688
2020-11-06 15:00:00,113.125,111.10203552246094,107.34567993567418,111.102036,2.0229644775390625,2.0229644775390625
2020-11-06 16:00:00,111.70833333333333,114.08707427978516,110.04703614490931,114.087074,-2.3787409464518277,2.3787409464518277
2020-11-06 17:00:00,110.75,114.6881103515625,108.807749727073,114.68811,-3.9381103515625,3.9381103515625
2020-11-06 18:00:00,109.29166666666667,118.62798309326172,111.23869472350209,118.62798,-9.336316426595047,9.336316426595047
2020-11-06 19:00:00,106.75,114.67863464355469,110.1373497352027,114.678635,-7.9286346435546875,7.9286346435546875
2020-11-06 20:00:00,103.875,113.07881164550781,105.83528592021483,113.07881,-9.203811645507812,9.203811645507812
2020-11-06 21:00:00,100.125,113.65852355957031,108.14469342432629,113.65852,-13.533523559570312,13.533523559570312
2020-11-06 22:00:00,97.75,112.14532470703125,109.95428843773558,112.145325,-14.39532470703125,14.39532470703125
2020-11-06 23:00:00,96.0,120.83529663085938,114.62923854356445,120.8353,-24.835296630859375,24.835296630859375
2020-11-07 00:00:00,95.79166666666667,126.67604064941406,125.70696044424594,126.67604,-30.88437398274739,30.88437398274739
2020-11-07 01:00:00,95.79166666666667,128.419677734375,127.86740580879746,128.41968,-32.62801106770833,32.62801106770833
2020-11-07 02:00:00,96.04166666666667,131.38511657714844,128.56588798517828,131.38512,-35.343449910481766,35.343449910481766
2020-11-07 03:00:00,95.54166666666667,121.78102111816406,119.4116956563836,121.78102,-26.23935445149739,26.23935445149739
2020-11-07 04:00:00,96.04166666666667,116.54267883300781,116.45797580666262,116.54268,-20.50101216634114,20.50101216634114
2020-11-07 05:00:00,96.58333333333333,116.39083862304688,117.74644688520576,116.39084,-19.807505289713546,19.807505289713546
2020-11-07 06:00:00,97.45833333333333,117.5974349975586,122.82605617770648,117.597435,-20.139101664225265,20.139101664225265
2020-11-07 07:00:00,97.5,116.54241180419922,121.87243297613159,116.54241,-19.04241180419922,19.04241180419922
2020-11-07 08:00:00,94.66666666666667,117.8841552734375,121.11249503445023,117.884155,-23.21748860677083,23.21748860677083
2020-11-07 09:00:00,90.79166666666667,117.42874908447266,121.59657604775772,117.42875,-26.637082417805985,26.637082417805985
2020-11-07 10:00:00,88.25,112.26500701904297,115.70583874900197,112.26501,-24.01500701904297,24.01500701904297
2020-11-07 11:00:00,87.25,109.22500610351562,111.32250642896209,109.225006,-21.975006103515625,21.975006103515625
2020-11-07 12:00:00,86.45833333333333,111.43112182617188,111.22150914065219,111.43112,-24.972788492838546,24.972788492838546
2020-11-07 13:00:00,85.5,113.3201675415039,111.55754561432386,113.32017,-27.820167541503906,27.820167541503906
2020-11-07 14:00:00,85.04166666666667,110.95628356933594,109.62114646840762,110.95628,-25.914616902669266,25.914616902669266
2020-11-07 15:00:00,84.75,106.95246887207031,101.78968119039074,106.95247,-22.202468872070312,22.202468872070312
2020-11-07 16:00:00,84.33333333333333,105.79910278320312,102.53946606430074,105.7991,-21.465769449869796,21.465769449869796
2020-11-07 17:00:00,82.54166666666667,103.97309875488281,102.2447979289872,103.9731,-21.43143208821614,21.43143208821614
2020-11-07 18:00:00,80.08333333333333,103.54344177246094,103.12345887743228,103.54344,-23.46010843912761,23.46010843912761
2020-11-07 19:00:00,78.0,101.19667053222656,99.98227011209708,101.19667,-23.196670532226562,23.196670532226562
2020-11-07 20:00:00,76.625,100.0030288696289,97.97348019710887,100.00303,-23.378028869628906,23.378028869628906
2020-11-07 21:00:00,76.08333333333333,97.1658935546875,97.31397228487212,97.16589,-21.08256022135417,21.08256022135417
2020-11-07 22:00:00,73.5,91.86650085449219,98.24596887533232,91.8665,-18.366500854492188,18.366500854492188
2020-11-07 23:00:00,71.625,96.849853515625,104.63024934799951,96.84985,-25.224853515625,25.224853515625
2020-11-08 00:00:00,68.79166666666667,101.60429382324219,109.42153212343078,101.604294,-32.812627156575516,32.812627156575516
2020-11-08 01:00:00,66.33333333333333,99.65018463134766,107.10510340388402,99.650185,-33.31685129801433,33.31685129801433
2020-11-08 02:00:00,63.041666666666664,108.31217956542969,109.41196804928123,108.31218,-45.27051289876302,45.27051289876302
2020-11-08 03:00:00,59.625,101.15422821044922,104.79112937723835,101.15423,-41.52922821044922,41.52922821044922
2020-11-08 04:00:00,56.625,108.82762908935547,109.52528052269075,108.82763,-52.20262908935547,52.20262908935547
2020-11-08 05:00:00,53.458333333333336,109.07376861572266,110.54103167176604,109.07377,-55.61543528238932,55.61543528238932
2020-11-08 06:00:00,49.25,107.68417358398438,110.93038861793625,107.68417,-58.434173583984375,58.434173583984375
2020-11-08 07:00:00,46.291666666666664,101.35426330566406,105.6318614279378,101.35426,-55.0625966389974,55.0625966389974
2020-11-08 08:00:00,45.208333333333336,87.59501647949219,88.93070512823894,87.59502,-42.38668314615885,42.38668314615885
2020-11-08 09:00:00,44.375,76.8387222290039,82.80523603924249,76.83872,-32.463722229003906,32.463722229003906
2020-11-08 10:00:00,44.291666666666664,75.31751251220703,76.22472625995763,75.31751,-31.025845845540367,31.025845845540367
2020-11-08 11:00:00,44.166666666666664,68.44721221923828,70.87429430576945,68.44721,-24.280545552571617,24.280545552571617
2020-11-08 12:00:00,43.916666666666664,65.14026641845703,69.5899639180959,65.14027,-21.223599751790367,21.223599751790367
2020-11-08 13:00:00,43.458333333333336,67.50757598876953,67.75843371645259,67.507576,-24.049242655436196,24.049242655436196
2020-11-08 14:00:00,43.416666666666664,68.45394897460938,67.2109025787603,68.45395,-25.03728230794271,25.03728230794271
2020-11-08 15:00:00,42.958333333333336,71.41060638427734,69.53743985341494,71.41061,-28.452273050944008,28.452273050944008
2020-11-08 16:00:00,42.416666666666664,67.22209930419922,67.61865591008745,67.2221,-24.805432637532554,24.805432637532554
2020-11-08 17:00:00,42.125,57.02580261230469,55.20577863716991,57.025803,-14.900802612304688,14.900802612304688
2020-11-08 18:00:00,42.208333333333336,58.05169677734375,56.87147959523079,58.051697,-15.843363444010414,15.843363444010414
2020-11-08 19:00:00,42.916666666666664,56.889610290527344,55.77749379649302,56.88961,-13.97294362386068,13.97294362386068
2020-11-08 20:00:00,43.166666666666664,58.72625732421875,57.10462027364952,58.726257,-15.559590657552086,15.559590657552086
2020-11-08 21:00:00,43.458333333333336,58.47166442871094,56.48588518664566,58.471664,-15.013331095377602,15.013331095377602
2020-11-08 22:00:00,43.833333333333336,51.726890563964844,55.049795118465575,51.72689,-7.893557230631508,7.893557230631508
2020-11-08 23:00:00,42.041666666666664,58.793495178222656,60.76440673916929,58.793495,-16.751828511555992,16.751828511555992
2020-11-09 00:00:00,40.291666666666664,62.17090606689453,63.642252298322504,62.170906,-21.879239400227867,21.879239400227867
2020-11-09 01:00:00,40.833333333333336,59.15606689453125,61.92678877612312,59.156067,-18.322733561197914,18.322733561197914
2020-11-09 02:00:00,41.291666666666664,55.20539474487305,57.51149270680144,55.205395,-13.913728078206383,13.913728078206383
2020-11-09 03:00:00,42.208333333333336,54.82571792602539,54.060298949805514,54.825718,-12.617384592692055,12.617384592692055
2020-11-09 04:00:00,41.5,54.017356872558594,56.964336809561885,54.017357,-12.517356872558594,12.517356872558594
2020-11-09 05:00:00,39.791666666666664,59.346229553222656,60.78828172431943,59.34623,-19.554562886555992,19.554562886555992
2020-11-09 06:00:00,39.791666666666664,52.26012420654297,57.14040060368253,52.260124,-12.468457539876304,12.468457539876304
2020-11-09 07:00:00,39.375,56.836524963378906,57.71628571431027,56.836525,-17.461524963378906,17.461524963378906
2020-11-09 08:00:00,39.25,55.341941833496094,57.9694392120655,55.34194,-16.091941833496094,16.091941833496094
2020-11-09 09:00:00,39.166666666666664,47.82301712036133,49.9798643717059,47.823017,-8.656350453694664,8.656350453694664
2020-11-09 10:00:00,39.083333333333336,48.6097412109375,49.40949369885303,48.60974,-9.526407877604164,9.526407877604164
2020-11-09 11:00:00,39.291666666666664,49.287017822265625,49.574362437608514,49.287018,-9.99535115559896,9.99535115559896
2020-11-09 12:00:00,39.583333333333336,47.872310638427734,47.996361727935735,47.87231,-8.288977305094399,8.288977305094399
2020-11-09 13:00:00,40.083333333333336,46.93423080444336,45.53261486654768,46.93423,-6.850897471110024,6.850897471110024
2020-11-09 14:00:00,39.916666666666664,48.48877716064453,47.96703991975229,48.488777,-8.572110493977867,8.572110493977867
2020-11-09 15:00:00,40.041666666666664,47.38580322265625,45.85137948870263,47.385803,-7.344136555989586,7.344136555989586
2020-11-09 16:00:00,40.0,46.78045654296875,44.5527044543504,46.780457,-6.78045654296875,6.78045654296875
2020-11-09 17:00:00,40.291666666666664,49.091888427734375,47.093207528857896,49.09189,-8.80022176106771,8.80022176106771
2020-11-09 18:00:00,40.208333333333336,51.52012634277344,50.99829917160435,51.520126,-11.311793009440102,11.311793009440102
2020-11-09 19:00:00,39.625,55.23393249511719,55.57999394882684,55.233932,-15.608932495117188,15.608932495117188
2020-11-09 20:00:00,40.166666666666664,56.9224967956543,55.65318839594858,56.922497,-16.755830128987633,16.755830128987633
2020-11-09 21:00:00,40.875,56.1806640625,57.82521353999376,56.180664,-15.3056640625,15.3056640625
2020-11-09 22:00:00,42.958333333333336,56.19801330566406,56.49407376203872,56.198013,-13.239679972330727,13.239679972330727
2020-11-09 23:00:00,45.708333333333336,48.234336853027344,50.36935820080977,48.234337,-2.526003519694008,2.526003519694008
2020-11-10 00:00:00,46.916666666666664,48.354164123535156,52.855293729229516,48.354164,-1.437497456868492,1.437497456868492
2020-11-10 01:00:00,45.75,54.00191879272461,62.30022720078126,54.00192,-8.25191879272461,8.25191879272461
2020-11-10 02:00:00,45.333333333333336,54.58974075317383,63.219396780789,54.58974,-9.256407419840492,9.256407419840492
2020-11-10 03:00:00,45.083333333333336,58.15337371826172,63.035638896329026,58.153374,-13.070040384928383,13.070040384928383
2020-11-10 04:00:00,45.25,56.929779052734375,58.61657438180206,56.92978,-11.679779052734375,11.679779052734375
2020-11-10 05:00:00,45.25,53.32189178466797,53.882049605847556,53.32189,-8.071891784667969,8.071891784667969
2020-11-10 06:00:00,44.75,55.209407806396484,58.67318724907661,55.209408,-10.459407806396484,10.459407806396484
2020-11-10 07:00:00,44.916666666666664,55.00162124633789,58.828850829629424,55.00162,-10.084954579671226,10.084954579671226
2020-11-10 08:00:00,45.0,58.246238708496094,58.417557260837846,58.24624,-13.246238708496094,13.246238708496094
2020-11-10 09:00:00,45.5,51.992271423339844,52.31161092376699,51.99227,-6.492271423339844,6.492271423339844
2020-11-10 10:00:00,45.583333333333336,50.37865447998047,51.72955353955206,50.378654,-4.795321146647133,4.795321146647133
2020-11-10 11:00:00,44.916666666666664,55.950469970703125,55.44230666017451,55.95047,-11.03380330403646,11.03380330403646
2020-11-10 12:00:00,44.291666666666664,55.2032356262207,57.95470898081364,55.203236,-10.911568959554039,10.911568959554039
2020-11-10 13:00:00,44.083333333333336,57.523807525634766,57.93956120211298,57.523808,-13.44047419230143,13.44047419230143
2020-11-10 14:00:00,44.0,52.64723205566406,51.746874474251634,52.647232,-8.647232055664062,8.647232055664062
2020-11-10 15:00:00,43.916666666666664,54.01095962524414,52.65302417841434,54.01096,-10.094292958577476,10.094292958577476
2020-11-10 16:00:00,44.291666666666664,51.32352066040039,52.48563002957698,51.32352,-7.031853993733726,7.031853993733726
2020-11-10 17:00:00,45.083333333333336,57.34696578979492,56.72371409355609,57.346966,-12.263632456461586,12.263632456461586
2020-11-10 18:00:00,46.375,57.102745056152344,58.90693933871887,57.102745,-10.727745056152344,10.727745056152344
2020-11-10 19:00:00,47.791666666666664,57.503719329833984,61.237308055793164,57.50372,-9.71205266316732,9.71205266316732
2020-11-10 20:00:00,48.583333333333336,62.43362808227539,65.49491700522947,62.433628,-13.850294748942055,13.850294748942055
2020-11-10 21:00:00,48.958333333333336,62.92287063598633,65.4293707128914,62.92287,-13.964537302652992,13.964537302652992
2020-11-10 22:00:00,48.375,67.14983367919922,70.64123556512163,67.14983,-18.77483367919922,18.77483367919922
2020-11-10 23:00:00,47.583333333333336,64.68315887451172,67.77844973083185,64.68316,-17.099825541178383,17.099825541178383
2020-11-11 00:00:00,48.458333333333336,59.044944763183594,59.81100576505711,59.044945,-10.586611429850258,10.586611429850258
2020-11-11 01:00:00,50.0,50.99467086791992,55.62955103974406,50.99467,-0.9946708679199219,0.9946708679199219
2020-11-11 02:00:00,51.458333333333336,53.71559524536133,58.12083894068565,53.715595,-2.2572619120279924,2.2572619120279924
2020-11-11 03:00:00,53.166666666666664,54.03276443481445,60.48717551701916,54.032764,-0.8660977681477888,0.8660977681477888
2020-11-11 04:00:00,54.5,53.209537506103516,58.29115075815662,53.209538,1.2904624938964844,1.2904624938964844
2020-11-11 05:00:00,56.333333333333336,49.982818603515625,54.618251663255094,49.98282,6.350514729817711,6.350514729817711
2020-11-11 06:00:00,58.583333333333336,49.520545959472656,52.57497660139569,49.520546,9.06278737386068,9.06278737386068
2020-11-11 07:00:00,60.458333333333336,53.39618682861328,57.64196971702978,53.396187,7.0621465047200545,7.0621465047200545
2020-11-11 08:00:00,62.208333333333336,54.78384017944336,58.556611030175596,54.78384,7.424493153889976,7.424493153889976
2020-11-11 09:00:00,63.583333333333336,57.52299499511719,58.49696602614547,57.522995,6.060338338216148,6.060338338216148
2020-11-11 10:00:00,63.708333333333336,52.821563720703125,55.00018963540362,52.821564,10.88676961263021,10.88676961263021
2020-11-11 11:00:00,64.25,46.5687255859375,46.79242160513226,46.568726,17.6812744140625,17.6812744140625
2020-11-11 12:00:00,64.91666666666667,46.01746368408203,43.04969299735746,46.017464,18.89920298258464,18.89920298258464
2020-11-11 13:00:00,64.95833333333333,51.32920455932617,48.897371147300476,51.329205,13.629128774007157,13.629128774007157
2020-11-11 14:00:00,65.16666666666667,49.25349044799805,47.54584361575833,49.25349,15.913176218668625,15.913176218668625
2020-11-11 15:00:00,65.54166666666667,50.40797805786133,48.9630155278022,50.407978,15.133688608805343,15.133688608805343
2020-11-11 16:00:00,66.16666666666667,56.00147247314453,53.21545821852163,56.001472,10.16519419352214,10.16519419352214
2020-11-11 17:00:00,65.625,58.2537841796875,58.58412422581148,58.253784,7.3712158203125,7.3712158203125
2020-11-11 18:00:00,65.04166666666667,62.81394577026367,62.30939168793267,62.813946,2.2277208964029995,2.2277208964029995
2020-11-11 19:00:00,64.16666666666667,67.0260238647461,64.32478509638909,67.026024,-2.8593571980794223,2.8593571980794223
2020-11-11 20:00:00,63.083333333333336,66.40882873535156,64.36971582852205,66.40883,-3.325495402018227,3.325495402018227
2020-11-11 21:00:00,61.625,66.55885314941406,63.6497320684391,66.55885,-4.9338531494140625,4.9338531494140625
2020-11-11 22:00:00,60.166666666666664,66.48277282714844,62.41986514361627,66.48277,-6.316106160481773,6.316106160481773
2020-11-11 23:00:00,60.75,66.8710708618164,64.85588152720497,66.87107,-6.121070861816406,6.121070861816406
2020-11-12 00:00:00,59.458333333333336,69.45049285888672,66.43871936089239,69.45049,-9.992159525553383,9.992159525553383
2020-11-12 01:00:00,58.166666666666664,71.26362609863281,69.08314673078297,71.263626,-13.096959431966148,13.096959431966148
2020-11-12 02:00:00,56.708333333333336,72.1181869506836,70.95206740248982,72.11819,-15.409853617350258,15.409853617350258
2020-11-12 03:00:00,55.041666666666664,75.56839752197266,72.27820978766555,75.5684,-20.526730855305992,20.526730855305992
2020-11-12 04:00:00,55.083333333333336,75.98460388183594,73.21084932054794,75.984604,-20.901270548502602,20.901270548502602
2020-11-12 05:00:00,53.958333333333336,75.49276733398438,71.67853464052817,75.49277,-21.53443400065104,21.53443400065104
2020-11-12 06:00:00,52.75,78.87718963623047,73.82911109678051,78.87719,-26.12718963623047,26.12718963623047
2020-11-12 07:00:00,51.5,85.42213439941406,80.69955972538527,85.422134,-33.92213439941406,33.92213439941406
2020-11-12 08:00:00,51.291666666666664,85.71329498291016,81.1259323892782,85.713295,-34.42162831624349,34.42162831624349
2020-11-12 09:00:00,51.0,85.10969543457031,81.7867405218306,85.109695,-34.10969543457031,34.10969543457031
2020-11-12 10:00:00,51.083333333333336,75.41047668457031,72.31155733129356,75.41048,-24.327143351236977,24.327143351236977
2020-11-12 11:00:00,51.291666666666664,76.30486297607422,72.62137996927386,76.30486,-25.013196309407554,25.013196309407554
2020-11-12 12:00:00,51.583333333333336,79.33271026611328,73.66185394579607,79.33271,-27.749376932779946,27.749376932779946
2020-11-12 13:00:00,51.75,72.32308959960938,66.873783414445,72.32309,-20.573089599609375,20.573089599609375
2020-11-12 14:00:00,51.833333333333336,74.88188171386719,68.96842964409545,74.88188,-23.048548380533852,23.048548380533852
2020-11-12 15:00:00,52.166666666666664,77.60234069824219,71.26553578521089,77.60234,-25.435674031575523,25.435674031575523
2020-11-12 16:00:00,51.916666666666664,76.43794250488281,73.9810518282549,76.43794,-24.521275838216148,24.521275838216148
2020-11-12 17:00:00,52.083333333333336,66.15130615234375,61.716677265105396,66.151306,-14.067972819010414,14.067972819010414
2020-11-12 18:00:00,52.75,66.42823028564453,64.75142732325989,66.42823,-13.678230285644531,13.678230285644531
2020-11-12 19:00:00,53.25,66.20655822753906,63.46715720710298,66.20656,-12.956558227539062,12.956558227539062
2020-11-12 20:00:00,54.625,64.99856567382812,61.82213744635268,64.998566,-10.373565673828125,10.373565673828125
2020-11-12 21:00:00,56.125,63.681983947753906,59.5659942008327,63.681984,-7.556983947753906,7.556983947753906
2020-11-12 22:00:00,57.791666666666664,61.40592575073242,60.17337988707042,61.405926,-3.6142590840657576,3.6142590840657576
2020-11-12 23:00:00,57.208333333333336,64.13494110107422,62.47562269578637,64.13494,-6.926607767740883,6.926607767740883
2020-11-13 00:00:00,57.916666666666664,58.03251647949219,58.35808122611328,58.032516,-0.1158498128255232,0.1158498128255232
2020-11-13 01:00:00,58.291666666666664,58.452762603759766,60.00379229202432,58.452763,-0.16109593709310133,0.16109593709310133
2020-11-13 02:00:00,58.708333333333336,58.32972717285156,58.471529771008335,58.329727,0.3786061604817732,0.3786061604817732
2020-11-13 03:00:00,58.666666666666664,59.118064880371094,58.27450930159613,59.118065,-0.45139821370442945,0.45139821370442945
2020-11-13 04:00:00,57.333333333333336,61.78154754638672,63.36122929386754,61.781548,-4.448214213053383,4.448214213053383
2020-11-13 05:00:00,57.833333333333336,60.22731399536133,62.28596043885979,60.227314,-2.3939806620279924,2.3939806620279924
2020-11-13 06:00:00,58.541666666666664,57.01176452636719,62.67877632360945,57.011765,1.5299021402994768,1.5299021402994768
2020-11-13 07:00:00,58.75,58.48453140258789,62.076203244574245,58.48453,0.2654685974121094,0.2654685974121094
2020-11-13 08:00:00,58.0,65.9267578125,65.63852581460858,65.92676,-7.9267578125,7.9267578125
2020-11-13 09:00:00,58.083333333333336,63.032257080078125,64.54017074544939,63.032257,-4.948923746744789,4.948923746744789
2020-11-13 10:00:00,58.833333333333336,56.233665466308594,55.42216098383196,56.233665,2.599667867024742,2.599667867024742
2020-11-13 11:00:00,59.541666666666664,59.58201599121094,55.71199067441553,59.582016,-0.0403493245442732,0.0403493245442732
2020-11-13 12:00:00,59.5,62.506797790527344,59.846145418683705,62.506798,-3.0067977905273438,3.0067977905273438
2020-11-13 13:00:00,60.25,58.7907600402832,56.453288373790755,58.79076,1.4592399597167969,1.4592399597167969
2020-11-13 14:00:00,60.666666666666664,58.02613067626953,55.848067712582676,58.02613,2.640535990397133,2.640535990397133
2020-11-13 15:00:00,60.791666666666664,61.69472122192383,57.08209365501737,61.69472,-0.9030545552571638,0.9030545552571638
2020-11-13 16:00:00,60.833333333333336,59.19756317138672,57.96746663127765,59.197563,1.635770161946617,1.635770161946617
2020-11-13 17:00:00,61.041666666666664,59.33994674682617,58.24244927387187,59.339947,1.7017199198404924,1.7017199198404924
2020-11-13 18:00:00,60.958333333333336,67.98031616210938,64.27958090731018,67.980316,-7.021982828776039,7.021982828776039
2020-11-13 19:00:00,61.291666666666664,67.00953674316406,64.73080225128484,67.00954,-5.717870076497398,5.717870076497398
2020-11-13 20:00:00,60.708333333333336,68.14563751220703,66.46207303309973,68.14564,-7.4373041788736955,7.4373041788736955
2020-11-13 21:00:00,60.166666666666664,67.50996398925781,66.25371860119944,67.509964,-7.343297322591148,7.343297322591148
2020-11-13 22:00:00,59.666666666666664,67.23382568359375,66.26875065990436,67.233826,-7.567159016927086,7.567159016927086
2021-01-09 20:00:00,245.70291666666648,191.68592834472656,187.366967020288,191.68593,54.01698832193992,54.01698832193992
2021-01-09 21:00:00,249.36958333333314,190.5755615234375,189.81223491298593,190.57556,58.79402180989564,58.79402180989564
2021-01-09 22:00:00,253.4112499999998,193.57421875,194.51470208685905,193.57422,59.8370312499998,59.8370312499998
2021-01-09 23:00:00,256.86958333333314,201.07440185546875,199.18082188199648,201.0744,55.79518147786439,55.79518147786439
2021-01-10 00:00:00,257.99458333333314,205.81661987304688,204.0453792648414,205.81662,52.177963460286264,52.177963460286264
2021-01-10 01:00:00,261.24458333333314,203.31256103515625,205.08571337264945,203.31256,57.93202229817689,57.93202229817689
2021-01-10 02:00:00,262.07791666666645,199.81954956054688,203.0871169453226,199.81955,62.25836710611958,62.25836710611958
2021-01-10 03:00:00,261.49458333333314,197.39364624023438,204.44547342102308,197.39365,64.10093709309876,64.10093709309876
2021-01-10 04:00:00,260.61958333333314,197.38580322265625,205.99615566494145,197.3858,63.23378011067689,63.23378011067689
2021-01-10 05:00:00,264.1612499999998,186.99789428710938,197.1731162368602,186.9979,77.16335571289045,77.16335571289045
2021-01-10 06:00:00,263.4112499999998,195.41732788085938,202.69066891034757,195.41733,67.99392211914045,67.99392211914045
2021-01-10 07:00:00,265.61958333333314,195.85226440429688,202.92701069298872,195.85226,69.76731892903626,69.76731892903626
2021-01-10 08:00:00,271.4112499999998,195.34149169921875,201.48646861012404,195.34149,76.06975830078107,76.06975830078107
2021-01-10 09:00:00,277.887708333333,193.16909790039062,203.42000452344135,193.1691,84.7186104329424,84.7186104329424
2021-01-10 10:00:00,277.82791666666645,186.70681762695312,198.96530545780956,186.70682,91.12109903971333,91.12109903971333
2021-01-10 11:00:00,271.0181249999999,195.3238525390625,196.81598393124705,195.32385,75.69427246093738,75.69427246093738
2021-01-10 12:00:00,266.47645833333326,189.21278381347656,196.16642893665158,189.21278,77.26367451985669,77.26367451985669
2021-01-10 13:00:00,266.68479166666657,191.5732421875,198.3339422095948,191.57324,75.11154947916657,75.11154947916657
2021-01-10 14:00:00,267.47645833333326,187.04678344726562,189.20741534689282,187.04678,80.42967488606763,80.42967488606763
2021-01-10 15:00:00,262.55979166666657,182.08636474609375,194.86313923164167,182.08636,80.47342692057282,80.47342692057282
2021-01-10 16:00:00,264.7681249999999,186.8255157470703,186.77446023549598,186.82552,77.94260925292957,77.94260925292957
2021-01-10 17:00:00,267.3931249999999,190.15899658203125,184.40965011718217,190.159,77.23412841796863,77.23412841796863
2021-01-10 18:00:00,268.30979166666657,197.95407104492188,200.35793158022878,197.95407,70.3557206217447,70.3557206217447
2021-01-10 19:00:00,270.85145833333326,202.87863159179688,208.65259423569415,202.87863,67.97282674153638,67.97282674153638
2021-01-10 20:00:00,273.6431249999999,191.74005126953125,200.05779712792082,191.74005,81.90307373046863,81.90307373046863
2021-01-10 21:00:00,271.97645833333326,196.4281005859375,201.44701455923214,196.4281,75.54835774739576,75.54835774739576
2021-01-10 22:00:00,269.0181249999999,200.86099243164062,206.0022797654941,200.861,68.15713256835926,68.15713256835926
2021-01-10 23:00:00,265.1431249999999,199.50436401367188,204.34715767304286,199.50436,65.63876098632801,65.63876098632801
2021-01-11 00:00:00,264.60145833333326,198.2523193359375,198.22173875226778,198.25232,66.34913899739576,66.34913899739576
2021-01-11 01:00:00,265.05979166666657,200.27838134765625,198.2240920415462,200.27838,64.78141031901032,64.78141031901032
2021-01-11 02:00:00,266.6431249999999,199.575439453125,196.76264263752086,199.57544,67.06768554687488,67.06768554687488
2021-01-11 03:00:00,269.22645833333326,209.78536987304688,204.04404267706792,209.78537,59.44108846028638,59.44108846028638
2021-01-11 04:00:00,269.60145833333326,215.22921752929688,209.42351524519415,215.22922,54.37224080403638,54.37224080403638
2021-01-11 05:00:00,267.18479166666657,208.64501953125,216.79577123012572,208.64502,58.53977213541657,58.53977213541657
2021-01-11 06:00:00,266.80979166666657,218.7581787109375,212.67119368536981,218.75818,48.05161295572907,48.05161295572907
2021-01-11 07:00:00,263.6431249999999,205.076416015625,211.28761943915566,205.07642,58.566708984374884,58.566708984374884
2021-01-11 08:00:00,257.43479166666657,211.6041259765625,207.84218131437055,211.60413,45.83066569010407,45.83066569010407
2021-01-11 09:00:00,250.04166666666666,210.71844482421875,215.27292895013096,210.71844,39.32322184244791,39.32322184244791
2021-01-11 10:00:00,242.70833333333334,218.62960815429688,222.70798593104155,218.62961,24.078725179036468,24.078725179036468
2021-01-11 11:00:00,239.33333333333334,209.45797729492188,213.73163581017266,209.45798,29.875356038411468,29.875356038411468
2021-01-11 12:00:00,238.79166666666666,198.95672607421875,204.48553866475737,198.95673,39.83494059244791,39.83494059244791
2021-01-11 13:00:00,235.54166666666666,209.62619018554688,217.77204535290792,209.62619,25.915476481119782,25.915476481119782
2021-01-11 14:00:00,232.0,215.89453125,215.28241066451886,215.89453,16.10546875,16.10546875
2021-01-11 15:00:00,227.5,218.9984130859375,213.4660415762462,218.99841,8.5015869140625,8.5015869140625
2021-01-11 16:00:00,222.875,218.21356201171875,220.11501847927863,218.21356,4.66143798828125,4.66143798828125
2021-01-11 17:00:00,218.625,215.55276489257812,212.2137574731332,215.55276,3.072235107421875,3.072235107421875
2021-01-11 18:00:00,213.45833333333334,229.60736083984375,223.1305563153758,229.60736,-16.149027506510407,16.149027506510407
2021-01-11 19:00:00,208.70833333333334,241.0390625,226.9031915610933,241.03906,-32.33072916666666,32.33072916666666
2021-01-11 20:00:00,203.83333333333334,223.13507080078125,214.26864348989497,223.13507,-19.301737467447907,19.301737467447907
2021-01-11 21:00:00,203.0,214.16354370117188,206.8022289052144,214.16354,-11.163543701171875,11.163543701171875
2021-01-11 22:00:00,199.75,212.38357543945312,211.42062492191465,212.38358,-12.633575439453125,12.633575439453125
2021-01-11 23:00:00,197.625,210.50222778320312,203.41183567721512,210.50223,-12.877227783203125,12.877227783203125
2021-01-12 00:00:00,193.625,209.06362915039062,207.36168058474982,209.06363,-15.438629150390625,15.438629150390625
2021-01-12 01:00:00,186.375,210.85443115234375,215.38023248324203,210.85443,-24.47943115234375,24.47943115234375
2021-01-12 02:00:00,180.75,212.02081298828125,213.03140758615152,212.02081,-31.27081298828125,31.27081298828125
2021-01-12 03:00:00,177.08333333333334,211.32797241210938,211.5425923427885,211.32797,-34.24463907877603,34.24463907877603
2021-01-12 04:00:00,172.58333333333334,207.53863525390625,209.99080002166298,207.53864,-34.95530192057291,34.95530192057291
2021-01-12 05:00:00,168.25,216.6256103515625,213.9084572003116,216.62561,-48.3756103515625,48.3756103515625
2021-01-12 06:00:00,164.79166666666666,205.88031005859375,208.14460891308158,205.88031,-41.08864339192709,41.08864339192709
2021-01-12 07:00:00,160.75,203.99404907226562,205.33773031271312,203.99405,-43.244049072265625,43.244049072265625
2021-01-12 08:00:00,155.70833333333334,193.81332397460938,199.57756545455814,193.81332,-38.10499064127603,38.10499064127603
2021-01-12 09:00:00,151.5,197.52386474609375,196.55140642719886,197.52386,-46.02386474609375,46.02386474609375
2021-01-12 10:00:00,147.83333333333334,185.2790069580078,194.6250835804715,185.279,-37.44567362467447,37.44567362467447
2021-01-12 11:00:00,145.20833333333334,194.29177856445312,196.1879279943993,194.29178,-49.08344523111978,49.08344523111978
2021-01-12 12:00:00,143.08333333333334,197.7686767578125,195.09510027373145,197.76868,-54.68534342447916,54.68534342447916
2021-01-12 13:00:00,143.45833333333334,191.40118408203125,192.18920190009302,191.40118,-47.94285074869791,47.94285074869791
2021-01-12 14:00:00,144.66666666666666,185.41793823242188,187.54022165487063,185.41794,-40.75127156575522,40.75127156575522
2021-01-12 15:00:00,145.91666666666666,173.6491241455078,178.92903982857487,173.64912,-27.732457478841155,27.732457478841155
2021-01-12 16:00:00,147.125,166.0316162109375,173.72431292102988,166.03162,-18.9066162109375,18.9066162109375
2021-01-12 17:00:00,147.66666666666666,170.4626922607422,176.55342690772508,170.46269,-22.79602559407553,22.79602559407553
2021-01-12 18:00:00,148.70833333333334,163.47103881835938,172.46916973464357,163.47104,-14.762705485026032,14.762705485026032
2021-01-12 19:00:00,148.95833333333334,167.63101196289062,170.7941772190638,167.63101,-18.672678629557282,18.672678629557282
2021-01-12 20:00:00,148.70833333333334,178.1612548828125,180.1945108283741,178.16125,-29.452921549479157,29.452921549479157
2021-01-12 21:00:00,148.375,186.23562622070312,188.7789230055784,186.23563,-37.860626220703125,37.860626220703125
2021-01-12 22:00:00,151.16666666666666,160.17794799804688,166.76991089087926,160.17795,-9.011281331380218,9.011281331380218
2021-01-12 23:00:00,153.875,162.9038543701172,170.1542039658795,162.90385,-9.028854370117188,9.028854370117188
2021-01-13 00:00:00,156.54166666666666,156.0899658203125,165.392943583908,156.08997,0.4517008463541572,0.4517008463541572
2021-01-13 01:00:00,159.16666666666666,155.67361450195312,164.19657966201135,155.67361,3.493052164713532,3.493052164713532
2021-01-13 02:00:00,160.41666666666666,159.4175262451172,164.14800399483656,159.41753,0.9991404215494697,0.9991404215494697
2021-01-13 03:00:00,161.16666666666666,164.36300659179688,172.19195010114572,164.363,-3.196339925130218,3.196339925130218
2021-01-13 04:00:00,163.95833333333334,148.50546264648438,160.62137715236202,148.50546,15.452870686848968,15.452870686848968
2021-01-13 05:00:00,165.29166666666666,154.62701416015625,160.11221549170412,154.62701,10.664652506510407,10.664652506510407
2021-01-13 06:00:00,166.20833333333334,163.267333984375,166.31597713676712,163.26733,2.940999348958343,2.940999348958343
2021-01-13 07:00:00,167.125,165.98941040039062,166.02501137962565,165.98941,1.135589599609375,1.135589599609375
2021-01-13 08:00:00,168.70833333333334,157.82415771484375,160.74410466469342,157.82416,10.884175618489593,10.884175618489593
2021-01-13 09:00:00,170.08333333333334,170.1427001953125,165.26260437686716,170.1427,-0.05936686197915719,0.05936686197915719
2021-01-13 10:00:00,170.70833333333334,178.1656036376953,172.13538664074773,178.1656,-7.45727030436197,7.45727030436197
2021-01-13 11:00:00,173.16666666666666,178.1090087890625,178.25392638201842,178.10901,-4.942342122395843,4.942342122395843
2021-01-13 12:00:00,175.5,172.56118774414062,177.75445052409577,172.56119,2.938812255859375,2.938812255859375
2021-01-13 13:00:00,177.375,167.93948364257812,172.60280088870255,167.93948,9.435516357421875,9.435516357421875
2021-01-13 14:00:00,178.33333333333334,163.09573364257812,169.31994915662065,163.09573,15.237599690755218,15.237599690755218
2021-01-13 15:00:00,179.20833333333334,166.08238220214844,169.95794466848392,166.08238,13.125951131184905,13.125951131184905
2021-01-13 16:00:00,180.0,172.28012084960938,174.2794427430537,172.28012,7.719879150390625,7.719879150390625
2021-01-13 17:00:00,180.25,176.60284423828125,175.9025247071435,176.60284,3.64715576171875,3.64715576171875
2021-01-13 18:00:00,180.5,173.77444458007812,171.83774538869972,173.77444,6.725555419921875,6.725555419921875
2021-01-13 19:00:00,181.29166666666666,177.2596435546875,177.26774841777973,177.25964,4.032023111979157,4.032023111979157
2021-01-13 20:00:00,181.66666666666666,174.11251831054688,170.23539927293112,174.11252,7.554148356119782,7.554148356119782
2021-01-13 21:00:00,182.79166666666666,174.8507080078125,175.75413535011367,174.85071,7.940958658854157,7.940958658854157
2021-01-13 22:00:00,183.91666666666666,178.14785766601562,179.4158919280883,178.14786,5.768809000651032,5.768809000651032
2021-01-13 23:00:00,181.70833333333334,181.03790283203125,181.97216248691626,181.0379,0.6704305013020928,0.6704305013020928
2021-01-14 00:00:00,179.66666666666666,177.24224853515625,177.6574824812998,177.24225,2.424418131510407,2.424418131510407
2021-01-14 01:00:00,177.5,180.43145751953125,181.6291585770755,180.43146,-2.93145751953125,2.93145751953125
2021-01-14 02:00:00,177.08333333333334,178.8733367919922,177.4586985298381,178.87334,-1.7900034586588447,1.7900034586588447
2021-01-14 03:00:00,175.58333333333334,175.77633666992188,180.72867832255227,175.77634,-0.1930033365885322,0.1930033365885322
2021-01-14 04:00:00,173.0,176.75486755371094,181.77908342530145,176.75487,-3.7548675537109375,3.7548675537109375
2021-01-14 05:00:00,171.25,175.98046875,175.2982954379565,175.98047,-4.73046875,4.73046875
2021-01-14 06:00:00,169.95833333333334,171.7355499267578,171.0614224165153,171.73555,-1.7772165934244697,1.7772165934244697
2021-01-14 07:00:00,168.91666666666666,179.80068969726562,178.0694090709283,179.80069,-10.884023030598968,10.884023030598968
2021-01-14 08:00:00,168.58333333333334,181.65155029296875,178.5725724916636,181.65155,-13.068216959635407,13.068216959635407
2021-01-14 09:00:00,169.16666666666666,187.58831787109375,185.19243264007113,187.58832,-18.421651204427093,18.421651204427093
2021-01-14 10:00:00,170.0,188.59921264648438,188.58442567066024,188.59921,-18.599212646484375,18.599212646484375
2021-01-14 11:00:00,169.75,190.88653564453125,191.56812859619632,190.88654,-21.13653564453125,21.13653564453125
2021-01-14 12:00:00,170.125,197.27001953125,197.1436260557078,197.27002,-27.14501953125,27.14501953125
2021-01-14 13:00:00,169.875,191.17686462402344,192.56558117453432,191.17686,-21.301864624023438,21.301864624023438
2021-01-14 14:00:00,170.54166666666666,186.02291870117188,189.06524774260396,186.02292,-15.481252034505218,15.481252034505218
2021-01-14 15:00:00,169.875,184.95770263671875,189.34560087048823,184.9577,-15.08270263671875,15.08270263671875
2021-01-14 16:00:00,168.75,191.56045532226562,195.29237713208963,191.56046,-22.810455322265625,22.810455322265625
2021-01-14 17:00:00,168.54166666666666,185.37388610839844,196.20293733357641,185.37389,-16.83221944173178,16.83221944173178
2021-01-14 18:00:00,168.20833333333334,186.6125030517578,197.562936283082,186.6125,-18.40416971842447,18.40416971842447
2021-01-14 19:00:00,167.625,196.85366821289062,206.97402308783643,196.85367,-29.228668212890625,29.228668212890625
2021-01-14 20:00:00,168.375,198.079345703125,202.9548868933466,198.07935,-29.704345703125,29.704345703125
2021-01-14 21:00:00,168.25,202.19525146484375,211.80453141107196,202.19525,-33.94525146484375,33.94525146484375
2021-01-14 22:00:00,168.0,208.51187133789062,218.2399986761562,208.51187,-40.511871337890625,40.511871337890625
2021-01-14 23:00:00,172.04166666666666,193.21328735351562,196.28982677138245,193.21329,-21.171620686848968,21.171620686848968
2021-01-15 00:00:00,176.79166666666666,189.03546142578125,195.3981608363928,189.03546,-12.243794759114593,12.243794759114593
2021-01-15 01:00:00,181.58333333333334,186.76446533203125,192.64765849832594,186.76447,-5.181131998697907,5.181131998697907
2021-01-15 02:00:00,183.75,188.43618774414062,197.3634852152095,188.43619,-4.686187744140625,4.686187744140625
2021-01-15 03:00:00,186.08333333333334,188.78488159179688,190.2879778424852,188.78488,-2.701548258463532,2.701548258463532
2021-01-15 04:00:00,189.66666666666666,179.3446807861328,182.3942977938809,179.34468,10.321985880533845,10.321985880533845
2021-01-15 05:00:00,193.20833333333334,179.12400817871094,178.30082227017064,179.12401,14.084325154622405,14.084325154622405
2021-01-15 06:00:00,196.08333333333334,185.94566345214844,181.45712765621744,185.94566,10.137669881184905,10.137669881184905
2021-01-15 07:00:00,199.20833333333334,185.95863342285156,179.6354648798229,185.95863,13.24969991048178,13.24969991048178
2021-01-15 08:00:00,202.58333333333334,186.64126586914062,187.553856853532,186.64127,15.942067464192718,15.942067464192718
2021-01-15 09:00:00,206.16666666666666,200.6685791015625,205.44646506790494,200.66858,5.498087565104157,5.498087565104157
2021-01-15 10:00:00,210.08333333333334,200.50970458984375,207.8759925274153,200.5097,9.573628743489593,9.573628743489593
2021-01-15 11:00:00,214.875,200.11972045898438,197.94108089329472,200.11972,14.755279541015625,14.755279541015625
2021-01-15 12:00:00,218.375,194.16571044921875,198.22174454212401,194.16571,24.20928955078125,24.20928955078125
2021-01-15 13:00:00,219.91666666666666,190.53701782226562,187.506262152624,190.53702,29.379648844401032,29.379648844401032
2021-01-15 14:00:00,222.25,198.85464477539062,194.71002021370026,198.85464,23.395355224609375,23.395355224609375
2021-01-15 15:00:00,225.83333333333334,195.8043212890625,187.81868499269424,195.80432,30.029012044270843,30.029012044270843
2021-01-15 16:00:00,229.58333333333334,190.55682373046875,175.8312866942563,190.55682,39.02650960286459,39.02650960286459
2021-01-15 17:00:00,232.95833333333334,191.09225463867188,183.7989379888434,191.09225,41.86607869466147,41.86607869466147
2021-01-15 18:00:00,236.83333333333334,182.591064453125,175.50117093773446,182.59106,54.24226888020834,54.24226888020834
2021-01-15 19:00:00,241.33333333333334,186.83377075195312,181.1487345890584,186.83377,54.49956258138022,54.49956258138022
2021-01-15 20:00:00,243.91666666666666,189.8448944091797,190.39120346289982,189.8449,54.07177225748697,54.07177225748697
2021-01-15 21:00:00,247.5,190.35154724121094,190.08083996160383,190.35155,57.14845275878906,57.14845275878906
2021-01-15 22:00:00,249.79166666666666,193.96078491210938,191.9161143978135,193.96078,55.83088175455728,55.83088175455728
2021-01-15 23:00:00,251.58333333333334,201.1676025390625,203.5009998602668,201.1676,50.41573079427084,50.41573079427084
2021-01-16 00:00:00,251.70833333333334,205.20639038085938,203.71529014508516,205.20639,46.50194295247397,46.50194295247397
2021-01-16 01:00:00,251.95833333333334,217.68597412109375,213.63786897703423,217.68597,34.27235921223959,34.27235921223959
2021-01-16 02:00:00,253.75,211.1109619140625,210.6029914052603,211.11096,42.6390380859375,42.6390380859375
2021-01-16 03:00:00,256.4583333333333,209.2484130859375,209.0716360488654,209.24841,47.209920247395814,47.209920247395814
2021-01-16 04:00:00,257.5,210.5599365234375,210.1130992911011,210.55994,46.9400634765625,46.9400634765625
2021-01-16 05:00:00,257.8333333333333,212.70571899414062,213.1650973640727,212.70572,45.12761433919269,45.12761433919269
2021-01-16 06:00:00,258.2916666666667,210.99221801757812,220.52924864145757,210.99222,47.29944864908856,47.29944864908856
2021-01-16 07:00:00,259.7916666666667,212.28106689453125,219.89814713726093,212.28107,47.510599772135436,47.510599772135436
2021-01-16 08:00:00,260.4166666666667,214.29156494140625,226.3989759979843,214.29156,46.125101725260436,46.125101725260436
2021-01-16 09:00:00,259.75,217.07379150390625,227.6804203982621,217.07379,42.67620849609375,42.67620849609375
2021-01-16 10:00:00,258.9583333333333,225.14691162109375,227.83640539700338,225.14691,33.811421712239564,33.811421712239564
2021-01-16 11:00:00,259.2916666666667,230.5491943359375,231.17850957275056,230.5492,28.742472330729186,28.742472330729186
2021-01-16 12:00:00,260.3333333333333,228.54574584960938,230.77017958592634,228.54575,31.78758748372394,31.78758748372394
2021-01-16 13:00:00,262.5,228.55514526367188,227.3616449502522,228.55515,33.944854736328125,33.944854736328125
2021-01-16 14:00:00,264.7083333333333,226.22097778320312,227.88182466065044,226.22098,38.48735555013019,38.48735555013019
2021-01-16 15:00:00,266.4583333333333,228.89279174804688,228.58029041599374,228.89279,37.56554158528644,37.56554158528644
2021-01-16 16:00:00,266.4583333333333,230.25909423828125,228.54804077372884,230.2591,36.199239095052064,36.199239095052064
2021-01-16 17:00:00,265.9583333333333,224.37744140625,224.89547902709788,224.37744,41.580891927083314,41.580891927083314
2021-01-16 18:00:00,266.0416666666667,222.21224975585938,228.35314701417806,222.21225,43.82941691080731,43.82941691080731
2021-01-16 19:00:00,265.3333333333333,232.91336059570312,232.78836075581083,232.91336,32.41997273763019,32.41997273763019
2021-01-16 20:00:00,265.0,234.98019409179688,233.81427505320227,234.9802,30.019805908203125,30.019805908203125
2021-01-16 21:00:00,263.875,234.72531127929688,237.02927376278018,234.72531,29.149688720703125,29.149688720703125
2021-01-16 22:00:00,264.9583333333333,236.87860107421875,237.48513358155114,236.8786,28.079732259114564,28.079732259114564
2021-01-16 23:00:00,264.6666666666667,244.96612548828125,233.30581292807955,244.96613,19.700541178385436,19.700541178385436
2021-01-17 00:00:00,264.6666666666667,248.40249633789062,235.12269090162295,248.4025,16.26417032877606,16.26417032877606
2021-01-17 01:00:00,263.7083333333333,250.94903564453125,235.59178161413095,250.94904,12.759297688802064,12.759297688802064
2021-01-17 02:00:00,261.625,252.9815673828125,241.76784757219409,252.98157,8.6434326171875,8.6434326171875
2021-01-17 03:00:00,259.2083333333333,254.99057006835938,248.87984923768911,254.99057,4.217763264973939,4.217763264973939
2021-01-17 04:00:00,258.0833333333333,255.66192626953125,250.77818663756693,255.66193,2.4214070638020644,2.4214070638020644
2021-01-17 05:00:00,256.6666666666667,254.515869140625,250.11298165753894,254.51587,2.1507975260416856,2.1507975260416856
2021-01-17 06:00:00,255.625,251.61151123046875,250.2297750390566,251.61151,4.01348876953125,4.01348876953125
2021-01-17 07:00:00,253.29166666666666,254.00436401367188,253.35502822852987,254.00436,-0.7126973470052178,0.7126973470052178
2021-01-17 08:00:00,249.66666666666666,254.36956787109375,255.8624256271574,254.36957,-4.702901204427093,4.702901204427093
2021-01-17 09:00:00,244.20833333333334,253.50677490234375,246.69038066035486,253.50677,-9.298441569010407,9.298441569010407
2021-01-17 10:00:00,239.83333333333334,250.44143676757812,249.17908117183262,250.44144,-10.608103434244782,10.608103434244782
2021-01-17 11:00:00,235.79166666666666,250.7320556640625,251.25101772700526,250.73206,-14.940388997395843,14.940388997395843
2021-01-17 12:00:00,233.20833333333334,247.36767578125,255.28947347542496,247.36768,-14.159342447916657,14.159342447916657
2021-01-17 13:00:00,233.95833333333334,243.95162963867188,251.23830806698547,243.95163,-9.993296305338532,9.993296305338532
2021-01-17 14:00:00,235.41666666666666,248.23419189453125,253.6283064528122,248.23419,-12.817525227864593,12.817525227864593
2021-01-17 15:00:00,237.54166666666666,247.54837036132812,252.240965095034,247.54837,-10.006703694661468,10.006703694661468
2021-01-17 16:00:00,238.83333333333334,249.5838623046875,249.91905643763027,249.58386,-10.750528971354157,10.750528971354157
2021-01-17 17:00:00,239.91666666666666,233.70626831054688,232.02237572199869,233.70627,6.210398356119782,6.210398356119782
2021-01-17 18:00:00,239.04166666666666,238.43350219726562,237.07899025573985,238.4335,0.6081644694010322,0.6081644694010322
2021-01-17 19:00:00,237.29166666666666,247.63516235351562,249.53681094240451,247.63516,-10.343495686848968,10.343495686848968
2021-01-17 20:00:00,237.08333333333334,243.43310546875,243.18715770066032,243.4331,-6.349772135416657,6.349772135416657
2021-01-17 21:00:00,237.5,240.8673095703125,242.64369847864415,240.86731,-3.3673095703125,3.3673095703125
2021-01-17 22:00:00,237.79166666666666,240.21041870117188,239.54670532033938,240.21042,-2.418752034505218,2.418752034505218
2021-01-17 23:00:00,240.54166666666666,241.215087890625,238.5726523440751,241.21509,-0.6734212239583428,0.6734212239583428
2021-01-18 00:00:00,243.70833333333334,244.77871704101562,244.9529151007789,244.77872,-1.0703837076822822,1.0703837076822822
2021-01-18 01:00:00,248.33333333333334,243.69024658203125,241.63728947708373,243.69025,4.643086751302093,4.643086751302093
2021-01-18 02:00:00,252.83333333333334,240.50482177734375,239.18201133288582,240.50482,12.328511555989593,12.328511555989593
2021-01-18 03:00:00,258.375,246.81842041015625,242.00266470947068,246.81842,11.55657958984375,11.55657958984375
2021-01-18 04:00:00,259.9583333333333,240.4027099609375,235.08839332659988,240.40271,19.555623372395814,19.555623372395814
2021-01-18 05:00:00,263.875,237.8209228515625,229.8887583710966,237.82092,26.0540771484375,26.0540771484375
2021-01-18 06:00:00,273.30979166666657,245.6661376953125,235.87281437534688,245.66614,27.64365397135407,27.64365397135407
2021-01-18 07:00:00,281.97645833333326,250.265625,238.98257562899812,250.26562,31.710833333333255,31.710833333333255
2021-01-18 08:00:00,292.4112499999998,239.1536865234375,234.33308222827304,239.15369,53.257563476562325,53.257563476562325
2021-01-18 09:00:00,304.5960416666664,226.04132080078125,218.17330223469045,226.04132,78.55472086588514,78.55472086588514
2021-01-18 10:00:00,309.387708333333,217.38888549804688,215.22979034672403,217.38889,91.99882283528615,91.99882283528615
2021-01-18 11:00:00,310.3460416666664,223.00701904296875,214.15366558380606,223.00702,87.33902262369764,87.33902262369764
2021-01-18 12:00:00,310.762708333333,227.01705932617188,215.81582838971073,227.01706,83.74564900716115,83.74564900716115
2021-01-18 13:00:00,309.0543749999997,230.368408203125,221.9112106090065,230.36841,78.68596679687471,78.68596679687471
2021-01-18 14:00:00,305.262708333333,229.32034301757812,221.92915249764113,229.32034,75.9423653157549,75.9423653157549
2021-01-18 15:00:00,301.8460416666664,225.86367797851562,221.32378827091875,225.86368,75.98236368815077,75.98236368815077
2021-01-18 16:00:00,300.637708333333,224.40328979492188,217.46972654748527,224.40329,76.23441853841115,76.23441853841115
2021-01-18 17:00:00,300.0543749999997,223.18939208984375,214.00481774988313,223.18939,76.86498291015596,76.86498291015596
2021-01-18 18:00:00,301.012708333333,210.90444946289062,202.36405606823214,210.90445,90.1082588704424,90.1082588704424
2021-01-18 19:00:00,303.012708333333,207.06298828125,202.56102185197398,207.06299,95.94972005208302,95.94972005208302
2021-01-18 20:00:00,304.137708333333,213.16046142578125,208.41049163341276,213.16046,90.97724690755177,90.97724690755177
2021-01-18 21:00:00,304.3460416666664,215.54141235351562,214.51902264392714,215.54141,88.80462931315077,88.80462931315077
2021-01-18 22:00:00,308.7391666666663,222.9715576171875,221.94500706224514,222.97156,85.76760904947878,85.76760904947878
2021-01-18 23:00:00,311.2391666666663,224.45428466796875,222.6436627377375,224.45428,86.78488199869753,86.78488199869753
2021-01-19 00:00:00,313.8641666666663,221.0560302734375,222.5780799136606,221.05603,92.80813639322878,92.80813639322878
2021-01-19 01:00:00,316.59062499999953,227.08688354492188,224.9179103844817,227.08688,89.50374145507766,89.50374145507766
2021-01-19 02:00:00,320.44208333333273,229.677001953125,227.11284591073127,229.677,90.76508138020773,90.76508138020773
2021-01-19 03:00:00,323.168541666666,236.07241821289062,225.06280212336367,236.07242,87.09612345377536,87.09612345377536
2021-01-19 04:00:00,330.01999999999924,222.36624145507812,221.32979653630477,222.36624,107.65375854492112,107.65375854492112
2021-01-19 05:00:00,333.39499999999924,225.4942626953125,223.92255374404502,225.49426,107.90073730468674,107.90073730468674
2021-01-19 06:00:00,331.293541666666,242.33334350585938,234.21092336792105,242.33334,88.96019816080661,88.96019816080661
2021-01-19 07:00:00,328.793541666666,219.98513793945312,224.75879164621568,219.98514,108.80840372721286,108.80840372721286
2021-01-19 08:00:00,324.9837499999994,210.77474975585938,219.27378251381046,210.77475,114.20900024414004,114.20900024414004
2021-01-19 09:00:00,322.88229166666616,214.54916381835938,219.22538789853712,214.54916,108.33312784830679,108.33312784830679
2021-01-19 10:00:00,322.84062499999953,199.30670166015625,212.79297715328727,199.3067,123.53392333984328,123.53392333984328
2021-01-19 11:00:00,325.09062499999953,181.68475341796875,203.9090040114637,181.68475,143.40587158203078,143.40587158203078
2021-01-19 12:00:00,323.71562499999953,192.40121459960938,212.37095423024502,192.40121,131.31441040039016,131.31441040039016
2021-01-19 13:00:00,322.79895833333285,192.39578247070312,214.02739294293093,192.39578,130.40317586262972,130.40317586262972
2021-01-19 14:00:00,322.75729166666616,177.0610809326172,203.09971672917484,177.06108,145.69621073404898,145.69621073404898
2021-01-19 15:00:00,322.54895833333285,179.34181213378906,201.88911079717445,179.34181,143.20714619954379,143.20714619954379
2021-01-19 16:00:00,323.79895833333285,199.09854125976562,211.41582683680255,199.09854,124.70041707356722,124.70041707356722
2021-01-19 17:00:00,325.42395833333285,195.11257934570312,203.4807420034357,195.11258,130.31137898762972,130.31137898762972
2021-01-19 18:00:00,326.92395833333285,201.6513671875,217.41339944033538,201.65137,125.27259114583285,125.27259114583285
2021-01-19 19:00:00,326.34062499999953,204.23031616210938,220.26123552953635,204.23032,122.11030883789016,122.11030883789016
2021-01-19 20:00:00,324.13229166666616,193.45159912109375,218.23100851970898,193.4516,130.6806925455724,130.6806925455724
2021-01-19 21:00:00,322.34062499999953,187.5442352294922,215.24746479542642,187.54424,134.79638977050735,134.79638977050735
2021-01-19 22:00:00,313.90583333333296,194.61932373046875,209.14909808265006,194.61932,119.28650960286421,119.28650960286421
2021-01-19 23:00:00,307.28083333333296,190.4468231201172,206.8055168016762,190.44682,116.83401021321578,116.83401021321578
2021-01-20 00:00:00,301.4891666666663,202.52069091796875,207.8506859547649,202.52069,98.96847574869753,98.96847574869753
2021-01-20 01:00:00,293.887708333333,200.33819580078125,203.5399122213881,200.3382,93.54951253255177,93.54951253255177
2021-01-20 02:00:00,286.5362499999998,197.99856567382812,200.41784709465594,197.99857,88.5376843261717,88.5376843261717
2021-01-20 03:00:00,279.10145833333326,197.09124755859375,206.6798399233916,197.09125,82.0102107747395,82.0102107747395
2021-01-20 04:00:00,271.125,204.91555786132812,211.967307768812,204.91556,66.20944213867188,66.20944213867188
2021-01-20 05:00:00,264.8333333333333,197.94879150390625,204.53656094314366,197.94879,66.88454182942706,66.88454182942706
2021-01-20 06:00:00,258.4166666666667,198.85714721679688,200.26435383627248,198.85715,59.55951944986981,59.55951944986981
2021-01-20 07:00:00,252.91666666666666,194.52090454101562,197.16785764928923,194.5209,58.39576212565103,58.39576212565103
2021-01-20 08:00:00,248.375,180.01736450195312,189.9446554524066,180.01736,68.35763549804688,68.35763549804688
2021-01-20 09:00:00,243.0,185.88201904296875,193.81226138172372,185.88202,57.11798095703125,57.11798095703125
2021-01-20 10:00:00,241.95833333333334,181.88092041015625,190.70887313221027,181.88092,60.07741292317709,60.07741292317709
2021-01-20 11:00:00,241.29166666666666,172.35333251953125,186.32555670638027,172.35333,68.93833414713541,68.93833414713541
2021-01-20 12:00:00,244.5,163.2711181640625,168.21122583887754,163.27112,81.2288818359375,81.2288818359375
2021-01-20 13:00:00,248.45833333333334,159.1658935546875,168.78800668574925,159.1659,89.29243977864584,89.29243977864584
2021-01-20 14:00:00,250.45833333333334,149.35177612304688,163.77140142317788,149.35178,101.10655721028647,101.10655721028647
2021-01-20 15:00:00,247.875,165.68020629882812,177.79105280721936,165.6802,82.19479370117188,82.19479370117188
2021-01-20 16:00:00,244.29166666666666,168.8036346435547,168.8390634974689,168.80363,75.48803202311197,75.48803202311197
2021-01-20 17:00:00,241.0,170.59927368164062,175.79350188381167,170.59927,70.40072631835938,70.40072631835938
2021-01-20 18:00:00,238.54166666666666,180.7947998046875,193.51695971014797,180.7948,57.74686686197916,57.74686686197916
2021-01-20 19:00:00,240.95833333333334,186.169189453125,184.25211916808308,186.16919,54.78914388020834,54.78914388020834
2021-01-20 20:00:00,243.91666666666666,160.2122802734375,166.27471422503177,160.21228,83.70438639322916,83.70438639322916
2021-01-20 21:00:00,246.33333333333334,158.67306518554688,163.77963544644993,158.67307,87.66026814778647,87.66026814778647
2021-01-20 22:00:00,249.45833333333334,146.88821411132812,164.25806281683003,146.88821,102.57011922200522,102.57011922200522
2021-01-20 23:00:00,252.16666666666666,160.4844970703125,183.1008127562319,160.4845,91.68216959635416,91.68216959635416
2021-01-21 00:00:00,254.125,165.8489227294922,185.21136988363324,165.84892,88.27607727050781,88.27607727050781
2021-01-21 01:00:00,256.79761904761904,161.8924560546875,181.32689790979958,161.89246,94.90516299293154,94.90516299293154
2021-01-21 02:00:00,254.42261904761904,164.81692504882812,182.20365195609315,164.81693,89.60569399879091,89.60569399879091
2021-01-21 03:00:00,250.8392857142857,163.46829223632812,187.46434594532704,163.46829,87.37099347795757,87.37099347795757
2021-01-21 04:00:00,247.7142857142857,190.32101440429688,194.13226841733564,190.32101,57.39327130998882,57.39327130998882
2021-01-21 05:00:00,244.79761904761904,179.3263397216797,189.1214918371052,179.32634,65.47127932593935,65.47127932593935
2021-01-21 06:00:00,242.4642857142857,176.10650634765625,191.99970708558916,176.1065,66.35777936662944,66.35777936662944
2021-01-21 07:00:00,241.63095238095238,177.61097717285156,191.28145121966,177.61098,64.01997520810082,64.01997520810082
2021-01-21 08:00:00,241.7142857142857,183.58053588867188,191.68084862145597,183.58054,58.13374982561382,58.13374982561382
2021-01-21 09:00:00,240.92261904761904,187.00296020507812,197.62809536462,187.00296,53.91965884254091,53.91965884254091
2021-01-21 10:00:00,240.38095238095238,200.4791259765625,204.87184795519664,200.47913,39.90182640438988,39.90182640438988
2021-01-21 11:00:00,240.63095238095238,211.83358764648438,212.5287509242255,211.83359,28.797364734468005,28.797364734468005
2021-01-21 12:00:00,241.3392857142857,203.98672485351562,216.18551022377773,203.98672,37.35256086077007,37.35256086077007
2021-01-21 13:00:00,241.54761904761904,206.69686889648438,220.59363911588608,206.69687,34.85075015113466,34.85075015113466
2021-01-21 14:00:00,242.4642857142857,217.07086181640625,221.32298134307112,217.07086,25.393423897879444,25.393423897879444
2021-01-21 15:00:00,246.29761904761904,221.54171752929688,207.51756151451633,221.54172,24.755901518322162,24.755901518322162
2021-01-21 16:00:00,248.0892857142857,207.3486328125,198.32260054444333,207.34863,40.740652901785694,40.740652901785694
2021-01-21 17:00:00,248.29761904761904,200.39593505859375,194.76922714205983,200.39594,47.90168398902529,47.90168398902529
2021-01-21 18:00:00,246.79761904761904,206.81942749023438,202.41314038759032,206.81943,39.97819155738466,39.97819155738466
2021-01-21 19:00:00,241.54761904761904,208.82672119140625,222.63821054537334,208.82672,32.72089785621279,32.72089785621279
2021-01-21 20:00:00,234.54761904761904,218.27691650390625,226.72796498747027,218.27692,16.270702543712787,16.270702543712787
2021-01-21 21:00:00,226.8392857142857,217.49203491210938,230.35375398671974,217.49203,9.347250802176319,9.347250802176319
2021-01-21 22:00:00,220.04761904761904,209.37423706054688,224.56342452959075,209.37424,10.673381987072162,10.673381987072162
2021-01-21 23:00:00,212.88095238095238,212.9771728515625,226.45292627464912,212.97717,-0.0962204706101204,0.0962204706101204
2021-01-22 00:00:00,207.3392857142857,216.58197021484375,232.5394703650867,216.58197,-9.242684500558056,9.242684500558056
2021-01-22 01:00:00,203.45833333333334,215.52972412109375,228.4684556476414,215.52972,-12.071390787760407,12.071390787760407
2021-01-22 14:00:00,205.0,207.58322143554688,223.42945580787898,207.58322,-2.583221435546875,2.583221435546875
2021-01-22 15:00:00,207.08333333333334,215.40655517578125,218.16544082637913,215.40656,-8.323221842447907,8.323221842447907
2021-01-22 16:00:00,207.25,221.55532836914062,220.40732203143833,221.55533,-14.305328369140625,14.305328369140625
2021-01-22 17:00:00,207.25,221.65603637695312,211.11692495192418,221.65604,-14.406036376953125,14.406036376953125
2021-01-22 18:00:00,207.5,216.19161987304688,209.90994694616555,216.19162,-8.691619873046875,8.691619873046875
2021-01-22 19:00:00,207.58333333333334,218.59228515625,218.689152211547,218.59229,-11.008951822916657,11.008951822916657
2021-01-22 20:00:00,207.16666666666666,215.4671630859375,225.38157325581312,215.46716,-8.300496419270843,8.300496419270843
2021-01-22 21:00:00,206.41666666666666,218.96688842773438,220.72156303408326,218.96689,-12.550221761067718,12.550221761067718
2021-01-22 22:00:00,205.20833333333334,215.16754150390625,213.58382685478054,215.16754,-9.959208170572907,9.959208170572907
2021-01-22 23:00:00,202.875,216.54412841796875,216.12067275420182,216.54413,-13.66912841796875,13.66912841796875
2021-01-23 00:00:00,201.25,217.97787475585938,219.40394671712147,217.97787,-16.727874755859375,16.727874755859375
2021-01-23 01:00:00,197.58333333333334,219.4033203125,214.0314696305096,219.40332,-21.819986979166657,21.819986979166657
2021-01-23 02:00:00,194.95833333333334,214.95065307617188,214.3690562672599,214.95065,-19.992319742838532,19.992319742838532
2021-01-23 03:00:00,194.375,211.80426025390625,210.87722198700004,211.80426,-17.42926025390625,17.42926025390625
2021-01-23 04:00:00,195.25,196.52777099609375,201.23986539852763,196.52777,-1.27777099609375,1.27777099609375
2021-01-23 05:00:00,196.54166666666666,201.13140869140625,199.3664934744832,201.13141,-4.589742024739593,4.589742024739593
2021-01-23 06:00:00,197.0,212.32669067382812,205.0110097831088,212.32669,-15.326690673828125,15.326690673828125
2021-01-23 07:00:00,196.16666666666666,211.72103881835938,202.5570391971025,211.72104,-15.554372151692718,15.554372151692718
2021-01-23 08:00:00,196.375,212.6322021484375,201.73409176396217,212.6322,-16.2572021484375,16.2572021484375
2021-01-23 09:00:00,197.75,205.62319946289062,193.68364882979932,205.6232,-7.873199462890625,7.873199462890625
2021-01-23 10:00:00,199.25,206.40670776367188,196.0748303853559,206.40671,-7.156707763671875,7.156707763671875
2021-01-23 11:00:00,202.41666666666666,208.83599853515625,196.5207659969957,208.836,-6.419331868489593,6.419331868489593
2021-01-23 12:00:00,205.5,202.6976318359375,196.3652352050393,202.69763,2.8023681640625,2.8023681640625
2021-01-23 13:00:00,207.54166666666666,202.70193481445312,201.77218680956588,202.70193,4.839731852213532,4.839731852213532
2021-01-23 14:00:00,209.83333333333334,212.72113037109375,207.63769501061282,212.72113,-2.887797037760407,2.887797037760407
2021-01-23 15:00:00,212.08333333333334,212.0028076171875,206.49466418485878,212.0028,0.08052571614584281,0.08052571614584281
2021-01-23 16:00:00,216.5,205.76812744140625,199.80554377776252,205.76813,10.73187255859375,10.73187255859375
2021-01-23 17:00:00,220.54166666666666,200.82061767578125,193.33780895496685,200.82062,19.721048990885407,19.721048990885407
2021-01-23 18:00:00,224.41666666666666,199.48037719726562,196.16805627729428,199.48038,24.936289469401032,24.936289469401032
2021-01-23 19:00:00,228.875,208.335693359375,202.9655051531462,208.3357,20.539306640625,20.539306640625
2021-01-23 20:00:00,231.45833333333334,207.07781982421875,199.29132601133426,207.07782,24.380513509114593,24.380513509114593
2021-01-23 21:00:00,234.41666666666666,204.09805297851562,197.36717017133063,204.09805,30.318613688151032,30.318613688151032
2021-01-23 22:00:00,236.70833333333334,202.69143676757812,197.6475559050797,202.69144,34.01689656575522,34.01689656575522
2021-01-23 23:00:00,237.75,206.84231567382812,198.69345566090945,206.84232,30.907684326171875,30.907684326171875
2021-01-24 00:00:00,237.16666666666666,216.06649780273438,209.69582451761627,216.0665,21.100168863932282,21.100168863932282
2021-01-24 01:00:00,239.45833333333334,212.62765502929688,206.75165258546954,212.62766,26.830678304036468,26.830678304036468
2021-01-24 02:00:00,240.83333333333334,212.59259033203125,205.37267862798242,212.59259,28.240743001302093,28.240743001302093
2021-01-24 03:00:00,241.16666666666666,227.44680786132812,215.57908441729327,227.44681,13.719858805338532,13.719858805338532
2021-01-24 04:00:00,240.375,223.46224975585938,219.39638122233663,223.46225,16.912750244140625,16.912750244140625
2021-01-24 05:00:00,238.875,210.33938598632812,213.7801660945422,210.33939,28.535614013671875,28.535614013671875
2021-01-24 06:00:00,237.08333333333334,203.91461181640625,204.09154573882884,203.91461,33.16872151692709,33.16872151692709
2021-01-24 07:00:00,235.5,193.43572998046875,193.14868835722208,193.43573,42.06427001953125,42.06427001953125
2021-08-26 18:00:00,37.0625,38.05248260498047,39.90857656502801,38.052483,-0.9899826049804688,0.9899826049804688
2021-08-26 19:00:00,37.6875,40.139244079589844,42.74498918671534,40.139244,-2.4517440795898438,2.4517440795898438
2021-08-26 20:00:00,39.229166666666664,41.51758575439453,44.81411515029203,41.517586,-2.288419087727867,2.288419087727867
2021-08-26 21:00:00,38.604166666666664,46.2304573059082,46.820696840459895,46.230457,-7.626290639241539,7.626290639241539
2021-08-26 22:00:00,40.020833333333336,39.09141540527344,42.682272011379304,39.091415,0.9294179280598982,0.9294179280598982
2021-08-26 23:00:00,41.854166666666664,38.759132385253906,41.36138476859344,38.759132,3.095034281412758,3.095034281412758
2021-08-27 00:00:00,43.3125,34.787200927734375,35.54758327100614,34.7872,8.525299072265625,8.525299072265625
2021-08-27 01:00:00,44.5625,36.37229919433594,37.5595340643058,36.3723,8.190200805664062,8.190200805664062
2021-08-27 02:00:00,45.8125,36.786109924316406,38.42141898547397,36.78611,9.026390075683594,9.026390075683594
2021-08-27 03:00:00,46.625,39.565895080566406,42.075289090205324,39.565895,7.059104919433594,7.059104919433594
2021-08-27 04:00:00,47.0,41.868019104003906,43.43688580827392,41.86802,5.131980895996094,5.131980895996094
2021-08-27 05:00:00,49.583333333333336,40.47093963623047,40.378655216349564,40.47094,9.112393697102867,9.112393697102867
2021-08-27 06:00:00,50.208333333333336,37.6878662109375,39.762820173806844,37.687866,12.520467122395836,12.520467122395836
2021-08-27 07:00:00,51.333333333333336,39.423770904541016,39.661325999266694,39.42377,11.90956242879232,11.90956242879232
2021-08-27 08:00:00,50.041666666666664,39.564178466796875,41.03281917973427,39.56418,10.47748819986979,10.47748819986979
2021-08-27 09:00:00,49.625,37.295433044433594,38.8927229700318,37.295433,12.329566955566406,12.329566955566406
2021-08-27 10:00:00,48.791666666666664,36.07952880859375,38.73187878476532,36.07953,12.712137858072914,12.712137858072914
2021-08-27 11:00:00,47.0,42.46861267089844,43.841157694827714,42.468613,4.5313873291015625,4.5313873291015625
2021-08-27 12:00:00,46.583333333333336,36.111785888671875,37.28541378811776,36.111786,10.47154744466146,10.47154744466146
2021-08-27 13:00:00,46.583333333333336,35.031002044677734,36.457500251622925,35.031002,11.552331288655601,11.552331288655601
2021-08-27 14:00:00,46.666666666666664,34.41472625732422,34.1719094990412,34.414726,12.251940409342446,12.251940409342446
2021-08-27 15:00:00,46.625,34.27459716796875,35.04214130493669,34.274597,12.35040283203125,12.35040283203125
2021-08-27 16:00:00,46.708333333333336,33.33934783935547,32.90825045751506,33.339348,13.368985493977867,13.368985493977867
2021-08-27 17:00:00,46.291666666666664,35.1624755859375,35.051043612177615,35.162476,11.129191080729164,11.129191080729164
2021-08-27 18:00:00,46.125,35.60380554199219,35.59370704232524,35.603806,10.521194458007812,10.521194458007812
2021-08-27 19:00:00,45.0,41.822601318359375,43.12224389608819,41.8226,3.177398681640625,3.177398681640625
2021-08-27 20:00:00,43.541666666666664,41.849098205566406,44.608305139586356,41.8491,1.692568461100258,1.692568461100258
2021-08-27 21:00:00,43.791666666666664,34.94519805908203,37.079775491699216,34.945198,8.846468607584633,8.846468607584633
2021-08-27 22:00:00,41.583333333333336,39.16984176635742,41.040039724033875,39.16984,2.413491566975914,2.413491566975914
2021-08-27 23:00:00,38.958333333333336,39.4278564453125,40.25980477439461,39.427856,-0.4695231119791643,0.4695231119791643
2021-08-28 00:00:00,37.333333333333336,40.74823760986328,39.805425915465214,40.748238,-3.4149042765299455,3.4149042765299455
2021-08-28 01:00:00,35.958333333333336,40.45689392089844,40.561636470015294,40.456894,-4.498560587565102,4.498560587565102
2021-08-28 02:00:00,34.583333333333336,42.4513053894043,42.889527990403764,42.451305,-7.867972056070961,7.867972056070961
2021-08-28 03:00:00,32.8125,42.79003143310547,42.87588319978606,42.79003,-9.977531433105469,9.977531433105469
2021-08-28 04:00:00,30.645833333333332,44.25616455078125,43.12974083459046,44.256165,-13.610331217447918,13.610331217447918
2021-08-28 05:00:00,28.604166666666668,46.4373779296875,45.34510718309649,46.437378,-17.833211263020832,17.833211263020832
2021-08-28 06:00:00,27.270833333333332,41.600311279296875,42.58245837785289,41.60031,-14.329477945963543,14.329477945963543
2021-08-28 07:00:00,25.895833333333332,44.54283142089844,43.60390295574585,44.54283,-18.646998087565105,18.646998087565105
2021-08-28 08:00:00,25.6875,39.91099166870117,39.42391096489819,39.91099,-14.223491668701172,14.223491668701172
2021-08-28 09:00:00,25.8125,35.84941101074219,37.12814890365573,35.84941,-10.036911010742188,10.036911010742188
2021-08-28 10:00:00,26.145833333333332,34.36248016357422,34.55349249134936,34.36248,-8.216646830240887,8.216646830240887
2021-08-28 11:00:00,26.229166666666668,33.931121826171875,33.30500960251766,33.93112,-7.701955159505207,7.701955159505207
2021-08-28 12:00:00,26.395833333333332,34.04583740234375,34.45666983222798,34.045837,-7.650004069010418,7.650004069010418
2021-08-28 13:00:00,26.604166666666668,33.993751525878906,35.44049999711872,33.99375,-7.389584859212238,7.389584859212238
2021-08-28 14:00:00,26.4375,27.290729522705078,27.644978745199246,27.29073,-0.8532295227050781,0.8532295227050781
2021-08-28 15:00:00,26.604166666666668,32.02686309814453,36.121485649803574,32.026863,-5.422696431477863,5.422696431477863
2021-08-28 16:00:00,26.5625,30.66485595703125,31.793455771390676,30.664856,-4.10235595703125,4.10235595703125
2021-08-28 17:00:00,27.0625,26.661067962646484,29.227372261681083,26.661068,0.4014320373535156,0.4014320373535156
2021-08-28 18:00:00,27.104166666666668,30.12938690185547,31.992966992334075,30.129387,-3.025220235188801,3.025220235188801
2021-08-28 19:00:00,27.4375,27.095748901367188,29.56365537178821,27.095749,0.3417510986328125,0.3417510986328125
2021-08-28 20:00:00,26.8125,29.02743911743164,32.72181542848044,29.02744,-2.2149391174316406,2.2149391174316406
2021-08-28 21:00:00,27.479166666666668,31.430274963378906,35.073509369689226,31.430275,-3.9511082967122384,3.9511082967122384
2021-08-28 22:00:00,27.9375,26.817420959472656,30.168219058071138,26.817421,1.1200790405273438,1.1200790405273438
2021-08-28 23:00:00,28.895833333333332,22.364551544189453,26.852892643375384,22.364552,6.531281789143879,6.531281789143879
2021-08-29 00:00:00,29.645833333333332,23.625133514404297,27.468141528914174,23.625134,6.020699818929035,6.020699818929035
2021-08-29 01:00:00,31.145833333333332,24.168102264404297,26.97464869602985,24.168102,6.977731068929035,6.977731068929035
2021-08-29 02:00:00,32.645833333333336,21.285160064697266,23.540439692060108,21.28516,11.36067326863607,11.36067326863607
2021-08-29 03:00:00,33.375,20.214550018310547,21.628471419653366,20.21455,13.160449981689453,13.160449981689453
2021-08-29 04:00:00,33.333333333333336,17.442394256591797,18.454044102856614,17.442394,15.890939076741539,15.890939076741539
2021-08-29 05:00:00,33.708333333333336,24.759929656982422,26.9439918999747,24.75993,8.948403676350914,8.948403676350914
2021-08-29 06:00:00,37.333333333333336,23.02535629272461,25.415339133166924,23.025356,14.307977040608726,14.307977040608726
2021-08-29 07:00:00,37.708333333333336,25.047622680664062,27.502019667508414,25.047623,12.660710652669273,12.660710652669273
2021-08-29 08:00:00,37.541666666666664,24.939292907714844,27.880401699681585,24.939293,12.60237375895182,12.60237375895182
2021-08-29 09:00:00,37.458333333333336,25.14539337158203,27.831520693205533,25.145393,12.312939961751304,12.312939961751304
2021-08-29 10:00:00,37.333333333333336,23.781837463378906,25.62536205231975,23.781837,13.55149586995443,13.55149586995443
2021-08-29 11:00:00,37.375,23.04126739501953,24.32106313814913,23.041267,14.333732604980469,14.333732604980469
2021-08-29 12:00:00,37.25,21.395076751708984,23.6129248320932,21.395077,15.854923248291016,15.854923248291016
2021-08-29 13:00:00,37.041666666666664,21.79440689086914,22.885744430638713,21.794407,15.247259775797524,15.247259775797524
2021-08-29 14:00:00,37.333333333333336,25.45630645751953,25.76208318378902,25.456306,11.877026875813804,11.877026875813804
2021-08-29 15:00:00,37.25,22.927120208740234,24.862085293479407,22.92712,14.322879791259766,14.322879791259766
2021-08-29 16:00:00,37.625,25.821243286132812,25.759922583668615,25.821243,11.803756713867188,11.803756713867188
2021-08-29 17:00:00,37.708333333333336,23.276405334472656,24.33949170538895,23.276405,14.43192799886068,14.43192799886068
2021-08-29 18:00:00,37.75,25.898265838623047,25.899224993774087,25.898266,11.851734161376953,11.851734161376953
2021-08-29 19:00:00,37.916666666666664,26.213714599609375,27.729308152205146,26.213715,11.70295206705729,11.70295206705729
2021-08-29 20:00:00,38.875,26.435428619384766,27.19069001311862,26.435429,12.439571380615234,12.439571380615234
2021-08-29 21:00:00,37.416666666666664,30.543888092041016,31.96957248137468,30.543888,6.872778574625649,6.872778574625649
2021-08-29 22:00:00,36.625,29.492168426513672,32.01400482332089,29.492168,7.132831573486328,7.132831573486328
2021-08-29 23:00:00,39.166666666666664,27.585491180419922,29.967262626133877,27.585491,11.581175486246742,11.581175486246742
2021-08-30 00:00:00,39.041666666666664,33.76443862915039,33.93084481166084,33.76444,5.277228037516274,5.277228037516274
2021-08-30 01:00:00,37.958333333333336,37.01774978637695,35.91800596270698,37.01775,0.9405835469563826,0.9405835469563826
2021-08-30 02:00:00,36.875,35.15655517578125,35.40587895572534,35.156555,1.71844482421875,1.71844482421875
2021-08-30 03:00:00,37.1875,35.58838653564453,36.10985207980877,35.588387,1.5991134643554688,1.5991134643554688
2021-08-30 04:00:00,38.895833333333336,34.63362121582031,33.67396865212704,34.63362,4.262212117513023,4.262212117513023
2021-08-30 05:00:00,37.1875,37.39979934692383,37.69426052041912,37.3998,-0.21229934692382812,0.21229934692382812
2021-08-30 06:00:00,34.104166666666664,38.44630432128906,39.28686629792811,38.446304,-4.342137654622398,4.342137654622398
2021-08-30 07:00:00,33.9375,33.08805847167969,35.32687135346048,33.08806,0.8494415283203125,0.8494415283203125
2021-08-30 08:00:00,34.270833333333336,33.171470642089844,32.65488998688044,33.17147,1.099362691243492,1.099362691243492
2021-08-30 09:00:00,34.770833333333336,35.808441162109375,34.82655520783201,35.80844,-1.0376078287760393,1.0376078287760393
2021-08-30 10:00:00,35.020833333333336,33.583030700683594,33.6440088058178,33.58303,1.437802632649742,1.437802632649742
2021-08-30 11:00:00,34.9375,32.3581428527832,32.4532746265473,32.358143,2.579357147216797,2.579357147216797
2021-08-30 12:00:00,35.729166666666664,29.678421020507812,30.24759203228221,29.678421,6.050745646158852,6.050745646158852
2021-08-30 13:00:00,35.854166666666664,33.076377868652344,33.3180123050272,33.076378,2.7777887980143205,2.7777887980143205
2021-08-30 14:00:00,35.979166666666664,31.460155487060547,33.13178281660101,31.460155,4.519011179606117,4.519011179606117
2021-08-30 15:00:00,36.229166666666664,31.78540802001953,33.57483162697575,31.785408,4.443758646647133,4.443758646647133
2021-08-30 16:00:00,36.6875,34.69782638549805,35.43154470166106,34.697826,1.9896736145019531,1.9896736145019531
2021-08-30 17:00:00,37.395833333333336,34.848655700683594,34.85754810158015,34.848656,2.547177632649742,2.547177632649742
2021-08-30 18:00:00,38.145833333333336,35.4018440246582,35.0633046290216,35.401844,2.7439893086751326,2.7439893086751326
2021-08-30 19:00:00,38.145833333333336,36.65907287597656,37.1915183535204,36.659073,1.4867604573567732,1.4867604573567732
2021-08-30 20:00:00,37.979166666666664,38.82301330566406,39.8486922213833,38.823013,-0.8438466389973982,0.8438466389973982
2021-08-30 21:00:00,38.8125,32.1592903137207,32.18514212946164,32.15929,6.653209686279297,6.653209686279297
2021-08-30 22:00:00,40.020833333333336,29.90060043334961,29.358226627643557,29.9006,10.120232899983726,10.120232899983726
2021-08-30 23:00:00,37.5625,35.39985275268555,36.74841776768686,35.399853,2.162647247314453,2.162647247314453
2021-08-31 00:00:00,37.895833333333336,31.182628631591797,31.058604066740358,31.182629,6.713204701741539,6.713204701741539
2021-08-31 01:00:00,38.1875,32.835105895996094,30.820421310925905,32.835106,5.352394104003906,5.352394104003906
2021-08-31 02:00:00,38.479166666666664,34.19336700439453,33.162387422180686,34.193367,4.285799662272133,4.285799662272133
2021-08-31 03:00:00,37.791666666666664,33.70707321166992,33.539697856998686,33.707073,4.084593454996742,4.084593454996742
2021-08-31 04:00:00,36.125,36.03271484375,35.334967381152744,36.032715,0.09228515625,0.09228515625
2021-08-31 05:00:00,36.0,30.857906341552734,27.943854448074724,30.857906,5.142093658447266,5.142093658447266
2021-08-31 06:00:00,35.416666666666664,31.12344741821289,32.07944621823584,31.123447,4.293219248453774,4.293219248453774
2021-08-31 07:00:00,34.916666666666664,32.07029724121094,33.329785943486264,32.070297,2.846369425455727,2.846369425455727
2021-08-31 08:00:00,34.5,31.16305923461914,33.13143240663414,31.16306,3.3369407653808594,3.3369407653808594
2021-08-31 09:00:00,34.083333333333336,33.04143524169922,36.58989554798715,33.041435,1.041898091634117,1.041898091634117
2021-08-31 10:00:00,34.0,33.484458923339844,35.38260695685048,33.48446,0.5155410766601562,0.5155410766601562
2021-08-31 11:00:00,34.291666666666664,33.60813522338867,32.56769413647815,33.608135,0.6835314432779924,0.6835314432779924
2021-08-31 12:00:00,34.041666666666664,36.490753173828125,37.00001654405018,36.490753,-2.4490865071614607,2.4490865071614607
2021-08-31 13:00:00,34.375,35.60041809082031,35.9002029839044,35.600418,-1.2254180908203125,1.2254180908203125
2021-08-31 14:00:00,34.416666666666664,35.953800201416016,35.3748830918324,35.9538,-1.5371335347493513,1.5371335347493513
2021-08-31 15:00:00,33.833333333333336,39.58198547363281,37.20915633959818,39.581985,-5.748652140299477,5.748652140299477
2021-08-31 16:00:00,33.125,38.789451599121094,38.79086746126965,38.78945,-5.664451599121094,5.664451599121094
2021-08-31 17:00:00,31.916666666666668,39.47052001953125,42.10274315106637,39.47052,-7.553853352864582,7.553853352864582
2021-08-31 18:00:00,31.0,37.602142333984375,41.38487521343038,37.602142,-6.602142333984375,6.602142333984375
2021-08-31 19:00:00,30.916666666666668,37.360076904296875,38.711064159044874,37.360077,-6.443410237630207,6.443410237630207
2021-08-31 20:00:00,30.625,36.34571075439453,37.712184036336055,36.34571,-5.720710754394531,5.720710754394531
2021-08-31 21:00:00,30.583333333333332,37.63641357421875,41.49648657899322,37.636414,-7.053080240885418,7.053080240885418
2021-08-31 22:00:00,30.0,39.290409088134766,42.78640659637207,39.29041,-9.290409088134766,9.290409088134766
2021-08-31 23:00:00,30.791666666666668,38.55488586425781,42.07534474358282,38.554886,-7.763219197591145,7.763219197591145
2021-09-01 00:00:00,32.083333333333336,38.557830810546875,42.565530909335756,38.55783,-6.474497477213539,6.474497477213539
2021-09-01 01:00:00,34.208333333333336,37.85633087158203,41.37368794453437,37.85633,-3.6479975382486955,3.6479975382486955
2021-09-01 02:00:00,36.333333333333336,38.526023864746094,41.21825686054669,38.526024,-2.192690531412758,2.192690531412758
2021-09-01 03:00:00,38.208333333333336,37.472267150878906,37.72475734229725,37.472267,0.7360661824544295,0.7360661824544295
2021-09-01 04:00:00,39.833333333333336,34.848358154296875,34.7928391458152,34.84836,4.984975179036461,4.984975179036461
2021-09-01 05:00:00,40.166666666666664,34.43573760986328,33.21207041300931,34.435738,5.730929056803383,5.730929056803383
2021-09-01 06:00:00,40.375,32.876190185546875,32.73322548309855,32.87619,7.498809814453125,7.498809814453125
2021-09-01 07:00:00,41.333333333333336,33.33689880371094,32.107058362769905,33.3369,7.996434529622398,7.996434529622398
2021-09-01 08:00:00,41.666666666666664,32.84391403198242,32.084681674297535,32.843914,8.822752634684242,8.822752634684242
2021-09-01 09:00:00,41.208333333333336,33.95001220703125,33.73053746618773,33.950012,7.258321126302086,7.258321126302086
2021-09-01 10:00:00,40.833333333333336,34.09146499633789,33.75726849236697,34.091465,6.741868336995445,6.741868336995445
2021-09-01 11:00:00,40.5,33.31972122192383,33.99078671044382,33.31972,7.180278778076172,7.180278778076172
2021-09-01 12:00:00,40.125,34.92461013793945,34.37140864306823,34.92461,5.200389862060547,5.200389862060547
2021-09-01 13:00:00,39.75,35.431907653808594,34.72326159788639,35.431908,4.318092346191406,4.318092346191406
2021-09-01 14:00:00,39.708333333333336,33.01800537109375,33.42129935126193,33.018005,6.690327962239586,6.690327962239586
2021-09-01 15:00:00,40.625,31.57238006591797,32.31563212323197,31.57238,9.052619934082031,9.052619934082031
2021-09-01 16:00:00,40.708333333333336,35.99833679199219,34.66084468744325,35.998337,4.709996541341148,4.709996541341148
2021-09-01 17:00:00,40.625,30.887542724609375,29.90647764568568,30.887543,9.737457275390625,9.737457275390625
2021-09-01 18:00:00,41.541666666666664,28.476215362548828,28.772429382318858,28.476215,13.065451304117836,13.065451304117836
2021-09-01 19:00:00,42.5,30.040367126464844,31.972151915310217,30.040367,12.459632873535156,12.459632873535156
2021-09-01 20:00:00,42.833333333333336,31.650100708007812,34.16910715024808,31.6501,11.183232625325523,11.183232625325523
2021-09-01 21:00:00,43.333333333333336,31.606525421142578,34.51136420671857,31.606525,11.726807912190758,11.726807912190758
2021-09-01 22:00:00,44.041666666666664,31.301128387451172,32.44158918241321,31.301128,12.740538279215492,12.740538279215492
2021-09-01 23:00:00,45.375,34.574623107910156,37.095896081891276,34.574623,10.800376892089844,10.800376892089844
2021-09-02 00:00:00,46.166666666666664,36.24119567871094,39.06840445261183,36.241196,9.925470987955727,9.925470987955727
2021-09-02 01:00:00,46.0,31.305606842041016,36.14529945233828,31.305607,14.694393157958984,14.694393157958984
2021-09-02 02:00:00,45.833333333333336,32.292545318603516,36.40231561611644,32.292545,13.54078801472982,13.54078801472982
2021-09-02 03:00:00,45.1875,31.49779510498047,37.68735273645228,31.497795,13.689704895019531,13.689704895019531
2021-09-02 04:00:00,44.0625,29.894447326660156,36.95222408484178,29.894447,14.168052673339844,14.168052673339844
2021-09-02 05:00:00,44.020833333333336,26.786548614501953,29.063212320812447,26.786549,17.234284718831383,17.234284718831383
2021-09-02 06:00:00,43.6875,26.247848510742188,32.94363815086147,26.247849,17.439651489257812,17.439651489257812
2021-09-02 07:00:00,43.0625,31.492427825927734,37.006504541170536,31.492428,11.570072174072266,11.570072174072266
2021-09-02 08:00:00,42.9375,28.195789337158203,33.63022003737658,28.19579,14.741710662841797,14.741710662841797
2021-09-02 09:00:00,42.729166666666664,25.323532104492188,31.11338540341025,25.323532,17.405634562174477,17.405634562174477
2021-09-02 10:00:00,42.895833333333336,26.58185577392578,29.628063883283545,26.581856,16.313977559407554,16.313977559407554
2021-09-02 11:00:00,42.9375,26.293697357177734,27.792931561406032,26.293697,16.643802642822266,16.643802642822266
2021-09-02 12:00:00,42.729166666666664,24.89111328125,28.29311687208599,24.891113,17.838053385416664,17.838053385416664
2021-09-02 13:00:00,42.645833333333336,29.248294830322266,32.36687793819351,29.248295,13.39753850301107,13.39753850301107
2021-09-02 14:00:00,42.395833333333336,20.576828002929688,22.996831126855437,20.576828,21.819005330403648,21.819005330403648
2021-09-02 15:00:00,41.354166666666664,26.628787994384766,29.862212056169493,26.628788,14.725378672281899,14.725378672281899
2021-09-02 16:00:00,41.0625,29.335403442382812,30.62445134245741,29.335403,11.727096557617188,11.727096557617188
2021-09-02 17:00:00,41.0625,27.3758544921875,28.82836825309619,27.375854,13.6866455078125,13.6866455078125
2021-09-02 18:00:00,41.4375,33.18794250488281,35.933217032929136,33.187943,8.249557495117188,8.249557495117188
2021-09-02 19:00:00,41.3125,35.96414566040039,37.19444514062271,35.964146,5.348354339599609,5.348354339599609
2021-09-02 20:00:00,41.770833333333336,34.876277923583984,36.59602619412639,34.876278,6.894555409749351,6.894555409749351
2021-09-02 21:00:00,42.645833333333336,39.168121337890625,40.00008079398646,39.16812,3.4777119954427107,3.4777119954427107
2021-09-02 22:00:00,43.5625,36.36388397216797,39.27806601292402,36.363884,7.198616027832031,7.198616027832031
2021-09-02 23:00:00,42.395833333333336,37.77070617675781,41.476791758313965,37.770706,4.625127156575523,4.625127156575523
2021-09-03 00:00:00,41.1875,38.72819900512695,43.87532382562339,38.7282,2.459300994873047,2.459300994873047
2021-09-03 01:00:00,40.0625,40.724815368652344,42.97080071874684,40.724815,-0.6623153686523438,0.6623153686523438
2021-09-03 02:00:00,38.9375,39.43882751464844,42.842089270643896,39.438828,-0.5013275146484375,0.5013275146484375
2021-09-03 03:00:00,38.604166666666664,35.79779815673828,37.28018340712242,35.7978,2.806368509928383,2.806368509928383
2021-09-03 04:00:00,39.0625,29.864151000976562,33.09203156766759,29.864151,9.198348999023438,9.198348999023438
2021-09-03 05:00:00,39.979166666666664,30.52698516845703,33.22155698232618,30.526985,9.452181498209633,9.452181498209633
2021-09-03 06:00:00,40.770833333333336,31.560604095458984,34.00696527118712,31.560604,9.210229237874351,9.210229237874351
2021-09-03 07:00:00,41.645833333333336,30.44192123413086,33.30317807000318,30.441921,11.203912099202476,11.203912099202476
2021-09-03 08:00:00,42.9375,31.919273376464844,34.20462398139501,31.919273,11.018226623535156,11.018226623535156
2021-09-03 09:00:00,44.4375,29.334850311279297,32.8428864928945,29.33485,15.102649688720703,15.102649688720703
2021-09-03 10:00:00,45.145833333333336,32.04118728637695,34.71625054624788,32.041187,13.104646046956383,13.104646046956383
2021-09-03 11:00:00,46.0625,33.07051086425781,35.15348488329549,33.07051,12.991989135742188,12.991989135742188
2021-09-03 12:00:00,48.020833333333336,26.302230834960938,28.736262522545196,26.30223,21.718602498372398,21.718602498372398
2021-09-03 13:00:00,49.229166666666664,30.011669158935547,31.861071204927242,30.01167,19.217497507731117,19.217497507731117
2021-09-03 14:00:00,50.229166666666664,30.75494384765625,32.49104028419267,30.754944,19.474222819010414,19.474222819010414
2021-09-03 15:00:00,52.895833333333336,28.73247528076172,32.20837596924914,28.732475,24.163358052571617,24.163358052571617
2021-09-03 16:00:00,54.6875,28.91094207763672,31.74128926846899,28.910942,25.77655792236328,25.77655792236328
2021-09-03 17:00:00,56.6875,28.725784301757812,31.146857504804295,28.725784,27.961715698242188,27.961715698242188
2021-09-03 18:00:00,56.854166666666664,32.97246551513672,35.525535429876115,32.972466,23.881701151529946,23.881701151529946
2021-09-03 19:00:00,57.479166666666664,33.432674407958984,33.85189578413766,33.432674,24.04649225870768,24.04649225870768
2021-09-03 20:00:00,58.1875,32.989166259765625,34.0808656518308,32.989166,25.198333740234375,25.198333740234375
2021-09-03 21:00:00,59.229166666666664,32.414974212646484,35.1130415107167,32.414974,26.81419245402018,26.81419245402018
2021-09-03 22:00:00,60.3125,36.551761627197266,36.94020696450547,36.55176,23.760738372802734,23.760738372802734
2021-09-03 23:00:00,61.5625,38.18988037109375,36.1214350761363,38.18988,23.37261962890625,23.37261962890625
2021-09-04 00:00:00,62.229166666666664,40.543392181396484,37.24482618049428,40.543392,21.68577448527018,21.68577448527018
2021-09-04 01:00:00,62.8125,39.795997619628906,37.747033192564494,39.795998,23.016502380371094,23.016502380371094
2021-09-04 02:00:00,63.395833333333336,36.911521911621094,36.45668478992004,36.911522,26.484311421712242,26.484311421712242
2021-09-04 03:00:00,63.979166666666664,35.72148132324219,37.502514654668886,35.72148,28.257685343424477,28.257685343424477
2021-09-04 04:00:00,64.5625,36.66264724731445,37.8867465201868,36.662647,27.899852752685547,27.899852752685547
2021-09-04 05:00:00,64.89583333333333,36.73479461669922,38.303376716568486,36.734795,28.16103871663411,28.16103871663411
2021-09-04 06:00:00,64.72916666666667,40.252418518066406,41.50606246099646,40.25242,24.476748148600265,24.476748148600265
2021-09-04 07:00:00,64.0625,40.528564453125,42.072475558979875,40.528564,23.533935546875,23.533935546875
2021-09-04 08:00:00,63.520833333333336,44.06268310546875,45.02901407557175,44.062683,19.458150227864586,19.458150227864586
2021-09-04 09:00:00,63.9375,45.18657684326172,45.9120675738635,45.186577,18.75092315673828,18.75092315673828
2021-09-04 10:00:00,67.72916666666667,46.25457000732422,45.4460003496783,46.25457,21.474596659342453,21.474596659342453
2021-09-04 11:00:00,66.77083333333333,45.04656219482422,42.52264082593324,45.046562,21.72427113850911,21.72427113850911
2021-09-04 12:00:00,65.35416666666667,49.859344482421875,47.23784215706172,49.859344,15.494822184244796,15.494822184244796
2021-09-04 13:00:00,65.35416666666667,48.19910430908203,46.764821999320446,48.199104,17.15506235758464,17.15506235758464
2021-09-04 14:00:00,66.85416666666667,48.736717224121094,48.515595225684436,48.736717,18.117449442545578,18.117449442545578
2021-09-04 15:00:00,65.8125,55.8609619140625,53.5420510100326,55.860962,9.9515380859375,9.9515380859375
2021-09-04 16:00:00,65.22916666666667,56.805599212646484,54.37517296448565,56.8056,8.423567454020187,8.423567454020187
2021-09-04 17:00:00,64.4375,54.95090866088867,50.66139849168202,54.95091,9.486591339111328,9.486591339111328
2021-09-04 18:00:00,64.3125,55.26958084106445,57.11473221582222,55.26958,9.042919158935547,9.042919158935547
2021-09-04 19:00:00,63.729166666666664,57.2315559387207,57.468109980910285,57.231556,6.497610727945961,6.497610727945961
2021-09-04 20:00:00,62.854166666666664,56.48097229003906,58.56325898080986,56.480972,6.373194376627602,6.373194376627602
2021-09-04 21:00:00,60.979166666666664,54.308292388916016,56.83896600476645,54.308292,6.670874277750649,6.670874277750649
2021-09-04 22:00:00,59.895833333333336,51.38319396972656,55.01811555456484,51.383194,8.512639363606773,8.512639363606773
2021-09-04 23:00:00,57.895833333333336,50.26569747924805,51.61805330709853,50.265697,7.630135854085289,7.630135854085289
2021-09-05 00:00:00,56.3125,50.7501220703125,52.542075454045616,50.750122,5.5623779296875,5.5623779296875
2021-09-05 01:00:00,56.229166666666664,51.415870666503906,52.302326630663465,51.41587,4.813296000162758,4.813296000162758
2021-09-05 02:00:00,56.145833333333336,51.79236602783203,51.704919861014154,51.792366,4.3534673055013045,4.3534673055013045
2021-09-05 03:00:00,56.020833333333336,52.843528747558594,52.173569672433445,52.84353,3.177304585774742,3.177304585774742
2021-09-05 04:00:00,55.854166666666664,50.51266098022461,49.42170767059462,50.51266,5.341505686442055,5.341505686442055
2021-09-05 05:00:00,55.3125,50.369659423828125,48.502152434978385,50.36966,4.942840576171875,4.942840576171875
2021-09-05 06:00:00,54.9375,53.39422607421875,49.63398759462456,53.394226,1.54327392578125,1.54327392578125
2021-09-05 07:00:00,55.6875,46.21051025390625,42.19466691466064,46.21051,9.47698974609375,9.47698974609375
2021-09-05 08:00:00,54.354166666666664,46.59649658203125,46.26675880706582,46.596497,7.757670084635414,7.757670084635414
2021-09-05 09:00:00,52.1875,54.8904914855957,56.85706767678221,54.89049,-2.702991485595703,2.702991485595703
2021-09-05 10:00:00,47.145833333333336,56.211727142333984,59.75116711135715,56.211727,-9.065893809000649,9.065893809000649
2021-09-05 11:00:00,46.770833333333336,47.87133026123047,51.46972644847415,47.87133,-1.100496927897133,1.100496927897133
2021-09-05 12:00:00,45.770833333333336,45.80365753173828,43.360003137019426,45.803658,-0.03282419840494555,0.03282419840494555
2021-09-05 13:00:00,44.145833333333336,46.18132781982422,50.68066743118626,46.181328,-2.035494486490883,2.035494486490883
2021-09-05 14:00:00,41.229166666666664,48.76319122314453,52.70215984879321,48.76319,-7.534024556477867,7.534024556477867
2021-09-05 15:00:00,39.395833333333336,51.44366455078125,56.49423732870617,51.443665,-12.047831217447914,12.047831217447914
2021-09-05 16:00:00,37.770833333333336,50.43022918701172,54.800096183670895,50.43023,-12.659395853678383,12.659395853678383
2021-09-05 17:00:00,36.895833333333336,46.36021423339844,45.539785832860744,46.360214,-9.464380900065102,9.464380900065102
2021-09-05 18:00:00,35.8125,45.645301818847656,45.985579847170484,45.6453,-9.832801818847656,9.832801818847656
2021-09-05 19:00:00,34.895833333333336,47.86614990234375,47.222587320917064,47.86615,-12.970316569010414,12.970316569010414
2021-09-05 20:00:00,33.395833333333336,45.551025390625,46.56658008720292,45.551025,-12.155192057291664,12.155192057291664
2021-09-05 21:00:00,31.729166666666668,37.621585845947266,39.92901356404834,37.621586,-5.892419179280598,5.892419179280598
2021-09-05 22:00:00,29.520833333333332,39.03123474121094,39.17830699412243,39.031235,-9.510401407877605,9.510401407877605
2021-09-05 23:00:00,28.8125,33.611358642578125,34.17553630039619,33.61136,-4.798858642578125,4.798858642578125
2021-09-06 00:00:00,28.0625,33.517906188964844,38.18085465546146,33.517906,-5.455406188964844,5.455406188964844
2021-09-06 01:00:00,26.1875,41.409446716308594,43.970313593397535,41.409447,-15.221946716308594,15.221946716308594
2021-09-06 02:00:00,24.3125,43.442195892333984,44.256170316054764,43.442196,-19.129695892333984,19.129695892333984
2021-09-06 03:00:00,22.916666666666668,44.641849517822266,45.258357547769364,44.64185,-21.725182851155598,21.725182851155598
2021-09-06 04:00:00,22.0,45.19374084472656,44.291788816451785,45.19374,-23.193740844726562,23.193740844726562
2021-09-06 05:00:00,21.875,42.16659164428711,42.80385255582767,42.16659,-20.29159164428711,20.29159164428711
2021-09-06 06:00:00,21.583333333333332,35.09370422363281,37.38955825971647,35.093704,-13.51037089029948,13.51037089029948
2021-09-06 07:00:00,20.083333333333332,41.99542236328125,44.77535624833897,41.995422,-21.912089029947918,21.912089029947918
2021-09-06 08:00:00,20.416666666666668,30.798954010009766,31.635024170707304,30.798954,-10.382287343343098,10.382287343343098
2021-09-06 09:00:00,21.083333333333332,26.38198471069336,25.982860729011144,26.381985,-5.298651377360027,5.298651377360027
2021-09-06 10:00:00,21.375,28.707809448242188,28.620342636958082,28.70781,-7.3328094482421875,7.3328094482421875
2021-09-06 11:00:00,21.666666666666668,28.82184600830078,27.313268753203868,28.821846,-7.155179341634113,7.155179341634113
2021-09-06 12:00:00,21.958333333333332,26.398517608642578,25.956311605257543,26.398518,-4.440184275309246,4.440184275309246
2021-09-06 13:00:00,21.75,29.113174438476562,28.011883706950496,29.113174,-7.3631744384765625,7.3631744384765625
2021-09-06 14:00:00,22.458333333333332,29.21066665649414,27.07000395864334,29.210667,-6.7523333231608085,6.7523333231608085
2021-09-06 15:00:00,22.75,26.825328826904297,25.578216841250036,26.825329,-4.075328826904297,4.075328826904297
2021-09-06 16:00:00,23.583333333333332,26.708751678466797,26.666486303681666,26.708752,-3.1254183451334647,3.1254183451334647
2021-09-06 17:00:00,23.666666666666668,29.799114227294922,30.488933517491326,29.799114,-6.132447560628254,6.132447560628254
2021-09-06 18:00:00,23.083333333333332,31.15640640258789,33.90775537731997,31.156406,-8.073073069254558,8.073073069254558
2021-09-06 19:00:00,22.25,33.016571044921875,32.658142956710705,33.01657,-10.766571044921875,10.766571044921875
2021-09-06 20:00:00,21.833333333333332,24.453441619873047,25.04635016032391,24.453442,-2.6201082865397147,2.6201082865397147
2021-09-06 21:00:00,22.583333333333332,23.277545928955078,23.284317194498964,23.277546,-0.694212595621746,0.694212595621746
2021-09-06 22:00:00,23.0,28.893619537353516,28.537258350372184,28.89362,-5.893619537353516,5.893619537353516
2021-09-06 23:00:00,23.583333333333332,28.052841186523438,30.067299233839567,28.052841,-4.469507853190105,4.469507853190105
2021-09-07 00:00:00,23.083333333333332,23.755874633789062,26.849966029826824,23.755875,-0.6725413004557304,0.6725413004557304
2021-09-07 01:00:00,22.875,22.52606964111328,23.63591115862504,22.52607,0.34893035888671875,0.34893035888671875
2021-09-07 02:00:00,22.666666666666668,22.78415298461914,24.438454189896547,22.784153,-0.11748631795247277,0.11748631795247277
2021-09-07 03:00:00,23.25,23.508041381835938,24.678720229958707,23.508041,-0.2580413818359375,0.2580413818359375
2021-09-07 04:00:00,24.625,24.61709976196289,26.20543206262777,24.6171,0.007900238037109375,0.007900238037109375
2021-09-07 05:00:00,24.583333333333332,25.83092498779297,28.959420978692826,25.830925,-1.2475916544596366,1.2475916544596366
2021-09-07 06:00:00,25.583333333333332,23.447174072265625,24.818509562500477,23.447174,2.136159261067707,2.136159261067707
2021-09-07 07:00:00,26.541666666666668,22.705093383789062,24.57383047640155,22.705093,3.8365732828776054,3.8365732828776054
2021-09-07 08:00:00,27.0,23.073509216308594,23.566745693023783,23.07351,3.9264907836914062,3.9264907836914062
2021-09-07 09:00:00,26.875,22.67917251586914,23.729666390183343,22.679173,4.195827484130859,4.195827484130859
2021-09-07 10:00:00,27.041666666666668,24.43952178955078,24.662381136702496,24.439522,2.6021448771158866,2.6021448771158866
2021-09-07 11:00:00,27.75,25.296024322509766,25.92622165992434,25.296024,2.4539756774902344,2.4539756774902344
2021-09-07 12:00:00,28.625,21.865890502929688,22.19489641147152,21.86589,6.7591094970703125,6.7591094970703125
2021-09-07 13:00:00,29.541666666666668,22.557159423828125,23.822809363011647,22.55716,6.984507242838543,6.984507242838543
2021-09-07 14:00:00,29.375,23.439376831054688,24.6741132331122,23.439377,5.9356231689453125,5.9356231689453125
2021-09-07 15:00:00,29.75,23.58816146850586,25.95846330380394,23.588161,6.161838531494141,6.161838531494141
2021-09-07 16:00:00,29.625,23.81678009033203,27.310140515590998,23.81678,5.808219909667969,5.808219909667969
2021-09-07 17:00:00,29.25,25.106063842773438,26.144143726349657,25.106064,4.1439361572265625,4.1439361572265625
2021-09-07 18:00:00,29.583333333333332,23.79123306274414,24.96535087185999,23.791233,5.7921002705891915,5.7921002705891915
2021-09-07 19:00:00,30.041666666666668,24.1915283203125,25.733533859306192,24.191528,5.850138346354168,5.850138346354168
2021-09-07 20:00:00,30.458333333333332,24.610340118408203,27.306973468846902,24.61034,5.847993214925129,5.847993214925129
2021-09-07 21:00:00,30.208333333333332,25.91781234741211,28.376242794359747,25.917812,4.290520985921223,4.290520985921223
2021-09-07 22:00:00,29.916666666666668,29.867996215820312,32.72361112727081,29.867996,0.04867045084635535,0.04867045084635535
2021-09-07 23:00:00,29.583333333333332,29.86095428466797,32.106777201507846,29.860954,-0.2776209513346366,0.2776209513346366
2021-09-08 00:00:00,32.208333333333336,26.114601135253906,28.68079339840664,26.114601,6.0937321980794295,6.0937321980794295
2021-09-08 01:00:00,37.333333333333336,25.61200714111328,26.326635935911025,25.612007,11.721326192220054,11.721326192220054
2021-09-08 02:00:00,42.458333333333336,26.699508666992188,27.800536910393475,26.699509,15.758824666341148,15.758824666341148
2021-09-08 03:00:00,44.9375,32.41897964477539,33.40459043196473,32.41898,12.51852035522461,12.51852035522461
2021-09-08 04:00:00,44.770833333333336,33.640655517578125,33.68371251753873,33.640656,11.13017781575521,11.13017781575521
2021-09-08 05:00:00,48.479166666666664,29.627872467041016,29.60802400167451,29.627872,18.85129419962565,18.85129419962565
2021-09-08 06:00:00,50.354166666666664,32.482704162597656,33.17713339752332,32.482704,17.871462504069008,17.871462504069008
2021-09-08 07:00:00,52.104166666666664,31.971099853515625,32.67120588003783,31.9711,20.13306681315104,20.13306681315104
2021-09-08 08:00:00,53.9375,31.342361450195312,31.91591880433372,31.342361,22.595138549804688,22.595138549804688
2021-09-08 09:00:00,56.520833333333336,29.446353912353516,30.590484786818312,29.446354,27.07447942097982,27.07447942097982
2021-09-08 10:00:00,62.979166666666664,29.820899963378906,30.777558981628864,29.8209,33.15826670328776,33.15826670328776
2021-09-08 11:00:00,66.0625,30.94369888305664,31.983886101724444,30.943699,35.11880111694336,35.11880111694336
2021-09-08 12:00:00,66.39583333333333,33.99159240722656,33.58457176161947,33.991592,32.404240926106766,32.404240926106766
2021-09-08 13:00:00,66.14583333333333,34.24384307861328,34.57502154897877,34.243843,31.901990254720047,31.901990254720047
2021-09-08 14:00:00,65.60416666666667,31.08208465576172,32.63047180396221,31.082085,34.52208201090495,34.52208201090495
2021-09-08 15:00:00,65.27083333333333,32.82155990600586,34.11193502949845,32.82156,32.44927342732747,32.44927342732747
2021-09-08 16:00:00,64.9375,32.34689712524414,33.424076603403506,32.346897,32.59060287475586,32.59060287475586
2021-09-08 17:00:00,65.4375,28.863956451416016,29.312611182062177,28.863956,36.573543548583984,36.573543548583984
2021-09-08 18:00:00,65.39583333333333,30.097686767578125,30.61650550996397,30.097687,35.298146565755204,35.298146565755204
2021-09-08 19:00:00,65.72916666666667,30.949371337890625,32.870468372928755,30.949371,34.779795328776046,34.779795328776046
2021-09-08 20:00:00,66.39583333333333,30.710826873779297,30.632635670269686,30.710827,35.68500645955403,35.68500645955403
2021-09-08 21:00:00,67.9375,30.217456817626953,31.675755117669645,30.217457,37.72004318237305,37.72004318237305
2021-09-08 22:00:00,68.85416666666667,29.928081512451172,31.530862089944787,29.928082,38.9260851542155,38.9260851542155
2021-09-08 23:00:00,69.27083333333333,29.668170928955078,30.986464063344243,29.66817,39.60266240437825,39.60266240437825
2021-09-09 00:00:00,67.89583333333333,36.18635559082031,34.853379385533174,36.186356,31.709477742513016,31.709477742513016
2021-09-09 01:00:00,65.39583333333333,41.275360107421875,38.792407613767274,41.27536,24.120473225911454,24.120473225911454
2021-09-09 02:00:00,62.895833333333336,41.79450988769531,42.01777698442404,41.79451,21.101323445638023,21.101323445638023
2021-09-09 03:00:00,62.041666666666664,40.293975830078125,40.586510293409916,40.293976,21.74769083658854,21.74769083658854
2021-09-09 04:00:00,62.833333333333336,37.4583740234375,37.311308800450426,37.458374,25.374959309895836,25.374959309895836
2021-09-09 05:00:00,61.791666666666664,38.559200286865234,41.25899089274636,38.5592,23.23246637980143,23.23246637980143
2021-09-09 06:00:00,61.708333333333336,39.7497444152832,44.93509052601677,39.749744,21.958588918050133,21.958588918050133
2021-09-09 07:00:00,60.958333333333336,42.23705291748047,45.76749034700335,42.237053,18.721280415852867,18.721280415852867
2021-09-09 08:00:00,59.791666666666664,41.87172317504883,46.27202343351657,41.871723,17.919943491617836,17.919943491617836
2021-09-09 09:00:00,57.875,45.492069244384766,48.40041785076694,45.49207,12.382930755615234,12.382930755615234
2021-09-09 10:00:00,51.583333333333336,53.837528228759766,54.178769545830434,53.83753,-2.25419489542643,2.25419489542643
2021-09-09 11:00:00,48.0,47.67716979980469,50.343696354736736,47.67717,0.3228302001953125,0.3228302001953125
2021-09-09 12:00:00,47.0,44.180908203125,43.665656720274505,44.18091,2.819091796875,2.819091796875
2021-09-09 13:00:00,46.583333333333336,36.11456298828125,37.78841813063814,36.114563,10.468770345052086,10.468770345052086
2021-09-09 14:00:00,46.583333333333336,35.990638732910156,37.709917959395156,35.99064,10.59269460042318,10.59269460042318
2021-09-09 15:00:00,46.333333333333336,37.24329376220703,36.795129631718055,37.243294,9.090039571126304,9.090039571126304
2021-09-09 16:00:00,45.916666666666664,38.140350341796875,38.86390885695371,38.14035,7.776316324869789,7.776316324869789
2021-09-09 17:00:00,45.25,44.29106903076172,44.473864928649185,44.29107,0.9589309692382812,0.9589309692382812
2021-12-15 08:00:00,166.0,161.9071044921875,164.80471746413883,161.9071,4.0928955078125,4.0928955078125
2021-12-15 09:00:00,164.20833333333334,165.25421142578125,167.6695978736032,165.25421,-1.0458780924479072,1.0458780924479072
2021-12-15 10:00:00,160.70833333333334,163.74578857421875,166.81364156373883,163.74579,-3.037455240885407,3.037455240885407
2021-12-15 11:00:00,156.58333333333334,164.2990264892578,167.22661699186966,164.29903,-7.71569315592447,7.71569315592447
2021-12-15 12:00:00,152.125,167.31744384765625,171.3484672299154,167.31744,-15.19244384765625,15.19244384765625
2021-12-15 13:00:00,149.5,156.671630859375,160.8563655308681,156.67163,-7.171630859375,7.171630859375
2021-12-15 14:00:00,147.375,155.28338623046875,160.8529391617065,155.28339,-7.90838623046875,7.90838623046875
2021-12-15 15:00:00,145.45833333333334,162.7474365234375,167.5768571885334,162.74744,-17.289103190104157,17.289103190104157
2021-12-15 16:00:00,142.83333333333334,166.6260528564453,169.67295047449952,166.62605,-23.79271952311197,23.79271952311197
2021-12-15 17:00:00,140.875,162.98101806640625,162.51937413674557,162.98102,-22.10601806640625,22.10601806640625
2021-12-15 18:00:00,138.83333333333334,168.05953979492188,170.01310388919973,168.05954,-29.226206461588532,29.226206461588532
2021-12-15 19:00:00,137.75,163.39039611816406,165.6847584303279,163.3904,-25.640396118164062,25.640396118164062
2021-12-15 20:00:00,137.125,166.985107421875,168.61671538463807,166.9851,-29.860107421875,29.860107421875
2021-12-15 21:00:00,136.20833333333334,173.3132781982422,172.48830397441012,173.31328,-37.104944864908845,37.104944864908845
2021-12-15 22:00:00,135.41666666666666,177.05848693847656,171.1669076238646,177.05849,-41.641820271809905,41.641820271809905
2021-12-15 23:00:00,132.875,177.0468292236328,175.72098986021348,177.04683,-44.17182922363281,44.17182922363281
2021-12-16 00:00:00,132.20833333333334,168.63656616210938,164.14622149751557,168.63657,-36.42823282877603,36.42823282877603
2021-12-16 01:00:00,131.45833333333334,170.80308532714844,168.26090928911304,170.80309,-39.344751993815095,39.344751993815095
2021-12-16 02:00:00,130.79166666666666,160.03213500976562,161.55737793050153,160.03214,-29.240468343098968,29.240468343098968
2021-12-16 03:00:00,129.20833333333334,165.84375,168.82007381969876,165.84375,-36.63541666666666,36.63541666666666
2021-12-16 04:00:00,127.16666666666667,170.05374145507812,170.0048951817308,170.05374,-42.887074788411454,42.887074788411454
2021-12-16 05:00:00,124.875,177.5881805419922,178.33753302418597,177.58818,-52.71318054199219,52.71318054199219
2021-12-16 06:00:00,121.5,178.4567108154297,180.03631001162452,178.45671,-56.95671081542969,56.95671081542969
2021-12-16 07:00:00,117.75,180.35568237304688,181.7220339767639,180.35568,-62.605682373046875,62.605682373046875
2021-12-16 08:00:00,114.66666666666667,175.47621154785156,177.31453519295974,175.47621,-60.80954488118489,60.80954488118489
2021-12-16 09:00:00,112.54166666666667,163.3846435546875,161.81427688557068,163.38464,-50.84297688802083,50.84297688802083
2021-12-16 10:00:00,112.95833333333333,154.36265563964844,154.4636203106655,154.36266,-41.40432230631511,41.40432230631511
2021-12-16 11:00:00,114.16666666666667,149.11883544921875,151.51867399941054,149.11884,-34.95216878255208,34.95216878255208
2021-12-16 12:00:00,115.41666666666667,140.21495056152344,145.5159946139515,140.21495,-24.798283894856766,24.798283894856766
2021-12-16 13:00:00,116.375,141.21212768554688,139.72137220367446,141.21213,-24.837127685546875,24.837127685546875
2021-12-16 14:00:00,117.25,140.00765991210938,139.9376783973888,140.00766,-22.757659912109375,22.757659912109375
2021-12-16 15:00:00,118.08333333333333,140.55953979492188,133.62967493947224,140.55954,-22.476206461588546,22.476206461588546
2021-12-16 16:00:00,119.20833333333333,138.8300323486328,128.9293395629779,138.83003,-19.621699015299484,19.621699015299484
2021-12-16 17:00:00,119.75,135.0780029296875,122.13503891579929,135.078,-15.3280029296875,15.3280029296875
2021-12-16 18:00:00,120.5,139.60389709472656,129.9648600961389,139.6039,-19.103897094726562,19.103897094726562
2021-12-16 19:00:00,120.83333333333333,146.19790649414062,139.5915114718596,146.1979,-25.364573160807296,25.364573160807296
2021-12-16 20:00:00,121.625,149.298095703125,143.83438910972936,149.2981,-27.673095703125,27.673095703125
2021-12-16 21:00:00,121.83333333333333,149.8361358642578,143.70131431680696,149.83614,-28.002802530924484,28.002802530924484
2021-12-16 22:00:00,121.625,151.83004760742188,145.98927468995387,151.83005,-30.205047607421875,30.205047607421875
2021-12-16 23:00:00,122.66666666666667,145.35324096679688,137.887481757243,145.35324,-22.686574300130204,22.686574300130204
2021-12-17 00:00:00,123.5,151.07504272460938,146.11520132616658,151.07504,-27.575042724609375,27.575042724609375
2021-12-17 01:00:00,123.95833333333333,149.5237579345703,146.54841230253737,149.52376,-25.565424601236984,25.565424601236984
2021-12-17 02:00:00,124.29166666666667,140.34909057617188,142.4408753410169,140.34909,-16.057423909505204,16.057423909505204
2021-12-17 03:00:00,124.66666666666667,132.7471160888672,134.43774376178968,132.74712,-8.080449422200516,8.080449422200516
2021-12-17 04:00:00,124.95833333333333,133.75885009765625,134.26677726039134,133.75885,-8.800516764322921,8.800516764322921
2021-12-17 05:00:00,125.375,134.6766357421875,134.23406730466832,134.67664,-9.3016357421875,9.3016357421875
2021-12-17 06:00:00,126.16666666666667,132.1320343017578,132.21284180079564,132.13203,-5.965367635091141,5.965367635091141
2021-12-17 07:00:00,126.79166666666667,131.65293884277344,133.06578065280584,131.65294,-4.861272176106766,4.861272176106766
2021-12-17 08:00:00,126.75,132.1996307373047,130.68712991699937,132.19963,-5.4496307373046875,5.4496307373046875
2021-12-17 09:00:00,127.875,138.14549255371094,135.23535785023296,138.1455,-10.270492553710938,10.270492553710938
2021-12-17 10:00:00,128.125,144.9461669921875,142.18427835674416,144.94617,-16.8211669921875,16.8211669921875
2021-12-17 11:00:00,127.91666666666667,141.390625,140.5672340075158,141.39062,-13.473958333333329,13.473958333333329
2021-12-17 12:00:00,128.375,140.06695556640625,139.1566141814245,140.06696,-11.69195556640625,11.69195556640625
2021-12-17 13:00:00,128.0,138.71925354003906,141.84951010220317,138.71925,-10.719253540039062,10.719253540039062
2021-12-17 14:00:00,127.91666666666667,136.57650756835938,140.52915850616563,136.5765,-8.659840901692704,8.659840901692704
2021-12-17 15:00:00,128.25,138.02597045898438,139.76333795433197,138.02597,-9.775970458984375,9.775970458984375
2021-12-17 16:00:00,127.95833333333333,139.593505859375,143.72003417721237,139.5935,-11.635172526041671,11.635172526041671
2021-12-17 17:00:00,128.125,133.26992797851562,137.120247782222,133.26993,-5.144927978515625,5.144927978515625
2021-12-17 18:00:00,128.625,139.42481994628906,143.86085329132288,139.42482,-10.799819946289062,10.799819946289062
2021-12-17 19:00:00,128.83333333333334,141.3413848876953,144.51418996653595,141.34138,-12.50805155436197,12.50805155436197
2021-12-17 20:00:00,127.875,143.61851501464844,148.1440846901764,143.61852,-15.743515014648438,15.743515014648438
2021-12-17 21:00:00,126.75,141.14869689941406,145.002812934647,141.1487,-14.398696899414062,14.398696899414062
2021-12-17 22:00:00,125.70833333333333,139.45236206054688,143.64929822876425,139.45236,-13.744028727213546,13.744028727213546
2021-12-17 23:00:00,124.95833333333333,142.342529296875,146.14722991500628,142.34253,-17.38419596354167,17.38419596354167
2021-12-18 00:00:00,123.58333333333333,145.23861694335938,149.97506793798098,145.23862,-21.655283610026046,21.655283610026046
2021-12-18 01:00:00,123.08333333333333,143.66253662109375,147.2349160412549,143.66254,-20.57920328776042,20.57920328776042
2021-12-18 02:00:00,122.45833333333333,143.16546630859375,147.0531730712083,143.16547,-20.70713297526042,20.70713297526042
2021-12-18 03:00:00,122.125,143.14663696289062,146.20984006960853,143.14664,-21.021636962890625,21.021636962890625
2021-12-18 04:00:00,122.625,141.45159912109375,145.23952689681613,141.4516,-18.82659912109375,18.82659912109375
2021-12-18 05:00:00,124.16666666666667,142.64390563964844,145.7379125343677,142.6439,-18.477238972981766,18.477238972981766
2021-12-18 06:00:00,125.5,141.14212036132812,146.52698082433415,141.14212,-15.642120361328125,15.642120361328125
2021-12-18 07:00:00,127.25,142.02932739257812,146.62212845631052,142.02933,-14.779327392578125,14.779327392578125
2021-12-18 08:00:00,129.16666666666666,142.45382690429688,145.1184808240478,142.45383,-13.287160237630218,13.287160237630218
2021-12-18 09:00:00,131.04166666666666,143.4150390625,147.0118573784731,143.41504,-12.373372395833343,12.373372395833343
2021-12-18 10:00:00,132.0,143.69540405273438,147.38728720470934,143.6954,-11.695404052734375,11.695404052734375
2021-12-18 11:00:00,133.375,141.44700622558594,148.4020103224546,141.447,-8.072006225585938,8.072006225585938
2021-12-18 12:00:00,134.29166666666666,143.63206481933594,150.7010281547125,143.63206,-9.34039815266928,9.34039815266928
2021-12-18 13:00:00,136.58333333333334,140.1163330078125,142.8477072679962,140.11633,-3.532999674479157,3.532999674479157
2021-12-18 14:00:00,138.95833333333334,142.27206420898438,145.11844377300432,142.27206,-3.313730875651032,3.313730875651032
2021-12-18 15:00:00,140.54166666666666,143.41029357910156,149.03167654465753,143.4103,-2.8686269124349053,2.8686269124349053
2021-12-18 16:00:00,142.70833333333334,137.15057373046875,141.88194657372986,137.15057,5.557759602864593,5.557759602864593
2021-12-18 17:00:00,145.20833333333334,140.98983764648438,138.7200571810918,140.98984,4.218495686848968,4.218495686848968
2021-12-18 18:00:00,147.29166666666666,146.08868408203125,147.5619442928416,146.08868,1.2029825846354072,1.2029825846354072
2021-12-18 19:00:00,149.375,146.22854614257812,146.70069672451285,146.22855,3.146453857421875,3.146453857421875
2021-12-18 20:00:00,150.41666666666666,145.25436401367188,141.902719590751,145.25436,5.162302652994782,5.162302652994782
2021-12-18 21:00:00,151.58333333333334,145.7697296142578,143.72147931051776,145.76973,5.81360371907553,5.81360371907553
2021-12-18 22:00:00,153.08333333333334,142.88436889648438,143.16622876823598,142.88437,10.198964436848968,10.198964436848968
2021-12-18 23:00:00,153.41666666666666,149.1917724609375,149.85737765542942,149.19177,4.224894205729157,4.224894205729157
2021-12-19 00:00:00,154.0,147.55772399902344,144.1807296928147,147.55772,6.4422760009765625,6.4422760009765625
2021-12-19 01:00:00,154.125,150.06820678710938,150.85030249396019,150.0682,4.056793212890625,4.056793212890625
2021-12-19 02:00:00,155.20833333333334,145.94178771972656,148.40195853489763,145.94179,9.26654561360678,9.26654561360678
2021-12-19 03:00:00,156.625,143.92031860351562,147.13021820976243,143.92032,12.704681396484375,12.704681396484375
2021-12-19 04:00:00,157.125,144.1786346435547,146.65610390089708,144.17863,12.946365356445312,12.946365356445312
2021-12-19 05:00:00,156.58333333333334,145.00770568847656,149.67078170607664,145.0077,11.57562764485678,11.57562764485678
2021-12-19 06:00:00,155.875,146.77017211914062,144.70995294624876,146.77017,9.104827880859375,9.104827880859375
2021-12-19 07:00:00,154.91666666666666,141.88479614257812,142.28793023642424,141.8848,13.031870524088532,13.031870524088532
2021-12-19 08:00:00,154.16666666666666,144.06161499023438,140.67904657087783,144.06161,10.105051676432282,10.105051676432282
2021-12-19 09:00:00,153.125,142.31976318359375,140.81989112029427,142.31976,10.80523681640625,10.80523681640625
2021-12-19 10:00:00,153.45833333333334,143.12393188476562,147.6409432149676,143.12393,10.334401448567718,10.334401448567718
2021-12-19 11:00:00,154.45833333333334,142.48361206054688,146.3035134319658,142.48361,11.974721272786468,11.974721272786468
2021-12-19 12:00:00,156.70833333333334,144.75733947753906,147.13868465714472,144.75734,11.95099385579428,11.95099385579428
2021-12-19 13:00:00,159.29166666666666,147.39308166503906,150.64129342463946,147.39308,11.898585001627595,11.898585001627595
2021-12-19 14:00:00,161.29166666666666,149.8612060546875,154.39267374290588,149.8612,11.430460611979157,11.430460611979157
2021-12-19 15:00:00,163.75,155.4052734375,157.38507363099296,155.40527,8.3447265625,8.3447265625
2021-12-19 16:00:00,164.91666666666666,156.51507568359375,157.06851265526808,156.51508,8.401590983072907,8.401590983072907
2021-12-19 17:00:00,165.79166666666666,160.29156494140625,161.23111409321254,160.29156,5.500101725260407,5.500101725260407
2021-12-19 18:00:00,166.95833333333334,158.7517852783203,156.8856762259844,158.75179,8.20654805501303,8.20654805501303
2021-12-19 19:00:00,167.625,162.763916015625,161.04752055225953,162.76392,4.861083984375,4.861083984375
2021-12-19 20:00:00,169.25,163.58245849609375,159.94662876220326,163.58246,5.66754150390625,5.66754150390625
2021-12-19 21:00:00,171.625,160.73538208007812,160.09245091619198,160.73538,10.889617919921875,10.889617919921875
2021-12-19 22:00:00,174.58333333333334,161.1272735595703,161.10311057870624,161.12727,13.45605977376303,13.45605977376303
2021-12-19 23:00:00,178.79166666666666,158.41180419921875,157.46815288272535,158.4118,20.379862467447907,20.379862467447907
2021-12-20 00:00:00,183.0,157.41262817382812,159.0014504920303,157.41263,25.587371826171875,25.587371826171875
2021-12-20 01:00:00,186.95833333333334,159.57357788085938,159.73508350384472,159.57358,27.384755452473968,27.384755452473968
2021-12-20 02:00:00,190.45833333333334,163.27334594726562,162.80384589042032,163.27335,27.184987386067718,27.184987386067718
2021-12-20 03:00:00,193.875,164.47512817382812,166.2679991629711,164.47513,29.399871826171875,29.399871826171875
2021-12-20 04:00:00,197.54166666666666,168.4936065673828,172.67775374941246,168.4936,29.048060099283845,29.048060099283845
2021-12-20 05:00:00,200.95833333333334,164.39389038085938,169.82398862105205,164.39389,36.56444295247397,36.56444295247397
2021-12-20 06:00:00,204.95833333333334,168.98541259765625,169.19586470171794,168.98541,35.97292073567709,35.97292073567709
2021-12-20 07:00:00,209.45833333333334,166.72366333007812,167.2486685741759,166.72366,42.73467000325522,42.73467000325522
2021-12-20 08:00:00,213.91666666666666,168.83657836914062,168.12151621753694,168.83658,45.08008829752603,45.08008829752603
2021-12-20 09:00:00,218.25,169.78163146972656,164.33147962631514,169.78163,48.46836853027344,48.46836853027344
2021-12-20 10:00:00,221.91666666666666,172.7320556640625,169.74597099770574,172.73206,49.18461100260416,49.18461100260416
2021-12-20 11:00:00,225.0,173.09869384765625,170.9774581500964,173.0987,51.90130615234375,51.90130615234375
2021-12-20 12:00:00,224.54166666666666,175.65284729003906,173.88953626222866,175.65285,48.888819376627595,48.888819376627595
2021-12-20 13:00:00,224.16666666666666,186.42559814453125,178.2520873358702,186.4256,37.74106852213541,37.74106852213541
2021-12-20 14:00:00,223.33333333333334,184.61294555664062,177.49861988366638,184.61295,38.72038777669272,38.72038777669272
2021-12-20 15:00:00,222.54166666666666,185.99851989746094,178.2516881716563,185.99852,36.54314676920572,36.54314676920572
2021-12-20 16:00:00,222.25,175.71923828125,173.97825557964322,175.71924,46.53076171875,46.53076171875
2021-12-20 17:00:00,221.5,177.60894775390625,172.08422490682415,177.60895,43.89105224609375,43.89105224609375
2021-12-20 18:00:00,219.875,183.23336791992188,181.80649736189963,183.23337,36.641632080078125,36.641632080078125
2021-12-20 19:00:00,218.625,176.613525390625,177.45874155301348,176.61353,42.011474609375,42.011474609375
2021-12-20 20:00:00,217.29166666666666,181.80953979492188,177.8366056151667,181.80954,35.48212687174478,35.48212687174478
2021-12-20 21:00:00,215.875,186.14578247070312,181.53036875665052,186.14578,29.729217529296875,29.729217529296875
2021-12-20 22:00:00,212.83333333333334,187.13580322265625,181.1677041488418,187.1358,25.697530110677093,25.697530110677093
2021-12-20 23:00:00,209.41666666666666,189.413330078125,185.60256279191273,189.41333,20.003336588541657,20.003336588541657
2021-12-21 00:00:00,205.875,187.33172607421875,181.90821204239458,187.33173,18.54327392578125,18.54327392578125
2021-12-21 01:00:00,202.45833333333334,185.02064514160156,180.05880163765087,185.02065,17.43768819173178,17.43768819173178
2021-12-21 02:00:00,199.0,186.74954223632812,180.9072083824173,186.74954,12.250457763671875,12.250457763671875
2021-12-21 03:00:00,195.375,189.57260131835938,183.50173057921998,189.5726,5.802398681640625,5.802398681640625
2021-12-21 04:00:00,191.33333333333334,192.2191925048828,185.67127703795398,192.2192,-0.8858591715494697,0.8858591715494697
2021-12-21 05:00:00,187.54166666666666,192.4824676513672,185.49918361381444,192.48247,-4.94080098470053,4.94080098470053
2021-12-21 06:00:00,184.33333333333334,197.04379272460938,188.4228783413806,197.0438,-12.710459391276032,12.710459391276032
2021-12-21 07:00:00,181.0,198.46200561523438,193.8050106976247,198.462,-17.462005615234375,17.462005615234375
2021-12-21 08:00:00,179.375,196.40341186523438,195.08342604023943,196.40341,-17.028411865234375,17.028411865234375
2021-12-21 09:00:00,179.95833333333334,195.39404296875,194.92688762842303,195.39404,-15.435709635416657,15.435709635416657
2021-12-21 10:00:00,187.25,197.10232543945312,197.2000344086082,197.10233,-9.852325439453125,9.852325439453125
2021-12-21 11:00:00,189.04166666666666,195.54022216796875,194.75945916574216,195.54022,-6.498555501302093,6.498555501302093
2021-12-21 12:00:00,189.66666666666666,195.05282592773438,196.87854932060534,195.05283,-5.386159261067718,5.386159261067718
2021-12-21 13:00:00,188.58333333333334,198.51519775390625,196.57630724361715,198.5152,-9.931864420572907,9.931864420572907
2021-12-21 14:00:00,188.29166666666666,200.68118286132812,193.47102747807872,200.68118,-12.389516194661468,12.389516194661468
2021-12-21 15:00:00,188.08333333333334,194.19671630859375,188.62788901390857,194.19672,-6.113382975260407,6.113382975260407
2021-12-21 16:00:00,188.58333333333334,182.03042602539062,186.17207795927467,182.03043,6.552907307942718,6.552907307942718
2021-12-21 17:00:00,189.79166666666666,183.68798828125,179.92859665705114,183.68799,6.103678385416657,6.103678385416657
2021-12-21 18:00:00,193.83333333333334,178.69210815429688,176.05586159840303,178.69211,15.141225179036468,15.141225179036468
2021-12-21 19:00:00,195.33333333333334,187.57334899902344,183.62429645550392,187.57335,7.759984334309905,7.759984334309905
2021-12-21 20:00:00,197.83333333333334,185.4422607421875,186.11489421687128,185.44226,12.391072591145843,12.391072591145843
2021-12-21 21:00:00,200.95833333333334,187.44358825683594,190.1104117769119,187.44359,13.514745076497405,13.514745076497405
2021-12-21 22:00:00,206.125,183.42257690429688,182.1551868745142,183.42258,22.702423095703125,22.702423095703125
2021-12-21 23:00:00,210.0,184.75265502929688,187.1652038841688,184.75266,25.247344970703125,25.247344970703125
2021-12-22 00:00:00,212.83333333333334,172.02919006347656,178.11266982603348,172.02919,40.80414326985678,40.80414326985678
2021-12-22 01:00:00,216.83333333333334,169.07064819335938,170.1671787018551,169.07065,47.76268513997397,47.76268513997397
2021-12-22 02:00:00,222.125,159.9727783203125,160.62605332539016,159.97278,62.1522216796875,62.1522216796875
2021-12-22 03:00:00,226.95833333333334,161.82321166992188,160.5489962390754,161.82321,65.13512166341147,65.13512166341147
2021-12-22 04:00:00,231.54166666666666,163.18887329101562,162.44388772857104,163.18887,68.35279337565103,68.35279337565103
2021-12-22 05:00:00,234.25,169.11936950683594,163.02105599839024,169.11937,65.13063049316406,65.13063049316406
2021-12-22 06:00:00,235.66666666666666,167.5417022705078,161.48580148986673,167.5417,68.12496439615884,68.12496439615884
2021-12-22 07:00:00,236.875,168.67526245117188,167.0234900458276,168.67526,68.19973754882812,68.19973754882812
2021-12-22 08:00:00,236.04166666666666,166.81387329101562,171.90765145657022,166.81387,69.22779337565103,69.22779337565103
2021-12-22 09:00:00,235.125,176.6468963623047,177.81052640936855,176.6469,58.47810363769531,58.47810363769531
2021-12-22 10:00:00,226.66666666666666,172.81036376953125,175.12339403481928,172.81036,53.85630289713541,53.85630289713541
2021-12-22 11:00:00,223.25,179.42837524414062,180.73591368053295,179.42838,43.821624755859375,43.821624755859375
2021-12-22 12:00:00,222.08333333333334,174.6751708984375,174.72760634413802,174.67517,47.40816243489584,47.40816243489584
2021-12-22 13:00:00,221.625,176.13470458984375,171.37626988228746,176.1347,45.49029541015625,45.49029541015625
2021-12-22 14:00:00,221.29166666666666,175.2100067138672,169.33686402790786,175.21,46.08165995279947,46.08165995279947
2021-12-22 15:00:00,220.08333333333334,177.77099609375,169.46479409743924,177.771,42.31233723958334,42.31233723958334
2021-12-22 16:00:00,218.83333333333334,188.39639282226562,177.97249868954827,188.3964,30.436940511067718,30.436940511067718
2021-12-22 17:00:00,217.29166666666666,180.4844512939453,168.59531204897326,180.48445,36.807215372721345,36.807215372721345
2021-12-22 18:00:00,214.66666666666666,186.40200805664062,185.68523240629975,186.40201,28.264658610026032,28.264658610026032
2021-12-22 19:00:00,216.79166666666666,179.99285888671875,179.64119120102495,179.99286,36.79880777994791,36.79880777994791
2021-12-22 20:00:00,220.83333333333334,185.9629669189453,193.77097875543737,185.96297,34.87036641438803,34.87036641438803
2021-12-22 21:00:00,223.91666666666666,190.98785400390625,188.4967438658448,190.98785,32.92881266276041,32.92881266276041
2021-12-22 22:00:00,226.5,184.79489135742188,186.8834159426147,184.79489,41.705108642578125,41.705108642578125
2021-12-22 23:00:00,225.20833333333334,185.63015747070312,183.33014778232868,185.63016,39.57817586263022,39.57817586263022
2021-12-23 00:00:00,226.04166666666666,180.74420166015625,180.58927635799796,180.7442,45.29746500651041,45.29746500651041
2021-12-23 01:00:00,225.875,190.5298309326172,191.55621216433522,190.52983,35.34516906738281,35.34516906738281
2021-12-23 02:00:00,228.70833333333334,206.597412109375,209.27637908235644,206.59741,22.110921223958343,22.110921223958343
2021-12-23 03:00:00,231.54166666666666,205.798095703125,215.76201298973578,205.7981,25.743570963541657,25.743570963541657
2021-12-23 04:00:00,238.60145833333323,206.87322998046875,218.2394823799952,206.87323,31.728228352864477,31.728228352864477
2021-12-23 05:00:00,243.7681249999999,201.66281127929688,208.9058458064927,201.66281,42.10531372070304,42.10531372070304
2021-12-23 06:00:00,250.72645833333323,193.384033203125,201.05805606313174,193.38403,57.34242513020823,57.34242513020823
2021-12-23 07:00:00,253.55979166666657,196.94131469726562,203.0061410899526,196.94131,56.618476969400945,56.618476969400945
2021-12-23 08:00:00,257.85145833333326,195.11001586914062,191.04245290809197,195.11002,62.74144246419263,62.74144246419263
2021-12-23 09:00:00,260.85145833333326,207.04690551757812,205.39324770714498,207.0469,53.80455281575513,53.80455281575513
2021-12-23 10:00:00,262.18479166666657,189.14112854003906,192.941769325356,189.14113,73.04366312662751,73.04366312662751
2021-12-23 11:00:00,259.8931249999999,202.59347534179688,205.10027679791645,202.59348,57.29964965820301,57.29964965820301
2021-12-23 12:00:00,258.60145833333326,203.5916748046875,201.63965640242438,203.59167,55.009783528645755,55.009783528645755
2021-12-23 13:00:00,257.0181249999999,197.58090209960938,198.69993221029296,197.5809,59.43722290039051,59.43722290039051
2021-12-23 14:00:00,254.97645833333323,202.51065063476562,202.83215143847772,202.51065,52.4658076985676,52.4658076985676
2021-12-23 15:00:00,253.35145833333323,206.10696411132812,201.0817413263404,206.10696,47.2444942220051,47.2444942220051
2021-12-23 16:00:00,251.35145833333323,208.45370483398438,208.2500489469214,208.4537,42.89775349934885,42.89775349934885
2021-12-23 17:00:00,249.3931249999999,210.453125,208.28117913000557,210.45312,38.93999999999991,38.93999999999991
2021-12-23 18:00:00,246.22645833333323,203.55633544921875,199.95258753942701,203.55634,42.67012288411448,42.67012288411448
2021-12-23 19:00:00,241.47645833333323,219.44253540039062,224.4847131388375,219.44254,22.033922932942602,22.033922932942602
2021-12-23 20:00:00,235.72645833333323,233.83786010742188,241.91872949591456,233.83786,1.8885982259113518,1.8885982259113518
2021-12-23 21:00:00,231.43479166666657,235.47869873046875,237.80210242146092,235.4787,-4.04390706380218,4.04390706380218
2021-12-23 22:00:00,228.22645833333323,234.75064086914062,241.3704469860399,234.75064,-6.524182535807398,6.524182535807398
2021-12-23 23:00:00,229.80979166666657,231.454345703125,231.01343382931535,231.45435,-1.6445540364584303,1.6445540364584303
2021-12-24 00:00:00,233.2681249999999,249.11175537109375,246.9932647620791,249.11176,-15.843630371093838,15.843630371093838
2021-12-24 01:00:00,237.2681249999999,254.48977661132812,245.45393560929836,254.48978,-17.221651611328213,17.221651611328213
2021-12-24 02:00:00,239.10145833333323,259.69976806640625,251.64481605463754,259.69977,-20.598309733073023,20.598309733073023
2021-12-24 03:00:00,237.10145833333323,251.69647216796875,251.13302003498615,251.69647,-14.595013834635523,14.595013834635523
2021-12-24 04:00:00,231.0,261.34967041015625,256.6828603780454,261.34967,-30.34967041015625,30.34967041015625
2021-12-24 05:00:00,226.91666666666666,251.82681274414062,246.88281335162733,251.82681,-24.910146077473968,24.910146077473968
2021-12-24 06:00:00,220.83333333333334,258.1136474609375,249.3867490301497,258.11365,-37.28031412760416,37.28031412760416
2021-12-24 07:00:00,219.25,240.44879150390625,239.58741583920425,240.44879,-21.19879150390625,21.19879150390625
2021-12-24 08:00:00,217.41666666666666,238.11679077148438,237.24999056905602,238.11679,-20.700124104817718,20.700124104817718
2021-12-24 09:00:00,214.70833333333334,244.60391235351562,240.26152690029147,244.60391,-29.895579020182282,29.895579020182282
2021-12-24 10:00:00,212.79166666666666,233.15396118164062,238.17779967980894,233.15396,-20.362294514973968,20.362294514973968
2021-12-24 11:00:00,211.66666666666666,222.88555908203125,205.56142624704637,222.88556,-11.218892415364593,11.218892415364593
2021-12-24 12:00:00,211.16666666666666,221.074951171875,213.49428868342522,221.07495,-9.908284505208343,9.908284505208343
2021-12-24 13:00:00,211.45833333333334,221.175537109375,210.13187437689976,221.17554,-9.717203776041657,9.717203776041657
2021-12-24 14:00:00,212.54166666666666,215.34259033203125,209.4697241808288,215.34259,-2.800923665364593,2.800923665364593
2021-12-24 15:00:00,213.20833333333334,224.05386352539062,211.89813120708394,224.05386,-10.845530192057282,10.845530192057282
2021-12-24 16:00:00,214.125,209.20477294921875,206.06683938606818,209.20477,4.92022705078125,4.92022705078125
2021-12-24 17:00:00,215.25,200.66128540039062,187.87743469917606,200.66129,14.588714599609375,14.588714599609375
2021-12-24 18:00:00,215.83333333333334,212.2611083984375,196.62724410280202,212.26111,3.572224934895843,3.572224934895843
2021-12-24 19:00:00,216.375,207.18075561523438,192.32422739282495,207.18076,9.194244384765625,9.194244384765625
2021-12-24 20:00:00,219.29166666666666,208.09585571289062,201.23474507153622,208.09586,11.195810953776032,11.195810953776032
2021-12-24 21:00:00,217.91666666666666,215.52313232421875,206.65424742291117,215.52313,2.393534342447907,2.393534342447907
2021-12-24 22:00:00,214.95833333333334,219.22247314453125,211.60210830858261,219.22247,-4.264139811197907,4.264139811197907
2021-12-24 23:00:00,212.58333333333334,224.0914306640625,221.3378676225543,224.09143,-11.508097330729157,11.508097330729157
2021-12-25 00:00:00,207.0,229.1217041015625,221.0780518165342,229.1217,-22.1217041015625,22.1217041015625
2021-12-25 01:00:00,199.95833333333334,222.987548828125,220.59871393392862,222.98755,-23.029215494791657,23.029215494791657
2021-12-25 02:00:00,191.0,231.9906005859375,219.89345057818502,231.9906,-40.9906005859375,40.9906005859375
2021-12-25 03:00:00,190.0,230.20205688476562,216.78256526224902,230.20206,-40.202056884765625,40.202056884765625
2021-12-25 04:00:00,191.04166666666666,222.9190673828125,213.50227945039194,222.91907,-31.877400716145843,31.877400716145843
2021-12-25 05:00:00,192.75,222.71844482421875,213.43945322421936,222.71844,-29.96844482421875,29.96844482421875
2021-12-25 06:00:00,190.54166666666666,212.67242431640625,207.1921203462396,212.67242,-22.130757649739593,22.130757649739593
2021-12-25 07:00:00,189.04166666666666,219.95852661132812,213.32284438129767,219.95853,-30.916859944661468,30.916859944661468
2021-12-25 08:00:00,186.79166666666666,211.83795166015625,206.96427536375487,211.83795,-25.046284993489593,25.046284993489593
2021-12-25 09:00:00,184.0,215.25698852539062,213.89543217074774,215.25699,-31.256988525390625,31.256988525390625
2021-12-25 10:00:00,181.875,215.37127685546875,212.7407165132421,215.37128,-33.49627685546875,33.49627685546875
2021-12-25 11:00:00,182.70833333333334,210.33370971679688,203.42847401289688,210.33371,-27.625376383463532,27.625376383463532
2021-12-25 12:00:00,181.875,210.2366943359375,208.25439051232377,210.2367,-28.3616943359375,28.3616943359375
2021-12-25 13:00:00,181.08333333333334,209.18792724609375,211.81903504968187,209.18793,-28.104593912760407,28.104593912760407
2021-12-25 14:00:00,180.25,209.54208374023438,211.5997635644465,209.54208,-29.292083740234375,29.292083740234375
2021-12-25 15:00:00,180.16666666666666,210.55429077148438,211.05236644686389,210.55429,-30.387624104817718,30.387624104817718
2021-12-25 16:00:00,180.45833333333334,205.64675903320312,202.99262912923388,205.64676,-25.188425699869782,25.188425699869782
2021-12-25 17:00:00,180.75,195.28857421875,192.4163082773712,195.28857,-14.53857421875,14.53857421875
2021-12-25 18:00:00,180.45833333333334,194.6849365234375,190.63520782095182,194.68494,-14.226603190104157,14.226603190104157
2021-12-25 19:00:00,182.5,196.21194458007812,187.9606059949435,196.21194,-13.711944580078125,13.711944580078125
2021-12-25 20:00:00,182.54166666666666,206.4132080078125,202.87508320345867,206.41321,-23.871541341145843,23.871541341145843
2021-12-25 21:00:00,188.29166666666666,217.91729736328125,201.32479106282614,217.9173,-29.625630696614593,29.625630696614593
2021-12-25 22:00:00,197.7681249999999,215.89715576171875,204.6065312777555,215.89716,-18.129030761718838,18.129030761718838
2021-12-25 23:00:00,204.0181249999999,200.61004638671875,198.47119484797545,200.61005,3.4080786132811625,3.4080786132811625
2021-12-26 00:00:00,205.85145833333323,193.1187744140625,189.7478411992346,193.11877,12.732683919270727,12.732683919270727
2021-12-26 01:00:00,209.97645833333323,192.15904235839844,185.47655402369594,192.15904,17.81741597493479,17.81741597493479
2021-12-26 02:00:00,214.10145833333323,194.7908935546875,187.68380080214664,194.7909,19.310564778645727,19.310564778645727
2021-12-26 03:00:00,214.43479166666657,201.12551879882812,204.59402888105924,201.12552,13.309272867838445,13.309272867838445
2021-12-26 04:00:00,213.18479166666657,204.06289672851562,208.082032780593,204.0629,9.121894938150945,9.121894938150945
2021-12-26 05:00:00,211.85145833333323,208.12173461914062,210.0319587554973,208.12173,3.729723714192602,3.729723714192602
2021-12-26 06:00:00,212.3931249999999,189.28395080566406,184.26425205135362,189.28395,23.10917419433585,23.10917419433585
2021-12-26 07:00:00,213.6431249999999,187.60214233398438,185.77417077916667,187.60214,26.040982666015537,26.040982666015537
2021-12-26 08:00:00,211.85145833333323,179.99472045898438,179.4631662209889,179.99472,31.856737874348852,31.856737874348852
2021-12-26 09:00:00,210.47645833333323,190.64022827148438,185.03701256709587,190.64023,19.836230061848852,19.836230061848852
2021-12-26 10:00:00,211.68479166666657,182.56790161132812,179.0856103418092,182.5679,29.116890055338445,29.116890055338445
2021-12-26 11:00:00,210.1431249999999,185.90472412109375,188.26033431952735,185.90472,24.238400878906162,24.238400878906162
2021-12-26 12:00:00,209.8931249999999,184.57479858398438,184.7357875942618,184.5748,25.318326416015537,25.318326416015537
2021-12-26 13:00:00,209.8931249999999,189.65625,188.00079133553825,189.65625,20.236874999999912,20.236874999999912
2021-12-26 14:00:00,210.22645833333323,192.3235321044922,187.78457486008705,192.32353,17.90292622884104,17.90292622884104
2021-12-26 15:00:00,210.5181249999999,191.5067901611328,191.54390783933937,191.50679,19.0113348388671,19.0113348388671
2021-12-26 16:00:00,210.3931249999999,189.32546997070312,188.9916462545366,189.32547,21.067655029296787,21.067655029296787
2021-12-26 17:00:00,209.93479166666657,181.39077758789062,178.89236887389993,181.39078,28.544014078775945,28.544014078775945
2021-12-26 18:00:00,212.1431249999999,175.81045532226562,174.8309806273806,175.81046,36.33266967773429,36.33266967773429
2021-12-26 19:00:00,211.97645833333323,187.47802734375,193.55541275150048,187.47803,24.498430989583227,24.498430989583227
2021-12-26 20:00:00,208.43479166666657,194.36044311523438,200.16096946840702,194.36044,14.074348551432195,14.074348551432195
2021-12-26 21:00:00,202.55979166666657,211.32131958007812,217.217710840484,211.32132,-8.761527913411555,8.761527913411555
2021-12-26 22:00:00,196.29166666666666,227.87368774414062,230.89299202165392,227.87369,-31.582021077473968,31.582021077473968
2021-12-26 23:00:00,196.0,213.32598876953125,218.6290856276827,213.32599,-17.32598876953125,17.32598876953125
2021-12-27 00:00:00,196.5,195.08712768554688,205.2687804494838,195.08713,1.412872314453125,1.412872314453125
2021-12-27 01:00:00,193.75,200.63226318359375,209.43342012017067,200.63226,-6.88226318359375,6.88226318359375
2021-12-27 02:00:00,190.5,210.43350219726562,214.33779396239882,210.4335,-19.933502197265625,19.933502197265625
2021-12-27 03:00:00,188.75,213.2283935546875,216.56072026680985,213.2284,-24.4783935546875,24.4783935546875
2021-12-27 04:00:00,185.58333333333334,209.27288818359375,209.24114086899743,209.27289,-23.689554850260407,23.689554850260407
2021-12-27 05:00:00,183.66666666666666,205.39224243164062,208.63731572869338,205.39224,-21.725575764973968,21.725575764973968
2021-12-27 06:00:00,181.91666666666666,195.23800659179688,201.12449349269355,195.238,-13.321339925130218,13.321339925130218
2021-12-27 07:00:00,181.41666666666666,206.0194091796875,210.61728307950887,206.01941,-24.602742513020843,24.602742513020843
2021-12-27 08:00:00,185.29166666666666,185.74984741210938,182.43720624461565,185.74985,-0.4581807454427178,0.4581807454427178
2021-12-27 09:00:00,183.625,190.3819122314453,185.583199800086,190.38191,-6.7569122314453125,6.7569122314453125
2021-12-27 10:00:00,183.54166666666666,192.80282592773438,196.41765609962295,192.80283,-9.261159261067718,9.261159261067718
2021-12-27 11:00:00,184.125,183.905029296875,186.32356367659358,183.90503,0.219970703125,0.219970703125
2021-12-27 12:00:00,185.5,189.283447265625,196.13270981662768,189.28345,-3.783447265625,3.783447265625
2021-12-27 13:00:00,185.875,193.099365234375,200.97084650191505,193.09937,-7.224365234375,7.224365234375
2021-12-27 14:00:00,187.75,192.14405822753906,197.01992442122332,192.14406,-4.3940582275390625,4.3940582275390625
2021-12-27 15:00:00,188.25,193.80426025390625,196.97475128313246,193.80426,-5.55426025390625,5.55426025390625
2021-12-27 16:00:00,188.29166666666666,195.32382202148438,198.6780558588587,195.32382,-7.032155354817718,7.032155354817718
2021-12-27 17:00:00,188.33333333333334,191.7686004638672,195.16859350615255,191.7686,-3.4352671305338447,3.4352671305338447
2021-12-27 18:00:00,187.16666666666666,204.81744384765625,205.0207209509832,204.81744,-17.650777180989593,17.650777180989593
2021-12-27 19:00:00,187.16666666666666,202.560302734375,199.73176943122488,202.5603,-15.393636067708343,15.393636067708343
2021-12-27 20:00:00,189.0,183.99398803710938,182.7848281882574,183.99399,5.006011962890625,5.006011962890625
2021-12-27 21:00:00,188.58333333333334,180.80776977539062,181.31531256245,180.80777,7.775563557942718,7.775563557942718
2021-12-27 22:00:00,184.41666666666666,192.3206024169922,193.37852123739452,192.3206,-7.90393575032553,7.90393575032553
2021-12-27 23:00:00,177.20833333333334,200.91659545898438,202.7854811898067,200.9166,-23.708262125651032,23.708262125651032
2021-12-28 00:00:00,172.95833333333334,195.01846313476562,202.83069080780012,195.01846,-22.060129801432282,22.060129801432282
2021-12-28 01:00:00,173.45833333333334,186.58297729492188,195.5364887709708,186.58298,-13.124643961588532,13.124643961588532
2021-12-28 02:00:00,170.625,182.01397705078125,188.45428566250357,182.01398,-11.38897705078125,11.38897705078125
2021-12-28 03:00:00,165.16666666666666,188.46609497070312,194.4862190772788,188.4661,-23.299428304036468,23.299428304036468
2021-12-28 04:00:00,163.16666666666666,179.92965698242188,189.38433227778415,179.92966,-16.762990315755218,16.762990315755218
2021-12-28 05:00:00,158.625,187.08497619628906,189.44338074906435,187.08498,-28.459976196289062,28.459976196289062
2021-12-28 06:00:00,156.20833333333334,174.7042694091797,175.92527274044886,174.70427,-18.495936075846345,18.495936075846345
2021-12-28 07:00:00,151.66666666666666,189.53501892089844,196.11160521051684,189.53502,-37.86835225423178,37.86835225423178
2021-12-28 08:00:00,145.45833333333334,199.1207275390625,200.30811209584124,199.12073,-53.66239420572916,53.66239420572916
2021-12-28 09:00:00,144.58333333333334,171.44760131835938,180.25004388680057,171.4476,-26.864267985026032,26.864267985026032
2021-12-28 10:00:00,139.95833333333334,186.05575561523438,199.43204343730852,186.05576,-46.09742228190103,46.09742228190103
2021-12-28 11:00:00,138.08333333333334,178.5110321044922,190.89980849661617,178.51103,-40.427698771158845,40.427698771158845
2021-12-28 12:00:00,135.91666666666666,184.69090270996094,195.9098783279257,184.6909,-48.77423604329428,48.77423604329428
2021-12-28 13:00:00,134.75,189.66372680664062,195.97408722160108,189.66373,-54.913726806640625,54.913726806640625
2021-12-28 14:00:00,131.95833333333334,192.6697998046875,202.67628879123308,192.6698,-60.71146647135416,60.71146647135416
2021-12-28 15:00:00,130.875,189.57244873046875,196.2230101791885,189.57245,-58.69744873046875,58.69744873046875
2021-12-28 16:00:00,130.33333333333334,190.49952697753906,196.2614155873963,190.49953,-60.16619364420572,60.16619364420572
2021-12-28 17:00:00,128.75,174.57412719726562,179.52513145453938,174.57413,-45.824127197265625,45.824127197265625
2021-12-28 18:00:00,127.20833333333333,174.07447814941406,180.15628770117718,174.07448,-46.866144816080734,46.866144816080734
2021-12-28 19:00:00,125.20833333333333,181.98321533203125,186.83834837298397,181.98322,-56.77488199869792,56.77488199869792
2021-12-28 20:00:00,122.125,184.740234375,194.2676555441949,184.74023,-62.615234375,62.615234375
2021-12-28 21:00:00,122.125,179.202392578125,183.60420186532235,179.2024,-57.077392578125,57.077392578125
2021-12-28 22:00:00,121.33333333333333,175.18508911132812,176.7117475559893,175.18509,-53.851755777994796,53.851755777994796
2021-12-28 23:00:00,122.5,177.83624267578125,176.65970546622063,177.83624,-55.33624267578125,55.33624267578125
2021-12-29 00:00:00,125.70833333333333,175.44337463378906,175.66952822161167,175.44337,-49.735041300455734,49.735041300455734
2021-12-29 01:00:00,125.54166666666667,192.9410400390625,200.481523745945,192.94104,-67.39937337239583,67.39937337239583
2021-12-29 02:00:00,129.79166666666666,176.68997192382812,172.80762920599074,176.68997,-46.89830525716147,46.89830525716147
2021-12-29 03:00:00,136.125,163.0865478515625,164.3039573568513,163.08655,-26.9615478515625,26.9615478515625
2021-12-29 04:00:00,138.04166666666666,162.86801147460938,162.01479386900476,162.86801,-24.826344807942718,24.826344807942718
2021-12-29 05:00:00,141.875,158.22219848632812,160.27468668937126,158.2222,-16.347198486328125,16.347198486328125
2021-12-29 06:00:00,145.875,158.48309326171875,154.5093754467052,158.4831,-12.60809326171875,12.60809326171875
2021-12-29 07:00:00,150.25,163.92501831054688,159.47018754571803,163.92502,-13.675018310546875,13.675018310546875
2022-02-23 13:00:00,193.95833333333334,148.0503387451172,149.0874608490203,148.05034,45.907994588216155,45.907994588216155
2022-02-23 14:00:00,193.45833333333334,149.44512939453125,148.89288767177885,149.44513,44.01320393880209,44.01320393880209
2022-02-23 15:00:00,192.91666666666666,152.46417236328125,148.61227060008258,152.46417,40.45249430338541,40.45249430338541
2022-02-23 16:00:00,193.0,147.09791564941406,145.95954663429674,147.09792,45.90208435058594,45.90208435058594
2022-02-23 17:00:00,191.875,141.48568725585938,144.50274892488852,141.48569,50.389312744140625,50.389312744140625
2022-02-23 18:00:00,192.45833333333334,149.01873779296875,149.64415996059492,149.01874,43.43959554036459,43.43959554036459
2022-02-23 19:00:00,192.5,153.10870361328125,151.1869569005715,153.1087,39.39129638671875,39.39129638671875
2022-02-23 20:00:00,192.04166666666666,151.3753662109375,153.98496934589818,151.37537,40.66630045572916,40.66630045572916
2022-02-23 21:00:00,192.41666666666666,147.4480438232422,148.38807442573574,147.44804,44.96862284342447,44.96862284342447
2022-02-23 22:00:00,190.91666666666666,158.85067749023438,156.69127589612893,158.85068,32.06598917643228,32.06598917643228
2022-02-23 23:00:00,191.25,165.3871612548828,160.93859820478826,165.38716,25.862838745117188,25.862838745117188
2022-02-24 00:00:00,191.58333333333334,142.18911743164062,137.39904177080078,142.18912,49.39421590169272,49.39421590169272
2022-02-24 01:00:00,186.0,145.51319885253906,140.4225185253918,145.5132,40.48680114746094,40.48680114746094
2022-02-24 02:00:00,179.875,147.35562133789062,145.00216057385097,147.35562,32.519378662109375,32.519378662109375
2022-02-24 03:00:00,173.5,154.1281280517578,148.0228824715975,154.12813,19.371871948242188,19.371871948242188
2022-02-24 04:00:00,165.29166666666666,157.07260131835938,149.34709231961048,157.0726,8.219065348307282,8.219065348307282
2022-02-24 05:00:00,155.04166666666666,168.01397705078125,153.0715379757083,168.01398,-12.972310384114593,12.972310384114593
2022-02-24 06:00:00,146.20833333333334,156.09136962890625,147.5233796707585,156.09137,-9.883036295572907,9.883036295572907
2022-02-24 07:00:00,135.75,156.48886108398438,147.63124632017508,156.48886,-20.738861083984375,20.738861083984375
2022-02-24 08:00:00,126.29166666666667,166.4222412109375,156.0208109260316,166.42224,-40.13057454427083,40.13057454427083
2022-02-24 09:00:00,115.70833333333333,151.0477294921875,149.0696148156244,151.04773,-35.33939615885417,35.33939615885417
2022-02-24 10:00:00,111.41666666666667,153.26931762695312,147.31684589584242,153.26932,-41.852650960286454,41.852650960286454
2022-02-24 11:00:00,110.625,145.04087829589844,134.69890482931928,145.04088,-34.41587829589844,34.41587829589844
2022-02-24 12:00:00,109.45833333333333,160.12400817871094,154.29798907485144,160.12401,-50.66567484537761,50.66567484537761
2022-02-24 13:00:00,108.08333333333333,154.47598266601562,149.23554969226652,154.47598,-46.392649332682296,46.392649332682296
2022-02-24 14:00:00,105.875,160.92425537109375,156.5953738135156,160.92426,-55.04925537109375,55.04925537109375
2022-02-24 15:00:00,104.125,156.00265502929688,149.70434231844143,156.00266,-51.877655029296875,51.877655029296875
2022-02-24 16:00:00,102.25,159.39349365234375,155.18012931949067,159.3935,-57.14349365234375,57.14349365234375
2022-02-24 17:00:00,100.45833333333333,155.29541015625,146.548068976941,155.29541,-54.83707682291667,54.83707682291667
2022-02-24 18:00:00,98.79166666666667,170.60122680664062,163.9368052230625,170.60123,-71.80956013997395,71.80956013997395
2022-02-24 19:00:00,96.375,171.06271362304688,158.98572074287333,171.06271,-74.68771362304688,74.68771362304688
2022-02-24 20:00:00,93.125,168.95335388183594,155.16069548281004,168.95335,-75.82835388183594,75.82835388183594
2022-02-24 21:00:00,89.0,168.41854858398438,160.79389669675473,168.41855,-79.41854858398438,79.41854858398438
2022-02-24 22:00:00,86.75,162.2491455078125,156.8164864610794,162.24915,-75.4991455078125,75.4991455078125
2022-02-24 23:00:00,81.875,185.90191650390625,175.82263024176294,185.90192,-104.02691650390625,104.02691650390625
2022-02-25 00:00:00,78.33333333333333,156.92648315429688,156.7244988244381,156.92648,-78.59314982096355,78.59314982096355
2022-02-25 01:00:00,81.08333333333333,125.8424072265625,123.31453041845629,125.84241,-44.75907389322917,44.75907389322917
2022-02-25 02:00:00,84.41666666666667,115.40138244628906,105.5274082956433,115.40138,-30.98471577962239,30.98471577962239
2022-02-25 03:00:00,86.95833333333333,118.09048461914062,103.92672848978415,118.090485,-31.132151285807296,31.132151285807296
2022-02-25 04:00:00,89.875,106.26290130615234,91.52074515293589,106.2629,-16.387901306152344,16.387901306152344
2022-02-25 05:00:00,92.70833333333333,95.79240417480469,80.496695579683,95.792404,-3.084070841471359,3.084070841471359
2022-02-25 06:00:00,94.70833333333333,99.6500244140625,84.04203853352959,99.650024,-4.941691080729171,4.941691080729171
2022-02-25 07:00:00,95.5,90.60726928710938,80.04641926491382,90.60727,4.892730712890625,4.892730712890625
2022-02-25 08:00:00,95.66666666666667,87.46446228027344,77.55993051098562,87.46446,8.202204386393234,8.202204386393234
2022-02-25 09:00:00,94.91666666666667,95.96881103515625,93.02738846333524,95.96881,-1.0521443684895786,1.0521443684895786
2022-02-25 10:00:00,94.29166666666667,101.61663818359375,96.42545650105231,101.61664,-7.324971516927079,7.324971516927079
2022-02-25 11:00:00,93.5,101.3449935913086,98.40416272752563,101.34499,-7.844993591308594,7.844993591308594
2022-02-25 12:00:00,91.95833333333333,106.8255615234375,103.10356321786456,106.82556,-14.867228190104171,14.867228190104171
2022-02-25 13:00:00,92.08333333333333,98.89673614501953,97.74766033618273,98.896736,-6.813402811686203,6.813402811686203
2022-02-25 14:00:00,92.41666666666667,104.98053741455078,100.35448985764664,104.98054,-12.56387074788411,12.56387074788411
2022-02-25 15:00:00,93.5,106.80856323242188,103.57126871006639,106.80856,-13.308563232421875,13.308563232421875
2022-02-25 16:00:00,94.45833333333333,97.94387817382812,98.70678619609225,97.94388,-3.4855448404947964,3.4855448404947964
2022-02-25 17:00:00,95.625,64.9791488647461,64.64046572940642,64.97915,30.645851135253906,30.645851135253906
2022-02-25 18:00:00,96.54166666666667,87.35375213623047,86.57715004137947,87.35375,9.187914530436203,9.187914530436203
2022-02-25 19:00:00,98.04166666666667,78.52580261230469,81.31201556919241,78.5258,19.515864054361984,19.515864054361984
2022-02-25 20:00:00,100.20833333333333,88.89262390136719,87.56469413828817,88.892624,11.315709431966141,11.315709431966141
2022-02-25 21:00:00,103.625,87.79464721679688,87.75099401536299,87.79465,15.830352783203125,15.830352783203125
2022-02-25 22:00:00,104.66666666666667,90.79666137695312,89.87275179589909,90.79666,13.870005289713546,13.870005289713546
2022-02-25 23:00:00,106.5,90.25373077392578,89.31019788047381,90.25373,16.24626922607422,16.24626922607422
2022-02-26 00:00:00,110.58333333333333,85.8902359008789,87.92153469021962,85.890236,24.693097432454422,24.693097432454422
2022-02-26 01:00:00,115.70833333333333,98.54377746582031,100.9577725646585,98.54378,17.164555867513016,17.164555867513016
2022-02-26 02:00:00,122.29166666666667,98.60446166992188,101.4009968869453,98.60446,23.687204996744796,23.687204996744796
2022-02-26 03:00:00,127.875,96.37545013427734,99.92109893730675,96.37545,31.499549865722656,31.499549865722656
2022-02-26 04:00:00,135.75,99.43733215332031,101.0193978420486,99.43733,36.31266784667969,36.31266784667969
2022-02-26 05:00:00,137.375,108.17630004882812,110.64411375246144,108.1763,29.198699951171875,29.198699951171875
2022-02-26 06:00:00,140.125,109.45112609863281,110.45022743316878,109.451126,30.673873901367188,30.673873901367188
2022-02-26 07:00:00,144.70833333333334,103.8680419921875,104.47832196626803,103.86804,40.84029134114584,40.84029134114584
2022-02-26 08:00:00,149.54166666666666,108.97998046875,100.4398871543098,108.97998,40.56168619791666,40.56168619791666
2022-02-26 09:00:00,155.08333333333334,100.06000518798828,94.47088527901161,100.060005,55.02332814534506,55.02332814534506
2022-02-26 10:00:00,156.625,100.49915313720703,100.59651047452157,100.49915,56.12584686279297,56.12584686279297
2022-02-26 11:00:00,158.25,100.38752746582031,101.516185817182,100.38753,57.86247253417969,57.86247253417969
2022-02-26 12:00:00,160.0,96.3237533569336,94.18612527247926,96.32375,63.676246643066406,63.676246643066406
2022-02-26 13:00:00,161.58333333333334,96.65484619140625,94.3667508194403,96.65485,64.92848714192709,64.92848714192709
2022-02-26 14:00:00,163.16666666666666,99.3343734741211,100.74770553970917,99.33437,63.83229319254556,63.83229319254556
2022-02-26 15:00:00,163.45833333333334,99.44823455810547,101.0967843539163,99.448235,64.01009877522787,64.01009877522787
2022-02-26 16:00:00,164.875,99.71430969238281,100.75483577186743,99.71431,65.16069030761719,65.16069030761719
2022-02-26 17:00:00,167.95833333333334,100.8285140991211,102.2540397126529,100.828514,67.12981923421225,67.12981923421225
2022-02-26 18:00:00,171.125,101.05751037597656,101.33540581280178,101.05751,70.06748962402344,70.06748962402344
2022-02-26 19:00:00,173.25,107.51103210449219,107.49711589994385,107.51103,65.73896789550781,65.73896789550781
2022-02-26 20:00:00,173.58333333333334,106.2220458984375,107.2064193848575,106.222046,67.36128743489584,67.36128743489584
2022-02-26 21:00:00,171.25,113.12340545654297,113.79211378654713,113.123405,58.12659454345703,58.12659454345703
2022-02-26 22:00:00,167.875,113.39549255371094,111.31495539718715,113.39549,54.47950744628906,54.47950744628906
2022-02-26 23:00:00,164.625,114.18626403808594,113.59451469375091,114.186264,50.43873596191406,50.43873596191406
2022-02-27 00:00:00,160.95833333333334,121.02812194824219,119.15776151160601,121.02812,39.930211385091155,39.930211385091155
2022-02-27 01:00:00,155.66666666666666,135.31808471679688,131.83063200728918,135.31808,20.348581949869782,20.348581949869782
2022-02-27 02:00:00,148.625,135.896240234375,135.0027421790944,135.89624,12.728759765625,12.728759765625
2022-02-27 03:00:00,142.83333333333334,129.45852661132812,126.06863140979252,129.45853,13.374806722005218,13.374806722005218
2022-02-27 04:00:00,136.83333333333334,135.3935546875,132.12724623496507,135.39355,1.4397786458333428,1.4397786458333428
2022-02-27 05:00:00,136.66666666666666,113.26399230957031,116.02709062883386,113.26399,23.402674357096345,23.402674357096345
2022-02-27 06:00:00,135.70833333333334,115.14089965820312,114.53334090923443,115.1409,20.567433675130218,20.567433675130218
2022-02-27 07:00:00,134.58333333333334,118.89927673339844,126.8662882257404,118.89928,15.684056599934905,15.684056599934905
2022-02-27 08:00:00,133.58333333333334,119.31904602050781,128.02111368954013,119.319046,14.26428731282553,14.26428731282553
2022-02-27 09:00:00,132.75,120.61080932617188,130.39069795543617,120.61081,12.139190673828125,12.139190673828125
2022-02-27 10:00:00,133.25,114.3484115600586,120.41256136092147,114.34841,18.901588439941406,18.901588439941406
2022-02-27 11:00:00,137.08333333333334,130.08108520507812,133.42361143117859,130.08109,7.002248128255218,7.002248128255218
2022-02-27 12:00:00,138.0,131.86199951171875,131.77819283911492,131.862,6.13800048828125,6.13800048828125
2022-02-27 13:00:00,141.54166666666666,133.77203369140625,138.03704906247302,133.77203,7.769632975260407,7.769632975260407
2022-02-27 14:00:00,141.66666666666666,134.16802978515625,138.8393299948235,134.16803,7.498636881510407,7.498636881510407
2022-02-27 15:00:00,142.16666666666666,127.27015686035156,135.01485821936788,127.27016,14.896509806315095,14.896509806315095
2022-02-27 16:00:00,142.29166666666666,130.8312530517578,131.5270168236244,130.83125,11.460413614908845,11.460413614908845
2022-02-27 17:00:00,140.83333333333334,117.90402221679688,119.3197036349124,117.90402,22.929311116536468,22.929311116536468
2022-02-27 18:00:00,138.04166666666666,120.29918670654297,123.85441868623691,120.29919,17.74247996012369,17.74247996012369
2022-02-27 19:00:00,136.125,125.55860900878906,127.90093616149485,125.55861,10.566390991210938,10.566390991210938
2022-02-27 20:00:00,135.04166666666666,117.41549682617188,123.49264785197067,117.4155,17.626169840494782,17.626169840494782
2022-02-27 21:00:00,135.625,105.90763854980469,112.46429315282715,105.90764,29.717361450195312,29.717361450195312
2022-02-27 22:00:00,138.33333333333334,96.94419860839844,100.49051001131787,96.9442,41.389134724934905,41.389134724934905
2022-02-27 23:00:00,142.66666666666666,97.83012390136719,100.66316367403982,97.830124,44.83654276529947,44.83654276529947
2022-02-28 00:00:00,148.5,101.96818542480469,105.32943181289812,101.968185,46.53181457519531,46.53181457519531
2022-02-28 01:00:00,154.08333333333334,104.87826538085938,103.30818680979448,104.878265,49.20506795247397,49.20506795247397
2022-02-28 02:00:00,160.95833333333334,106.87493896484375,104.81327308507423,106.87494,54.08339436848959,54.08339436848959
2022-02-28 03:00:00,167.125,110.09024810791016,105.34833077824102,110.09025,57.034751892089844,57.034751892089844
2022-02-28 04:00:00,169.08333333333334,116.25260925292969,111.73172595869512,116.25261,52.830724080403655,52.830724080403655
2022-02-28 05:00:00,172.54166666666666,121.63583374023438,118.4186666420008,121.63583,50.90583292643228,50.90583292643228
2022-02-28 06:00:00,172.45833333333334,122.09370422363281,120.0010489817408,122.093704,50.36462910970053,50.36462910970053
2022-02-28 07:00:00,172.20833333333334,122.53276062011719,122.45846521872524,122.53276,49.675572713216155,49.675572713216155
2022-02-28 08:00:00,172.875,118.88545227050781,120.25133783213076,118.88545,53.98954772949219,53.98954772949219
2022-02-28 09:00:00,171.91666666666666,119.04425048828125,124.5278963683096,119.04425,52.87241617838541,52.87241617838541
2022-02-28 10:00:00,170.83333333333334,121.13735961914062,120.74479567894049,121.13736,49.69597371419272,49.69597371419272
2022-02-28 11:00:00,165.91666666666666,123.78024291992188,122.47196536522883,123.78024,42.13642374674478,42.13642374674478
2022-02-28 12:00:00,163.5,115.74967956542969,113.25933493934883,115.74968,47.75032043457031,47.75032043457031
2022-02-28 13:00:00,158.125,118.68507385253906,119.007979134225,118.685074,39.43992614746094,39.43992614746094
2022-02-28 14:00:00,156.25,114.34008026123047,116.05202564902605,114.34008,41.90991973876953,41.90991973876953
2022-02-28 15:00:00,154.70833333333334,124.71653747558594,127.18878574279553,124.71654,29.991795857747405,29.991795857747405
2022-02-28 16:00:00,152.625,125.10328674316406,128.26554834665896,125.10329,27.521713256835938,27.521713256835938
2022-02-28 17:00:00,149.95833333333334,115.79336547851562,113.71251853841368,115.793365,34.16496785481772,34.16496785481772
2022-02-28 18:00:00,148.75,103.26109313964844,104.15900429452738,103.26109,45.48890686035156,45.48890686035156
2022-02-28 19:00:00,147.91666666666666,106.45420837402344,103.63908926623924,106.45421,41.46245829264322,41.46245829264322
2022-02-28 20:00:00,147.5,106.27442932128906,103.2034253101898,106.27443,41.22557067871094,41.22557067871094
2022-02-28 21:00:00,147.70833333333334,113.97268676757812,108.35188189271415,113.97269,33.73564656575522,33.73564656575522
2022-02-28 22:00:00,147.33333333333334,115.78223419189453,112.56936546396018,115.782234,31.55109914143881,31.55109914143881
2022-02-28 23:00:00,146.41666666666666,128.56369018554688,125.8342989677818,128.56369,17.852976481119782,17.852976481119782
2022-03-01 00:00:00,142.625,138.75027465820312,134.41116942965527,138.75027,3.874725341796875,3.874725341796875
2022-03-01 01:00:00,139.33333333333334,137.79136657714844,133.58774427558205,137.79137,1.5419667561849053,1.5419667561849053
2022-03-01 02:00:00,134.375,149.77305603027344,138.12699120940437,149.77306,-15.398056030273438,15.398056030273438
2022-03-01 03:00:00,128.91666666666666,142.6580810546875,133.7013188221944,142.65808,-13.741414388020843,13.741414388020843
2022-03-01 04:00:00,125.375,127.15099334716797,121.65239205459174,127.15099,-1.7759933471679688,1.7759933471679688
2022-03-01 05:00:00,121.70833333333333,138.93466186523438,127.90706491995698,138.93466,-17.226328531901046,17.226328531901046
2022-03-01 06:00:00,121.54166666666667,125.63290405273438,120.35525039891134,125.632904,-4.091237386067704,4.091237386067704
2022-03-01 07:00:00,120.41666666666667,121.672119140625,117.0225489066916,121.67212,-1.2554524739583286,1.2554524739583286
2022-03-01 08:00:00,118.58333333333333,125.74967193603516,120.10132210822175,125.74967,-7.166338602701828,7.166338602701828
2022-03-01 09:00:00,118.29166666666667,125.69234466552734,119.595636126487,125.692345,-7.400677998860672,7.400677998860672
2022-03-01 10:00:00,117.95833333333333,126.06898498535156,124.3594459693038,126.068985,-8.110651652018234,8.110651652018234
2022-03-01 11:00:00,117.33333333333333,116.11614990234375,114.5109353212252,116.11615,1.2171834309895786,1.2171834309895786
2022-03-01 12:00:00,117.75,107.66085052490234,111.23531970821455,107.66085,10.089149475097656,10.089149475097656
2022-03-01 13:00:00,118.54166666666667,109.97207641601562,112.64551381414954,109.97208,8.569590250651046,8.569590250651046
2022-03-01 14:00:00,118.875,107.39630126953125,113.72546431745396,107.3963,11.47869873046875,11.47869873046875
2022-03-01 15:00:00,119.33333333333333,101.53730773925781,106.62841494999878,101.53731,17.796025594075516,17.796025594075516
2022-03-01 16:00:00,119.375,106.9285659790039,112.55364319830906,106.928566,12.446434020996094,12.446434020996094
2022-03-01 17:00:00,126.5,101.68592834472656,108.42715339905773,101.68593,24.814071655273438,24.814071655273438
2022-03-01 18:00:00,126.41666666666667,110.26036071777344,110.25912522855909,110.26036,16.156305948893234,16.156305948893234
2022-03-01 19:00:00,126.54166666666667,112.56658935546875,115.82121719509783,112.56659,13.975077311197921,13.975077311197921
2022-03-01 20:00:00,127.04166666666667,112.48197937011719,114.8886983443745,112.48198,14.559687296549484,14.559687296549484
2022-03-01 21:00:00,127.33333333333333,119.58540344238281,125.97416634954769,119.5854,7.747929890950516,7.747929890950516
2022-03-01 22:00:00,128.20833333333334,128.26901245117188,133.30952707511113,128.26901,-0.06067911783853219,0.06067911783853219
2022-03-01 23:00:00,127.79166666666667,134.28240966796875,138.53987728819737,134.28241,-6.490743001302079,6.490743001302079
2022-03-02 00:00:00,130.25,127.96723937988281,127.69080961043986,127.96724,2.2827606201171875,2.2827606201171875
2022-03-02 01:00:00,132.16666666666666,124.47413635253906,124.68025999222446,124.47414,7.692530314127595,7.692530314127595
2022-03-02 02:00:00,135.625,125.08984375,125.48919550965475,125.08984,10.53515625,10.53515625
2022-03-02 03:00:00,139.625,122.81997680664062,123.3925146161619,122.81998,16.805023193359375,16.805023193359375
2022-03-02 04:00:00,142.83333333333334,121.40170288085938,123.58618657609959,121.4017,21.431630452473968,21.431630452473968
2022-03-02 05:00:00,143.5,125.72126007080078,124.06193629195256,125.72126,17.77873992919922,17.77873992919922
2022-03-02 06:00:00,143.79166666666666,131.41697692871094,129.02334695653272,131.41698,12.37468973795572,12.37468973795572
2022-03-02 07:00:00,146.0,128.20645141601562,124.54788319646816,128.20645,17.793548583984375,17.793548583984375
2022-03-02 08:00:00,146.54166666666666,121.57952880859375,113.36677366034088,121.57953,24.962137858072907,24.962137858072907
2022-03-02 09:00:00,146.25,128.86700439453125,129.9125861468468,128.867,17.38299560546875,17.38299560546875
2022-03-02 10:00:00,148.29166666666666,132.90066528320312,130.60746650470486,132.90067,15.391001383463532,15.391001383463532
2022-03-02 11:00:00,148.95833333333334,126.89099884033203,128.8917584773674,126.891,22.06733449300131,22.06733449300131
2022-03-02 12:00:00,149.54166666666666,125.22787475585938,125.09490439765766,125.227875,24.313791910807282,24.313791910807282
2022-03-02 13:00:00,149.83333333333334,123.40741729736328,123.79978192781809,123.40742,26.42591603597006,26.42591603597006
2022-03-02 14:00:00,150.45833333333334,119.9002685546875,122.13237795965235,119.90027,30.558064778645843,30.558064778645843
2022-03-02 15:00:00,150.33333333333334,121.3826904296875,121.05884798452286,121.38269,28.950642903645843,28.950642903645843
2022-03-02 16:00:00,151.20833333333334,117.37643432617188,120.22822577627775,117.376434,33.83189900716147,33.83189900716147
2022-03-02 17:00:00,145.04166666666666,134.2571258544922,137.30003273921616,134.25713,10.78454081217447,10.78454081217447
2022-03-02 18:00:00,145.83333333333334,120.56546783447266,121.25655717198273,120.56547,25.267865498860687,25.267865498860687
2022-03-02 19:00:00,146.45833333333334,122.94874572753906,126.02788968060777,122.948746,23.50958760579428,23.50958760579428
2022-03-02 20:00:00,147.08333333333334,128.80194091796875,128.72466233558046,128.80194,18.281392415364593,18.281392415364593
2022-03-02 21:00:00,147.58333333333334,129.89199829101562,131.64778358385894,129.892,17.691335042317718,17.691335042317718
2022-03-02 22:00:00,148.375,129.514892578125,132.73319213488938,129.5149,18.860107421875,18.860107421875
2022-03-02 23:00:00,148.41666666666666,130.86801147460938,131.0373936326985,130.86801,17.548655192057282,17.548655192057282
2022-03-03 00:00:00,147.79166666666666,133.66754150390625,138.59884951004517,133.66754,14.124125162760407,14.124125162760407
2022-03-03 01:00:00,148.33333333333334,127.07574462890625,132.3435870867371,127.075745,21.257588704427093,21.257588704427093
2022-03-03 02:00:00,148.16666666666666,134.65621948242188,140.10402856221407,134.65622,13.510447184244782,13.510447184244782
2022-03-03 03:00:00,147.70833333333334,135.6645050048828,141.2760542051118,135.6645,12.04382832845053,12.04382832845053
2022-03-03 04:00:00,150.41666666666666,131.4773406982422,136.5771857164239,131.47734,18.93932596842447,18.93932596842447
2022-03-03 05:00:00,154.54166666666666,128.0738525390625,128.78832808771412,128.07385,26.467814127604157,26.467814127604157
2022-03-03 06:00:00,157.875,129.19964599609375,132.10988589293967,129.19965,28.67535400390625,28.67535400390625
2022-03-03 07:00:00,158.33333333333334,138.82281494140625,143.62100423558667,138.82281,19.510518391927093,19.510518391927093
2022-03-03 08:00:00,158.70833333333334,136.36325073242188,138.1164875952677,136.36325,22.345082600911468,22.345082600911468
2022-03-03 09:00:00,158.5,131.43280029296875,136.93362874941167,131.4328,27.06719970703125,27.06719970703125
2022-03-03 10:00:00,157.125,143.4174346923828,145.71360709287637,143.41743,13.707565307617188,13.707565307617188
2022-03-03 11:00:00,158.29166666666666,136.75808715820312,134.87365514888617,136.75809,21.533579508463532,21.533579508463532
2022-03-03 12:00:00,158.79166666666666,133.9375,139.36840355784125,133.9375,24.854166666666657,24.854166666666657
2022-03-03 13:00:00,161.29166666666666,133.3195343017578,138.54137400789335,133.31953,27.972132364908845,27.972132364908845
2022-03-03 14:00:00,160.5,129.1289825439453,134.57510017286052,129.12898,31.371017456054688,31.371017456054688
2022-03-03 15:00:00,160.875,124.77532958984375,129.76246355798656,124.77533,36.09967041015625,36.09967041015625
2022-03-03 16:00:00,159.5,137.28680419921875,137.61734914947044,137.2868,22.21319580078125,22.21319580078125
2022-03-03 17:00:00,158.58333333333334,130.92025756835938,128.3737924627944,130.92026,27.663075764973968,27.663075764973968
2022-03-03 18:00:00,158.25,130.96688842773438,125.6433967559879,130.96689,27.283111572265625,27.283111572265625
2022-03-03 19:00:00,158.0,139.32337951660156,134.267175612163,139.32338,18.676620483398438,18.676620483398438
2022-03-03 20:00:00,158.25,138.3443145751953,133.32085681040292,138.34431,19.905685424804688,19.905685424804688
2022-03-03 21:00:00,158.125,138.0405731201172,131.59579307295692,138.04057,20.084426879882812,20.084426879882812
2022-03-03 22:00:00,161.91666666666666,143.83328247070312,141.34318422645467,143.83328,18.083384195963532,18.083384195963532
2022-03-03 23:00:00,162.45833333333334,136.89276123046875,143.153434456235,136.89276,25.565572102864593,25.565572102864593
2022-03-04 00:00:00,160.875,137.2061309814453,145.37213808824433,137.20613,23.668869018554688,23.668869018554688
2022-03-04 01:00:00,157.58333333333334,136.56854248046875,147.33963840552923,136.56854,21.014790852864593,21.014790852864593
2022-03-04 02:00:00,153.375,133.18380737304688,146.33437525094905,133.1838,20.191192626953125,20.191192626953125
2022-03-04 03:00:00,149.91666666666666,129.0598602294922,139.6160775509953,129.05986,20.85680643717447,20.85680643717447
2022-03-04 04:00:00,144.375,138.10928344726562,143.26200582177907,138.10928,6.265716552734375,6.265716552734375
2022-03-04 05:00:00,139.79166666666666,137.71664428710938,147.20553675513412,137.71664,2.075022379557282,2.075022379557282
2022-03-04 06:00:00,139.75,145.06149291992188,149.52990906977675,145.0615,-5.311492919921875,5.311492919921875
2022-03-04 07:00:00,140.29166666666666,134.4456329345703,138.5157647827131,134.44563,5.846033732096345,5.846033732096345
2022-03-04 08:00:00,143.41666666666666,130.1894989013672,132.7686297342912,130.1895,13.22716776529947,13.22716776529947
2022-03-04 09:00:00,151.20833333333334,133.25636291503906,131.86787230020238,133.25636,17.95197041829428,17.95197041829428
2022-03-04 10:00:00,156.0,135.89158630371094,134.42606793933294,135.89159,20.108413696289062,20.108413696289062
2022-03-04 11:00:00,159.58333333333334,130.93060302734375,137.05252253651963,130.9306,28.652730305989593,28.652730305989593
2022-03-04 12:00:00,160.45833333333334,131.31826782226562,136.18679472205918,131.31827,29.140065511067718,29.140065511067718
2022-03-04 13:00:00,158.5,135.6734619140625,137.03246966443223,135.67346,22.8265380859375,22.8265380859375
2022-03-04 14:00:00,161.83333333333334,125.69194793701172,132.0306449246098,125.69195,36.141385396321624,36.141385396321624
2022-03-04 15:00:00,161.29166666666666,128.2248992919922,131.64360163989352,128.2249,33.06676737467447,33.06676737467447
2022-03-04 16:00:00,161.875,116.6793212890625,120.23252641780898,116.67932,45.1956787109375,45.1956787109375
2022-03-04 17:00:00,162.16666666666666,122.75481414794922,120.20417983030639,122.754814,39.41185251871744,39.41185251871744
2022-03-04 18:00:00,162.0,124.68559265136719,128.99300957228877,124.68559,37.31440734863281,37.31440734863281
2022-03-04 19:00:00,162.16666666666666,128.09205627441406,134.29804630468388,128.09206,34.074610392252595,34.074610392252595
2022-03-04 20:00:00,162.83333333333334,136.55511474609375,140.53253038852557,136.55511,26.278218587239593,26.278218587239593
2022-03-04 21:00:00,163.0,137.03280639648438,137.5438543695298,137.0328,25.967193603515625,25.967193603515625
2022-03-04 22:00:00,161.125,155.61859130859375,161.33218157668097,155.61859,5.50640869140625,5.50640869140625
2022-03-04 23:00:00,160.16666666666666,139.85226440429688,142.47562942420765,139.85226,20.314402262369782,20.314402262369782
2022-03-05 00:00:00,162.58333333333334,128.14500427246094,126.9450156176761,128.145,34.438329060872405,34.438329060872405
2022-03-05 01:00:00,165.29166666666666,126.7145004272461,127.28753784164063,126.7145,38.57716623942056,38.57716623942056
2022-03-05 02:00:00,171.08333333333334,122.99430847167969,126.40894630935757,122.99431,48.089024861653655,48.089024861653655
2022-03-05 03:00:00,174.08333333333334,122.30484008789062,122.28299125325344,122.30484,51.77849324544272,51.77849324544272
2022-03-05 04:00:00,175.625,126.08348083496094,125.4617128657438,126.08348,49.54151916503906,49.54151916503906
2022-03-05 05:00:00,179.08333333333334,118.15138244628906,118.94285097348954,118.15138,60.93195088704428,60.93195088704428
2022-03-05 06:00:00,180.33333333333334,132.58169555664062,141.1597336537614,132.5817,47.75163777669272,47.75163777669272
2022-03-05 07:00:00,177.66666666666666,132.44155883789062,133.659775440637,132.44156,45.22510782877603,45.22510782877603
2022-03-05 08:00:00,173.45833333333334,138.49691772460938,139.3943466992386,138.49692,34.96141560872397,34.96141560872397
2022-03-05 09:00:00,165.54166666666666,138.421875,140.18010220719307,138.42188,27.119791666666657,27.119791666666657
2022-03-05 10:00:00,160.41666666666666,137.146728515625,137.33723803838853,137.14673,23.269938151041657,23.269938151041657
2022-03-05 11:00:00,155.33333333333334,140.08547973632812,141.41075527223148,140.08548,15.247853597005218,15.247853597005218
2022-03-05 12:00:00,152.875,140.55776977539062,137.2462429640277,140.55777,12.317230224609375,12.317230224609375
2022-03-05 13:00:00,151.0,135.92388916015625,127.84540467191162,135.92389,15.07611083984375,15.07611083984375
2022-03-05 14:00:00,147.33333333333334,139.11196899414062,135.28485195187974,139.11197,8.221364339192718,8.221364339192718
2022-03-05 15:00:00,147.08333333333334,133.96945190429688,125.487324562091,133.96945,13.113881429036468,13.113881429036468
2022-03-05 16:00:00,146.79166666666666,135.73390197753906,124.92768526497474,135.7339,11.057764689127595,11.057764689127595
2022-03-05 17:00:00,147.125,126.42609405517578,118.76574026864319,126.426094,20.69890594482422,20.69890594482422
2022-03-05 18:00:00,147.20833333333334,135.9535675048828,126.443321607573,135.95357,11.25476582845053,11.25476582845053
2022-03-05 19:00:00,147.125,131.7421112060547,124.25796159410218,131.74211,15.382888793945312,15.382888793945312
2022-03-05 20:00:00,146.29166666666666,134.23252868652344,137.6399629542017,134.23253,12.05913798014322,12.05913798014322
2022-03-05 21:00:00,147.79166666666666,138.52896118164062,135.78544906058033,138.52896,9.262705485026032,9.262705485026032
2022-03-05 22:00:00,145.45833333333334,145.9240264892578,147.72477727653654,145.92403,-0.4656931559244697,0.4656931559244697
2022-03-05 23:00:00,145.41666666666666,135.2986602783203,132.18429236188277,135.29866,10.118006388346345,10.118006388346345
2022-03-06 00:00:00,144.25,147.48399353027344,147.02429123684183,147.484,-3.2339935302734375,3.2339935302734375
2022-03-06 01:00:00,142.875,144.5437469482422,140.9018429444245,144.54375,-1.6687469482421875,1.6687469482421875
2022-03-06 02:00:00,140.0,158.84173583984375,156.04862371018237,158.84174,-18.84173583984375,18.84173583984375
2022-03-06 03:00:00,139.58333333333334,143.9759979248047,139.3731404329027,143.976,-4.392664591471345,4.392664591471345
2022-03-06 04:00:00,138.75,146.64825439453125,141.72114062475723,146.64825,-7.89825439453125,7.89825439453125
2022-03-06 05:00:00,135.20833333333334,161.78604125976562,156.18816696850143,161.78604,-26.577707926432282,26.577707926432282
2022-03-06 06:00:00,130.29166666666666,171.02407836914062,174.87477163066453,171.02408,-40.73241170247397,40.73241170247397
2022-03-06 07:00:00,130.70833333333334,135.72109985351562,130.90743627162192,135.7211,-5.012766520182282,5.012766520182282
2022-03-06 08:00:00,131.0,133.86090087890625,133.64095114624115,133.8609,-2.86090087890625,2.86090087890625
2022-03-06 09:00:00,131.16666666666666,136.6829833984375,130.20784137675798,136.68298,-5.516316731770843,5.516316731770843
2022-03-06 10:00:00,131.66666666666666,132.55001831054688,130.84149555452996,132.55002,-0.8833516438802178,0.8833516438802178
2022-03-06 11:00:00,132.20833333333334,130.2430877685547,133.22684370515648,130.24309,1.9652455647786553,1.9652455647786553
2022-03-06 12:00:00,133.375,124.19793701171875,126.92781612024422,124.19794,9.17706298828125,9.17706298828125
2022-03-06 13:00:00,133.70833333333334,122.94181060791016,125.57055647556085,122.94181,10.766522725423187,10.766522725423187
2022-03-06 14:00:00,134.08333333333334,122.2551040649414,124.20633417674769,122.255104,11.828229268391937,11.828229268391937
2022-03-06 15:00:00,133.95833333333334,120.67639923095703,123.14652904137846,120.6764,13.281934102376312,13.281934102376312
2022-03-06 16:00:00,137.83333333333334,121.47518920898438,120.68066144941915,121.47519,16.358144124348968,16.358144124348968
2022-03-06 17:00:00,137.375,124.03073120117188,125.9118058528258,124.03073,13.344268798828125,13.344268798828125
2022-03-06 18:00:00,137.25,131.34701538085938,131.44265422920964,131.34702,5.902984619140625,5.902984619140625
2022-03-06 19:00:00,136.58333333333334,133.84072875976562,132.67279153269087,133.84073,2.742604573567718,2.742604573567718
2022-03-06 20:00:00,136.45833333333334,131.84292602539062,131.54290778759804,131.84293,4.615407307942718,4.615407307942718
2022-03-06 21:00:00,135.875,140.66107177734375,140.3257617616299,140.66107,-4.78607177734375,4.78607177734375
2022-03-06 22:00:00,135.79166666666666,135.86309814453125,137.91075488841108,135.8631,-0.07143147786459281,0.07143147786459281
2022-03-06 23:00:00,137.25,136.90899658203125,136.88305813443083,136.909,0.34100341796875,0.34100341796875
2022-03-07 00:00:00,137.95833333333334,144.39649963378906,145.33868832746475,144.3965,-6.43816630045572,6.43816630045572
2022-03-07 01:00:00,139.20833333333334,141.31239318847656,139.2184667999519,141.3124,-2.1040598551432197,2.1040598551432197
2022-03-07 02:00:00,137.79166666666666,146.32980346679688,146.06786480235934,146.3298,-8.538136800130218,8.538136800130218
2022-03-07 03:00:00,137.33333333333334,149.11819458007812,147.90099885363827,149.1182,-11.784861246744782,11.784861246744782
2022-03-07 04:00:00,138.375,131.22926330566406,133.9611994323168,131.22926,7.1457366943359375,7.1457366943359375
2022-03-07 05:00:00,139.54166666666666,125.53594207763672,124.65916798194066,125.53594,14.005724589029938,14.005724589029938
2022-03-07 06:00:00,139.95833333333334,125.62567901611328,125.17073883898831,125.62568,14.332654317220062,14.332654317220062
2022-03-07 07:00:00,139.41666666666666,129.816650390625,129.404585273119,129.81665,9.600016276041657,9.600016276041657
2022-03-07 08:00:00,138.875,129.54019165039062,128.78071204985233,129.54019,9.334808349609375,9.334808349609375
2022-03-07 09:00:00,139.20833333333334,130.30589294433594,127.44107459040103,130.3059,8.902440388997405,8.902440388997405
2022-03-07 10:00:00,140.54166666666666,128.11904907226562,127.63228895906823,128.11905,12.422617594401032,12.422617594401032
2022-03-07 11:00:00,148.625,122.51069641113281,124.56296047197998,122.5107,26.114303588867188,26.114303588867188
2022-03-07 12:00:00,150.58333333333334,125.55052185058594,128.02821151175795,125.55052,25.032811482747405,25.032811482747405
2022-03-07 13:00:00,152.91666666666666,118.24750518798828,123.21043685887936,118.247505,34.669161478678376,34.669161478678376
2022-03-07 14:00:00,154.33333333333334,125.38009643554688,126.13473769107337,125.3801,28.953236897786468,28.953236897786468
2022-03-07 15:00:00,156.08333333333334,125.22941589355469,128.56941127046727,125.229416,30.853917439778655,30.853917439778655
2022-03-07 16:00:00,153.625,139.56307983398438,136.39322034473292,139.56308,14.061920166015625,14.061920166015625
2022-03-07 17:00:00,156.16666666666666,123.0212173461914,122.0553004029881,123.02122,33.14544932047525,33.14544932047525
2022-03-07 18:00:00,157.41666666666666,124.9344253540039,124.92990436930687,124.934425,32.48224131266275,32.48224131266275
2022-03-07 19:00:00,159.5,129.09555053710938,128.3324718201538,129.09555,30.404449462890625,30.404449462890625
2022-03-07 20:00:00,160.58333333333334,132.19970703125,132.67810589110917,132.1997,28.383626302083343,28.383626302083343
2022-03-07 21:00:00,160.875,142.50387573242188,145.35036963257798,142.50388,18.371124267578125,18.371124267578125
2022-03-07 22:00:00,160.625,139.9320068359375,144.06833876381307,139.932,20.6929931640625,20.6929931640625
2022-03-07 23:00:00,159.33333333333334,145.16053771972656,149.28987196591527,145.16054,14.17279561360678,14.17279561360678
2022-03-08 00:00:00,157.54166666666666,146.5123291015625,149.4856159685325,146.51233,11.029337565104157,11.029337565104157
2022-03-08 01:00:00,157.79166666666666,144.9256591796875,146.62382276570676,144.92566,12.866007486979157,12.866007486979157
2022-03-08 02:00:00,158.375,138.16238403320312,138.21402005030768,138.16238,20.212615966796875,20.212615966796875
2022-03-08 03:00:00,157.5,137.9678955078125,141.00201850326948,137.9679,19.5321044921875,19.5321044921875
2022-03-08 04:00:00,157.375,139.85238647460938,140.74690300054553,139.85239,17.522613525390625,17.522613525390625
2022-03-08 05:00:00,157.29166666666666,135.86181640625,135.8256071423049,135.86182,21.429850260416657,21.429850260416657
2022-03-08 06:00:00,157.375,132.91815185546875,134.82227975535523,132.91815,24.45684814453125,24.45684814453125
2022-03-08 07:00:00,157.41666666666666,134.3846893310547,136.05165684656214,134.38469,23.03197733561197,23.03197733561197
2022-03-08 08:00:00,159.66666666666666,132.06076049804688,134.5427993146575,132.06076,27.605906168619782,27.605906168619782
2022-03-08 09:00:00,160.20833333333334,135.76907348632812,135.63517951556491,135.76907,24.439259847005218,24.439259847005218
2022-03-08 10:00:00,158.91666666666666,135.8634033203125,137.17846458397173,135.8634,23.053263346354157,23.053263346354157
2022-03-08 11:00:00,151.83333333333334,136.9755859375,141.04171606098558,136.97559,14.857747395833343,14.857747395833343
2022-03-08 12:00:00,150.875,128.88636779785156,130.81613673905787,128.88637,21.988632202148438,21.988632202148438
2022-03-08 13:00:00,149.75,130.36297607421875,133.77414987497184,130.36298,19.38702392578125,19.38702392578125
2022-03-08 14:00:00,150.375,132.17828369140625,134.46279469029943,132.17828,18.19671630859375,18.19671630859375
2022-03-08 15:00:00,149.20833333333334,134.91455078125,140.47290227395695,134.91455,14.293782552083343,14.293782552083343
2022-03-08 16:00:00,148.45833333333334,136.08026123046875,137.6276593342009,136.08026,12.378072102864593,12.378072102864593
2022-03-08 17:00:00,147.08333333333334,139.37228393554688,137.07651631560253,139.37228,7.711049397786468,7.711049397786468
2022-03-08 18:00:00,146.91666666666666,138.1263427734375,135.48796540692314,138.12634,8.790323893229157,8.790323893229157
2022-03-08 19:00:00,147.375,140.56126403808594,139.60421153695324,140.56126,6.8137359619140625,6.8137359619140625
2022-03-08 20:00:00,146.83333333333334,142.28355407714844,140.92350769405573,142.28355,4.549779256184905,4.549779256184905
2022-03-08 21:00:00,145.04166666666666,144.22915649414062,143.24586110938318,144.22916,0.8125101725260322,0.8125101725260322
2022-03-08 22:00:00,144.41666666666666,138.5458984375,134.50035442200826,138.5459,5.870768229166657,5.870768229166657
2022-03-08 23:00:00,142.875,135.13243103027344,131.25072638241306,135.13243,7.7425689697265625,7.7425689697265625
2022-03-09 00:00:00,142.25,132.57705688476562,125.66642867807394,132.57706,9.672943115234375,9.672943115234375
2022-03-09 01:00:00,141.25,148.64663696289062,146.98125515149374,148.64664,-7.396636962890625,7.396636962890625
2022-03-09 02:00:00,140.08333333333334,145.59454345703125,144.75130123852688,145.59454,-5.511210123697907,5.511210123697907
2022-03-09 03:00:00,139.75,144.45962524414062,141.03094755241406,144.45963,-4.709625244140625,4.709625244140625
2022-03-09 04:00:00,139.29166666666666,146.28057861328125,145.7329615103858,146.28058,-6.988911946614593,6.988911946614593
2022-03-09 05:00:00,138.83333333333334,144.6845703125,145.82306096036774,144.68457,-5.851236979166657,5.851236979166657
2022-03-09 06:00:00,138.54166666666666,142.0449676513672,141.8967581597827,142.04497,-3.5033009847005303,3.5033009847005303
2022-03-09 07:00:00,139.08333333333334,137.9620819091797,135.14284976431668,137.96208,1.1212514241536553,1.1212514241536553
2022-03-09 08:00:00,137.375,147.3204345703125,146.88753007422548,147.32043,-9.9454345703125,9.9454345703125
2022-03-09 09:00:00,137.5,147.00755310058594,145.53185912438803,147.00755,-9.507553100585938,9.507553100585938
2022-03-09 10:00:00,138.70833333333334,140.0047149658203,133.2715507010921,140.00471,-1.2963816324869697,1.2963816324869697
2022-03-09 11:00:00,140.58333333333334,141.80287170410156,138.84022459020014,141.80287,-1.2195383707682197,1.2195383707682197
2022-03-09 12:00:00,140.33333333333334,151.73208618164062,150.46477408359047,151.73209,-11.398752848307282,11.398752848307282
2022-05-04 22:00:00,42.25,55.65460968017578,58.32112723216116,55.65461,-13.404609680175781,13.404609680175781
2022-05-04 23:00:00,43.041666666666664,56.37506866455078,55.79685856243247,56.37507,-13.333401997884117,13.333401997884117
2022-05-05 00:00:00,44.25,55.97047424316406,54.79937683442556,55.970474,-11.720474243164062,11.720474243164062
2022-05-05 01:00:00,44.416666666666664,56.168949127197266,54.21197853828925,56.16895,-11.752282460530601,11.752282460530601
2022-05-05 02:00:00,44.375,54.39849090576172,52.14161036732997,54.39849,-10.023490905761719,10.023490905761719
2022-05-05 03:00:00,44.583333333333336,54.55189514160156,52.11149175598087,54.551895,-9.968561808268227,9.968561808268227
2022-05-05 04:00:00,45.625,51.51268768310547,51.202806045101696,51.512688,-5.887687683105469,5.887687683105469
2022-05-05 05:00:00,46.916666666666664,46.07084655761719,46.0377870396229,46.070847,0.8458201090494768,0.8458201090494768
2022-05-05 06:00:00,47.666666666666664,49.99073791503906,50.478725962749145,49.990738,-2.324071248372398,2.324071248372398
2022-05-05 07:00:00,49.875,48.93439865112305,48.27130319874555,48.9344,0.9406013488769531,0.9406013488769531
2022-05-05 08:00:00,53.0,49.57259750366211,46.960327245216995,49.572598,3.4274024963378906,3.4274024963378906
2022-05-05 09:00:00,54.041666666666664,52.02443313598633,51.11376147803901,52.024433,2.017233530680336,2.017233530680336
2022-05-05 10:00:00,54.625,54.14234161376953,51.92739993249435,54.14234,0.48265838623046875,0.48265838623046875
2022-05-05 11:00:00,54.625,55.83639144897461,53.6768861936169,55.83639,-1.2113914489746094,1.2113914489746094
2022-05-05 12:00:00,54.5,55.197818756103516,51.759245043177,55.19782,-0.6978187561035156,0.6978187561035156
2022-05-05 13:00:00,54.75,55.38655090332031,51.89727342551257,55.38655,-0.6365509033203125,0.6365509033203125
2022-05-05 14:00:00,54.75,58.86204147338867,56.0970119410536,58.86204,-4.112041473388672,4.112041473388672
2022-05-05 15:00:00,54.833333333333336,60.50973892211914,57.483875502499295,60.50974,-5.676405588785805,5.676405588785805
2022-05-05 16:00:00,55.041666666666664,59.841346740722656,57.244942757036746,59.841347,-4.799680074055992,4.799680074055992
2022-05-05 17:00:00,54.458333333333336,61.201011657714844,58.109965251507255,61.20101,-6.742678324381508,6.742678324381508
2022-05-05 18:00:00,53.708333333333336,56.356502532958984,54.30891080830397,56.356503,-2.6481691996256487,2.6481691996256487
2022-05-05 19:00:00,53.916666666666664,56.9351692199707,53.61087999114412,56.93517,-3.018502553304039,3.018502553304039
2022-05-05 20:00:00,53.75,56.683815002441406,56.08818717149877,56.683815,-2.9338150024414062,2.9338150024414062
2022-05-05 21:00:00,52.875,56.55646514892578,58.68856395387677,56.556465,-3.6814651489257812,3.6814651489257812
2022-05-05 22:00:00,52.5,51.9995231628418,55.3743678752018,51.999523,0.5004768371582031,0.5004768371582031
2022-05-05 23:00:00,53.0,52.44450378417969,56.029965997784366,52.444504,0.5554962158203125,0.5554962158203125
2022-05-06 00:00:00,53.625,52.87669372558594,55.608123719722144,52.876694,0.7483062744140625,0.7483062744140625
2022-05-06 01:00:00,55.75,54.4243278503418,55.15935231230673,54.424328,1.3256721496582031,1.3256721496582031
2022-05-06 02:00:00,59.041666666666664,51.39540481567383,52.051884869223,51.395405,7.646261850992836,7.646261850992836
2022-05-06 03:00:00,61.791666666666664,51.34638977050781,52.109392533097385,51.34639,10.445276896158852,10.445276896158852
2022-05-06 04:00:00,63.875,51.998146057128906,53.21829258722546,51.998146,11.876853942871094,11.876853942871094
2022-05-06 05:00:00,65.91666666666667,54.72427749633789,55.57332585152719,54.724277,11.19238917032878,11.19238917032878
2022-05-06 06:00:00,68.54166666666667,50.354862213134766,51.60116364172505,50.354862,18.186804453531906,18.186804453531906
2022-05-06 07:00:00,69.58333333333333,52.75108337402344,54.61461526147402,52.751083,16.83224995930989,16.83224995930989
2022-05-06 08:00:00,69.70833333333333,50.33501052856445,49.217007204479465,50.33501,19.373322804768875,19.373322804768875
2022-05-06 09:00:00,72.70833333333333,48.557952880859375,47.54924773558782,48.557953,24.150380452473954,24.150380452473954
2022-05-06 10:00:00,75.25,51.3841438293457,51.77102482156235,51.384144,23.865856170654297,23.865856170654297
2022-05-06 11:00:00,76.5,50.762718200683594,50.13166731575904,50.76272,25.737281799316406,25.737281799316406
2022-05-06 12:00:00,78.125,51.557212829589844,50.19558192293652,51.557213,26.567787170410156,26.567787170410156
2022-05-06 13:00:00,78.83333333333333,52.48509979248047,51.53897597185263,52.4851,26.34823354085286,26.34823354085286
2022-05-06 14:00:00,79.25,54.80405044555664,55.20902249779992,54.80405,24.44594955444336,24.44594955444336
2022-05-06 15:00:00,79.54166666666667,53.99751663208008,54.50017669308239,53.997517,25.544150034586593,25.544150034586593
2022-05-06 16:00:00,79.83333333333333,49.79629135131836,49.95689788857482,49.79629,30.03704198201497,30.03704198201497
2022-05-06 17:00:00,81.54166666666667,49.383056640625,50.45886040382241,49.383057,32.15861002604167,32.15861002604167
2022-05-06 18:00:00,84.45833333333333,47.340118408203125,47.51124921350275,47.34012,37.118214925130204,37.118214925130204
2022-05-06 19:00:00,85.16666666666667,55.784507751464844,55.21491602775188,55.784508,29.382158915201828,29.382158915201828
2022-05-06 20:00:00,86.54166666666667,53.044288635253906,52.866359359627,53.04429,33.497378031412765,33.497378031412765
2022-05-06 21:00:00,87.04166666666667,52.33935546875,52.46151666939785,52.339355,34.70231119791667,34.70231119791667
2022-05-06 22:00:00,87.83333333333333,54.02424240112305,54.69896255972748,54.024242,33.80909093221028,33.80909093221028
2022-05-06 23:00:00,88.04166666666667,55.688262939453125,56.66630488898886,55.688263,32.353403727213546,32.353403727213546
2022-05-07 00:00:00,87.75,56.43305206298828,56.89270876136313,56.433052,31.31694793701172,31.31694793701172
2022-05-07 01:00:00,86.75,55.7701530456543,57.09928443659809,55.770153,30.979846954345703,30.979846954345703
2022-05-07 02:00:00,85.125,58.79511642456055,58.162873888342965,58.795116,26.329883575439453,26.329883575439453
2022-05-07 03:00:00,84.66666666666667,61.08737564086914,63.23298843050395,61.087376,23.57929102579753,23.57929102579753
2022-05-07 04:00:00,83.375,62.858734130859375,63.96962270010905,62.858734,20.516265869140625,20.516265869140625
2022-05-07 05:00:00,82.45833333333333,62.70524978637695,63.75669809418021,62.70525,19.753083546956375,19.753083546956375
2022-05-07 06:00:00,86.29166666666667,60.079383850097656,61.19556144644975,60.079384,26.212282816569015,26.212282816569015
2022-05-07 07:00:00,86.58333333333333,59.32500076293945,61.88419864080082,59.325,27.258332570393875,27.258332570393875
2022-05-07 08:00:00,95.70833333333333,62.05094909667969,62.73280374490448,62.05095,33.65738423665364,33.65738423665364
2022-05-07 09:00:00,94.75,65.1988525390625,68.52440579633313,65.19885,29.5511474609375,29.5511474609375
2022-05-07 10:00:00,96.91666666666667,66.61199951171875,68.1408775149858,66.612,30.30466715494792,30.30466715494792
2022-05-07 11:00:00,96.54166666666667,68.17867279052734,68.74909076159948,68.17867,28.362993876139328,28.362993876139328
2022-05-07 12:00:00,96.33333333333333,71.18831634521484,69.92830092576222,71.18832,25.145016988118485,25.145016988118485
2022-05-07 13:00:00,96.79166666666667,72.09842681884766,71.46526405465593,72.09843,24.693239847819015,24.693239847819015
2022-05-07 14:00:00,97.91666666666667,72.81436920166016,70.21366757047241,72.81437,25.102297465006515,25.102297465006515
2022-05-07 15:00:00,98.25,73.03421020507812,71.17150345883235,73.03421,25.215789794921875,25.215789794921875
2022-05-07 16:00:00,98.95833333333333,70.12157440185547,68.96125776279558,70.121574,28.83675893147786,28.83675893147786
2022-05-07 17:00:00,98.54166666666667,71.70654296875,71.5879740277258,71.70654,26.83512369791667,26.83512369791667
2022-05-07 18:00:00,97.04166666666667,77.85195922851562,73.27201341530116,77.85196,19.189707438151046,19.189707438151046
2022-05-07 19:00:00,96.75,74.365478515625,71.51701693645674,74.36548,22.384521484375,22.384521484375
2022-05-07 20:00:00,96.20833333333333,78.1961669921875,75.83294067125243,78.19617,18.01216634114583,18.01216634114583
2022-05-07 21:00:00,96.875,80.57899475097656,76.73072147992585,80.578995,16.296005249023438,16.296005249023438
2022-05-07 22:00:00,97.5,78.21745300292969,75.03548427813728,78.21745,19.282546997070312,19.282546997070312
2022-05-07 23:00:00,97.66666666666667,78.21611785888672,76.74421831485486,78.21612,19.450548807779953,19.450548807779953
2022-05-08 00:00:00,96.79166666666667,78.1104736328125,76.85464212208521,78.11047,18.68119303385417,18.68119303385417
2022-05-08 01:00:00,95.375,70.0398941040039,69.02255426010939,70.039894,25.335105895996094,25.335105895996094
2022-05-08 02:00:00,94.125,72.568359375,71.3805619935705,72.56836,21.556640625,21.556640625
2022-05-08 03:00:00,91.625,74.23124694824219,72.50527121069652,74.23125,17.393753051757812,17.393753051757812
2022-05-08 04:00:00,90.66666666666667,70.82012939453125,71.82871915614875,70.82013,19.84653727213542,19.84653727213542
2022-05-08 05:00:00,88.875,72.70835876464844,72.74053870552004,72.70836,16.166641235351562,16.166641235351562
2022-05-08 06:00:00,82.70833333333333,81.05032348632812,79.91817545500815,81.05032,1.6580098470052036,1.6580098470052036
2022-05-08 07:00:00,84.08333333333333,75.24951934814453,73.32854237950777,75.24952,8.833813985188797,8.833813985188797
2022-05-08 08:00:00,77.95833333333333,83.04426574707031,81.84537379052632,83.044266,-5.085932413736984,5.085932413736984
2022-05-08 09:00:00,74.41666666666667,77.78980255126953,74.99325480497014,77.7898,-3.37313588460286,3.37313588460286
2022-05-08 10:00:00,70.33333333333333,72.97989654541016,76.10648935934643,72.9799,-2.6465632120768277,2.6465632120768277
2022-05-08 11:00:00,70.58333333333333,68.23689270019531,69.4277665414465,68.23689,2.346440633138016,2.346440633138016
2022-05-08 12:00:00,71.33333333333333,79.513916015625,79.89644434112154,79.513916,-8.180582682291671,8.180582682291671
2022-05-08 13:00:00,70.04166666666667,80.90505981445312,82.6236636155138,80.90506,-10.863393147786454,10.863393147786454
2022-05-08 14:00:00,68.625,80.42438507080078,84.07307695312517,80.424385,-11.799385070800781,11.799385070800781
2022-05-08 15:00:00,68.83333333333333,76.4132308959961,79.6581970433603,76.41323,-7.579897562662765,7.579897562662765
2022-05-08 16:00:00,68.25,87.27912902832031,86.98970585627667,87.27913,-19.029129028320312,19.029129028320312
2022-05-08 17:00:00,67.54166666666667,75.4579086303711,77.15155516954448,75.45791,-7.916241963704422,7.916241963704422
2022-05-08 18:00:00,67.83333333333333,72.11697387695312,76.16408486646114,72.116974,-4.283640543619796,4.283640543619796
2022-05-08 19:00:00,68.58333333333333,74.99214172363281,78.68197477436597,74.99214,-6.408808390299484,6.408808390299484
2022-05-08 20:00:00,68.20833333333333,76.16879272460938,81.09805672457506,76.16879,-7.960459391276046,7.960459391276046
2022-05-08 21:00:00,66.41666666666667,74.51048278808594,79.10140467455471,74.51048,-8.093816121419266,8.093816121419266
2022-05-08 22:00:00,64.375,73.88301849365234,82.69208562077183,73.88302,-9.508018493652344,9.508018493652344
2022-05-08 23:00:00,62.0,73.45806121826172,80.62880933050833,73.45806,-11.458061218261719,11.458061218261719
2022-05-09 00:00:00,60.666666666666664,71.64295959472656,73.23834015058213,71.64296,-10.976292928059898,10.976292928059898
2022-05-09 01:00:00,60.708333333333336,72.73480224609375,69.47738243248769,72.7348,-12.026468912760414,12.026468912760414
2022-05-09 02:00:00,61.166666666666664,63.8624153137207,60.17536582187987,63.862415,-2.695748647054039,2.695748647054039
2022-05-09 03:00:00,60.833333333333336,63.7862663269043,60.27676117300402,63.786266,-2.952932993570961,2.952932993570961
2022-05-09 04:00:00,60.333333333333336,65.09600067138672,63.17275864809898,65.096,-4.762667338053383,4.762667338053383
2022-05-09 05:00:00,59.791666666666664,65.48821258544922,63.3188276006619,65.48821,-5.6965459187825545,5.6965459187825545
2022-05-09 06:00:00,58.375,59.16510772705078,59.20611261589333,59.165108,-0.7901077270507812,0.7901077270507812
2022-05-09 07:00:00,54.0,65.8327865600586,66.02631236034452,65.83279,-11.832786560058594,11.832786560058594
2022-05-09 08:00:00,49.0,72.2957534790039,70.22697850490923,72.29575,-23.295753479003906,23.295753479003906
2022-05-09 09:00:00,50.708333333333336,52.03826141357422,49.224666163726695,52.03826,-1.329928080240883,1.329928080240883
2022-05-09 10:00:00,52.041666666666664,54.666725158691406,55.38210375998249,54.666725,-2.625058492024742,2.625058492024742
2022-05-09 11:00:00,52.833333333333336,63.489253997802734,61.80629371401978,63.489254,-10.655920664469399,10.655920664469399
2022-05-09 12:00:00,53.25,60.144737243652344,62.749899375786896,60.144737,-6.894737243652344,6.894737243652344
2022-05-09 13:00:00,55.125,56.39786148071289,53.04113755385289,56.39786,-1.2728614807128906,1.2728614807128906
2022-05-09 14:00:00,55.208333333333336,59.39131546020508,52.13099756393657,59.391315,-4.182982126871742,4.182982126871742
2022-05-09 15:00:00,53.416666666666664,54.547672271728516,55.41936409442974,54.547672,-1.1310056050618513,1.1310056050618513
2022-05-09 16:00:00,51.791666666666664,60.6504020690918,56.144483367390585,60.650402,-8.858735402425133,8.858735402425133
2022-05-09 17:00:00,50.958333333333336,52.833065032958984,49.12709949970749,52.833065,-1.8747316996256487,1.8747316996256487
2022-05-09 18:00:00,49.333333333333336,59.81806564331055,57.46709556906613,59.818066,-10.484732309977211,10.484732309977211
2022-05-09 19:00:00,47.0,62.73773956298828,59.72536959057745,62.73774,-15.737739562988281,15.737739562988281
2022-05-09 20:00:00,45.583333333333336,60.52190399169922,59.09659416289222,60.521904,-14.938570658365883,14.938570658365883
2022-05-09 21:00:00,45.416666666666664,54.86940383911133,48.97905907087029,54.869404,-9.452737172444664,9.452737172444664
2022-05-09 22:00:00,49.0,51.706336975097656,48.742016507240855,51.706337,-2.7063369750976562,2.7063369750976562
2022-05-09 23:00:00,53.083333333333336,49.8661003112793,47.79288707893896,49.8661,3.217233022054039,3.217233022054039
2022-05-10 00:00:00,56.458333333333336,47.987186431884766,47.468028106453474,47.987186,8.47114690144857,8.47114690144857
2022-05-10 01:00:00,56.666666666666664,49.20486831665039,49.62041681054661,49.20487,7.461798350016274,7.461798350016274
2022-05-10 02:00:00,56.166666666666664,50.14186477661133,51.82947266118108,50.141865,6.024801890055336,6.024801890055336
2022-05-10 03:00:00,57.375,44.88812255859375,46.811617152137316,44.888123,12.48687744140625,12.48687744140625
2022-05-10 04:00:00,58.083333333333336,49.2242431640625,48.9129697730695,49.224243,8.859090169270836,8.859090169270836
2022-05-10 05:00:00,59.041666666666664,48.7008171081543,48.683247360242355,48.700817,10.340849558512367,10.340849558512367
2022-05-10 06:00:00,59.5,51.18690872192383,48.61700183905553,51.18691,8.313091278076172,8.313091278076172
2022-05-10 07:00:00,59.666666666666664,51.49409103393555,50.72489451515288,51.49409,8.172575632731117,8.172575632731117
2022-05-10 08:00:00,58.916666666666664,56.137027740478516,53.38169246848452,56.137028,2.7796389261881487,2.7796389261881487
2022-05-10 09:00:00,57.625,54.44387435913086,56.137503902897585,54.443874,3.1811256408691406,3.1811256408691406
2022-05-10 10:00:00,55.333333333333336,56.71080017089844,57.26634563386297,56.7108,-1.3774668375651018,1.3774668375651018
2022-05-10 11:00:00,53.625,55.74308776855469,55.49499076993553,55.743088,-2.1180877685546875,2.1180877685546875
2022-05-10 12:00:00,51.291666666666664,56.895565032958984,55.17910842735993,56.895565,-5.60389836629232,5.60389836629232
2022-05-10 13:00:00,49.458333333333336,54.6737060546875,55.22259645717512,54.673706,-5.215372721354164,5.215372721354164
2022-05-10 14:00:00,49.291666666666664,53.10804748535156,52.594915528015356,53.108047,-3.816380818684898,3.816380818684898
2022-05-10 15:00:00,50.375,49.622154235839844,47.62999758921702,49.622154,0.7528457641601562,0.7528457641601562
2022-05-10 16:00:00,51.833333333333336,47.46790313720703,45.51300591842843,47.467903,4.3654301961263045,4.3654301961263045
2022-05-10 17:00:00,53.166666666666664,48.83103942871094,46.70456762272519,48.83104,4.335627237955727,4.335627237955727
2022-05-10 18:00:00,54.708333333333336,47.7363395690918,47.1632705538783,47.73634,6.971993764241539,6.971993764241539
2022-05-10 19:00:00,57.25,49.022212982177734,48.8926026234344,49.022213,8.227787017822266,8.227787017822266
2022-05-10 20:00:00,58.916666666666664,50.16553497314453,50.2003348876347,50.165535,8.751131693522133,8.751131693522133
2022-05-10 21:00:00,59.416666666666664,50.614017486572266,50.27811253950159,50.614017,8.802649180094399,8.802649180094399
2022-05-10 22:00:00,56.375,52.05714797973633,55.09446909255718,52.057148,4.317852020263672,4.317852020263672
2022-05-10 23:00:00,57.291666666666664,57.27849578857422,57.43833735566049,57.278496,0.013170878092445548,0.013170878092445548
2022-05-11 00:00:00,55.75,51.88197708129883,52.98196852527454,51.881977,3.868022918701172,3.868022918701172
2022-05-11 01:00:00,56.75,50.24945831298828,49.68105845207037,50.24946,6.500541687011719,6.500541687011719
2022-05-11 02:00:00,58.083333333333336,47.789127349853516,47.98446244012903,47.789127,10.29420598347982,10.29420598347982
2022-05-11 03:00:00,58.083333333333336,51.14731216430664,51.525821583340644,51.147312,6.936021169026695,6.936021169026695
2022-05-11 04:00:00,57.916666666666664,50.237037658691406,50.10509086416343,50.237038,7.679629007975258,7.679629007975258
2022-05-11 05:00:00,56.958333333333336,49.480430603027344,50.932662282586335,49.48043,7.477902730305992,7.477902730305992
2022-05-11 06:00:00,57.708333333333336,55.159481048583984,51.32250529961214,55.15948,2.5488522847493513,2.5488522847493513
2022-05-11 07:00:00,61.583333333333336,51.048553466796875,49.04068453257919,51.048553,10.53477986653646,10.53477986653646
2022-05-11 08:00:00,62.291666666666664,60.05803680419922,52.3025373432901,60.058037,2.2336298624674455,2.2336298624674455
2022-05-11 09:00:00,63.75,50.50384521484375,51.00885181827524,50.503845,13.24615478515625,13.24615478515625
2022-05-11 10:00:00,64.04166666666667,50.23252487182617,50.59131811000667,50.232525,13.8091417948405,13.8091417948405
2022-05-11 11:00:00,64.375,49.952171325683594,52.0521255567848,49.95217,14.422828674316406,14.422828674316406
2022-05-11 12:00:00,64.66666666666667,47.79440689086914,51.15150485516685,47.794407,16.87225977579753,16.87225977579753
2022-05-11 13:00:00,65.16666666666667,49.79127502441406,52.47597565924893,49.791275,15.375391642252609,15.375391642252609
2022-05-11 14:00:00,65.54166666666667,47.626495361328125,49.9243132759891,47.626495,17.915171305338546,17.915171305338546
2022-05-11 15:00:00,65.79166666666667,48.17972946166992,50.35424176423302,48.17973,17.61193720499675,17.61193720499675
2022-05-11 16:00:00,64.79166666666667,49.353904724121094,51.44348873494324,49.353905,15.437761942545578,15.437761942545578
2022-05-11 17:00:00,63.875,47.719482421875,50.58808438728169,47.719482,16.155517578125,16.155517578125
2022-05-11 18:00:00,63.708333333333336,50.11301803588867,51.41643277679741,50.113018,13.595315297444664,13.595315297444664
2022-05-11 19:00:00,64.66666666666667,51.31467819213867,54.10740248731388,51.31468,13.351988474528,13.351988474528
2022-05-11 20:00:00,64.95833333333333,51.2957763671875,52.709083458354556,51.295776,13.662556966145829,13.662556966145829
2022-05-11 21:00:00,66.33333333333333,49.97013473510742,51.48502618216121,49.970135,16.363198598225907,16.363198598225907
2022-05-11 22:00:00,66.16666666666667,51.41033935546875,51.507879260044554,51.41034,14.756327311197921,14.756327311197921
2022-05-11 23:00:00,61.583333333333336,52.1059455871582,56.17160074342789,52.105946,9.477387746175133,9.477387746175133
2022-05-12 00:00:00,62.5,56.43913269042969,53.612131533515296,56.439133,6.0608673095703125,6.0608673095703125
2022-05-12 01:00:00,61.625,60.41496276855469,55.128092001088525,60.414963,1.2100372314453125,1.2100372314453125
2022-05-12 02:00:00,60.708333333333336,60.056640625,54.65420682772046,60.05664,0.6516927083333357,0.6516927083333357
2022-05-12 03:00:00,60.65637860082305,58.41240692138672,52.93417573193146,58.412407,2.243971679436328,2.243971679436328
2022-05-12 04:00:00,60.23971193415638,57.36571502685547,52.267874261872514,57.365715,2.8739969073009135,2.8739969073009135
2022-05-12 05:00:00,60.57304526748971,55.19417190551758,50.01345936917852,55.19417,5.378873361972133,5.378873361972133
2022-05-12 06:00:00,59.98971193415638,55.680416107177734,52.0755473705276,55.680416,4.309295826978648,4.309295826978648
2022-05-12 07:00:00,55.82304526748971,56.76987075805664,54.89070775166256,56.76987,-0.9468254905669298,0.9468254905669298
2022-05-12 08:00:00,54.69804526748971,56.077720642089844,52.8129317704303,56.07772,-1.379675374600133,1.379675374600133
2022-05-12 09:00:00,53.19804526748971,56.799827575683594,54.600617771403705,56.799828,-3.601782308193883,3.601782308193883
2022-05-12 10:00:00,52.57304526748971,58.482025146484375,55.93039496651485,58.482025,-5.908979878994664,5.908979878994664
2022-05-12 11:00:00,53.03137860082305,55.99129867553711,53.81348471323685,55.9913,-2.959920074714063,2.959920074714063
2022-05-12 12:00:00,53.86471193415638,55.22242736816406,53.082024644908664,55.222427,-1.3577154340076802,1.3577154340076802
2022-05-12 13:00:00,54.98971193415638,58.25761413574219,53.68852537101112,58.257614,-3.2679022015858052,3.2679022015858052
2022-05-12 14:00:00,55.15637860082305,57.13216018676758,54.04450222242901,57.13216,-1.9757815859445316,1.9757815859445316
2022-05-12 15:00:00,55.19804526748971,61.267311096191406,55.38660333299699,61.26731,-6.069265828701695,6.069265828701695
2022-05-12 16:00:00,55.73971193415638,59.62818908691406,53.70738578928137,59.62819,-3.8884771527576802,3.8884771527576802
2022-05-12 17:00:00,56.11471193415638,57.97562789916992,53.62485550419858,57.975628,-1.8609159650135396,1.8609159650135396
2022-05-12 18:00:00,55.78137860082305,58.33843231201172,53.943573859863285,58.338432,-2.557053711188672,2.557053711188672
2022-05-12 19:00:00,53.73971193415638,56.81511688232422,54.485539049680206,56.815117,-3.0754049481678365,3.0754049481678365
2022-05-12 20:00:00,51.86471193415638,58.29741668701172,55.643713755738546,58.297417,-6.4327047528553365,6.4327047528553365
2022-05-12 21:00:00,49.94804526748971,59.20142364501953,56.58236966074857,59.201424,-9.25337837752982,9.25337837752982
2022-05-12 22:00:00,49.73971193415638,56.11451721191406,52.883938787213715,56.114517,-6.37480527775768,6.37480527775768
2022-05-12 23:00:00,49.15637860082305,55.78337860107422,52.14264985188936,55.78338,-6.627000000251172,6.627000000251172
2022-05-13 00:00:00,46.40637860082305,47.93075180053711,51.65857784866607,47.93075,-1.5243731997140628,1.5243731997140628
2022-05-13 01:00:00,45.61471193415638,48.99167251586914,51.839431132580486,48.991673,-3.3769605817127584,3.3769605817127584
2022-05-13 02:00:00,45.03137860082305,50.98191833496094,52.595984045308484,50.98192,-5.950539734137891,5.950539734137891
2022-05-13 03:00:00,44.083333333333336,48.95867156982422,50.576656889722784,48.95867,-4.875338236490883,4.875338236490883
2022-05-16 11:00:00,43.833333333333336,51.74668884277344,52.52034880540152,51.74669,-7.913355509440102,7.913355509440102
2022-05-16 12:00:00,45.833333333333336,51.699546813964844,53.69171082263231,51.699547,-5.866213480631508,5.866213480631508
2022-05-16 13:00:00,46.208333333333336,51.320343017578125,54.59704423635825,51.320343,-5.112009684244789,5.112009684244789
2022-05-16 14:00:00,46.666666666666664,53.05799865722656,52.319945594365954,53.058,-6.391331990559898,6.391331990559898
2022-05-16 15:00:00,46.416666666666664,52.30779266357422,52.38638936051857,52.307793,-5.8911259969075545,5.8911259969075545
2022-05-16 16:00:00,46.125,52.30199432373047,52.74105609047471,52.301994,-6.176994323730469,6.176994323730469
2022-05-16 17:00:00,46.333333333333336,52.142234802246094,52.9777192143547,52.142235,-5.808901468912758,5.808901468912758
2022-05-16 18:00:00,45.833333333333336,53.372859954833984,55.07178469123486,53.37286,-7.539526621500649,7.539526621500649
2022-05-16 19:00:00,45.083333333333336,52.390140533447266,55.02921263989972,52.39014,-7.30680720011393,7.30680720011393
2022-05-16 20:00:00,43.75,52.98015594482422,55.519720415023585,52.980156,-9.230155944824219,9.230155944824219
2022-05-16 21:00:00,43.875,50.736263275146484,53.886631356715014,50.736263,-6.861263275146484,6.861263275146484
2022-05-16 22:00:00,43.125,48.491432189941406,51.22311084793366,48.491432,-5.366432189941406,5.366432189941406
2022-05-16 23:00:00,42.708333333333336,50.5497932434082,52.91914440811329,50.549793,-7.841459910074867,7.841459910074867
2022-05-17 00:00:00,42.25,50.12089157104492,52.29558178093915,50.12089,-7.870891571044922,7.870891571044922
2022-05-17 01:00:00,41.208333333333336,51.232704162597656,51.57698606429311,51.232704,-10.02437082926432,10.02437082926432
2022-05-17 02:00:00,40.291666666666664,53.728065490722656,53.73324296683754,53.728065,-13.436398824055992,13.436398824055992
2022-05-17 03:00:00,40.916666666666664,52.44700241088867,50.503108441917945,52.447002,-11.530335744222008,11.530335744222008
2022-05-17 04:00:00,40.583333333333336,51.3802490234375,50.571859118674524,51.38025,-10.796915690104164,10.796915690104164
2022-05-17 05:00:00,39.625,50.42680740356445,52.90964572979731,50.426807,-10.801807403564453,10.801807403564453
2022-05-17 06:00:00,39.375,48.7764892578125,50.014210163057705,48.77649,-9.4014892578125,9.4014892578125
2022-05-17 07:00:00,39.166666666666664,49.33707046508789,49.16150150986635,49.33707,-10.170403798421226,10.170403798421226
2022-05-17 08:00:00,39.208333333333336,48.92265319824219,49.04906197169644,48.922653,-9.714319864908852,9.714319864908852
2022-05-17 09:00:00,39.166666666666664,48.49538803100586,49.82907573562609,48.495388,-9.328721364339195,9.328721364339195
2022-05-17 10:00:00,39.333333333333336,46.77061462402344,48.41228873312375,46.770615,-7.437281290690102,7.437281290690102
2022-05-17 11:00:00,39.75,42.27653503417969,44.83718571811677,42.276535,-2.5265350341796875,2.5265350341796875
2022-05-17 12:00:00,37.75,42.37611389160156,48.25681799880292,42.376114,-4.6261138916015625,4.6261138916015625
2022-05-17 13:00:00,37.291666666666664,45.5806770324707,49.38979039926497,45.580677,-8.289010365804039,8.289010365804039
2022-05-17 14:00:00,36.708333333333336,45.199790954589844,49.565310491840975,45.19979,-8.491457621256508,8.491457621256508
2022-05-17 15:00:00,36.833333333333336,44.630523681640625,46.97391921268365,44.630524,-7.797190348307289,7.797190348307289
2022-05-17 16:00:00,37.083333333333336,43.426692962646484,46.026200533217896,43.426693,-6.343359629313149,6.343359629313149
2022-05-17 17:00:00,36.875,42.80028533935547,47.39728222761252,42.800285,-5.925285339355469,5.925285339355469
2022-05-17 18:00:00,36.291666666666664,45.13422393798828,47.63651292839986,45.134224,-8.842557271321617,8.842557271321617
2022-05-17 19:00:00,35.875,46.844085693359375,47.31721851233489,46.844086,-10.969085693359375,10.969085693359375
2022-05-17 20:00:00,35.916666666666664,48.13397979736328,48.81887781526235,48.13398,-12.217313130696617,12.217313130696617
2022-05-17 21:00:00,36.083333333333336,50.955467224121094,51.815761961703245,50.955467,-14.872133890787758,14.872133890787758
2022-05-17 22:00:00,36.125,45.95990753173828,44.96472050807825,45.959908,-9.834907531738281,9.834907531738281
2022-05-17 23:00:00,36.0,44.557735443115234,45.05447700195366,44.557735,-8.557735443115234,8.557735443115234
2022-05-18 00:00:00,36.583333333333336,44.483604431152344,45.99275075932434,44.483604,-7.900271097819008,7.900271097819008
2022-05-18 01:00:00,37.333333333333336,45.321929931640625,45.763717966375395,45.32193,-7.988596598307289,7.988596598307289
2022-05-18 02:00:00,37.416666666666664,46.60960388183594,46.27131686275649,46.609604,-9.192937215169273,9.192937215169273
2022-05-18 03:00:00,36.416666666666664,45.75179672241211,46.36376344398826,45.751797,-9.335130055745445,9.335130055745445
2022-05-18 04:00:00,36.75,44.16004943847656,43.79649888450279,44.16005,-7.4100494384765625,7.4100494384765625
2022-05-18 05:00:00,36.958333333333336,43.860618591308594,42.138119476059764,43.86062,-6.902285257975258,6.902285257975258
2022-05-18 06:00:00,37.208333333333336,42.710262298583984,41.08208069956573,42.710262,-5.501928965250649,5.501928965250649
2022-05-18 07:00:00,38.291666666666664,41.76997375488281,41.65690085640706,41.769974,-3.478307088216148,3.478307088216148
2022-05-18 08:00:00,38.541666666666664,44.26414489746094,43.09128740438874,44.264145,-5.722478230794273,5.722478230794273
2022-05-18 09:00:00,38.916666666666664,45.37060546875,43.60763173934208,45.370605,-6.453938802083336,6.453938802083336
2022-05-18 10:00:00,38.958333333333336,43.339962005615234,43.37667309411578,43.339962,-4.381628672281899,4.381628672281899
2022-05-18 11:00:00,38.541666666666664,43.23141860961914,43.715321499104775,43.23142,-4.689751942952476,4.689751942952476
2022-05-18 12:00:00,38.25,42.64910125732422,42.58472897702643,42.6491,-4.399101257324219,4.399101257324219
2022-05-18 13:00:00,37.916666666666664,41.563720703125,42.614472722029696,41.56372,-3.6470540364583357,3.6470540364583357
2022-05-18 14:00:00,38.625,41.90745544433594,41.194843060172424,41.907455,-3.2824554443359375,3.2824554443359375
2022-05-18 15:00:00,38.833333333333336,40.512794494628906,41.10076018827691,40.512794,-1.6794611612955705,1.6794611612955705
2022-05-18 16:00:00,38.458333333333336,39.7540283203125,41.013723647222214,39.75403,-1.2956949869791643,1.2956949869791643
2022-05-18 17:00:00,40.25,39.08439636230469,40.26366327549733,39.084396,1.1656036376953125,1.1656036376953125
2022-05-18 18:00:00,41.208333333333336,42.94964599609375,42.76786118289859,42.949646,-1.7413126627604143,1.7413126627604143
2022-05-18 19:00:00,42.375,40.07415771484375,39.49349255378072,40.074158,2.30084228515625,2.30084228515625
2022-05-18 20:00:00,43.375,38.68144226074219,39.346141350463746,38.681442,4.6935577392578125,4.6935577392578125
2022-05-18 21:00:00,42.833333333333336,37.517581939697266,40.87166162639042,37.517582,5.31575139363607,5.31575139363607
2022-05-18 22:00:00,43.333333333333336,36.092079162597656,37.64712510381532,36.09208,7.2412541707356795,7.2412541707356795
2022-05-18 23:00:00,44.208333333333336,36.40705871582031,37.914464525754916,36.40706,7.801274617513023,7.801274617513023
2022-05-19 00:00:00,45.0,37.93682098388672,39.67114917646075,37.93682,7.063179016113281,7.063179016113281
2022-05-19 01:00:00,44.458333333333336,38.61703109741211,40.05466645553024,38.61703,5.841302235921226,5.841302235921226
2022-05-19 02:00:00,44.0,40.82566452026367,41.76495489520529,40.825665,3.174335479736328,3.174335479736328
2022-05-19 03:00:00,44.333333333333336,36.983238220214844,37.349972195026155,36.98324,7.350095113118492,7.350095113118492
2022-05-19 04:00:00,44.541666666666664,37.15105438232422,37.87586222840108,37.151054,7.3906122843424455,7.3906122843424455
2022-05-19 05:00:00,45.041666666666664,38.004310607910156,38.21137461841165,38.00431,7.037356058756508,7.037356058756508
2022-05-19 06:00:00,45.458333333333336,36.38641357421875,37.71294391539313,36.386414,9.071919759114586,9.071919759114586
2022-05-19 07:00:00,47.333333333333336,38.15639877319336,41.205281598161854,38.1564,9.176934560139976,9.176934560139976
2022-05-19 08:00:00,50.541666666666664,39.139488220214844,40.82713996305991,39.13949,11.40217844645182,11.40217844645182
2022-05-19 09:00:00,53.25,38.040122985839844,40.264888352596934,38.040123,15.209877014160156,15.209877014160156
2022-05-19 10:00:00,55.333333333333336,37.40753173828125,39.18921306746746,37.40753,17.925801595052086,17.925801595052086
2022-05-19 11:00:00,57.125,35.77640151977539,37.496875847526894,35.7764,21.34859848022461,21.34859848022461
2022-05-19 12:00:00,58.916666666666664,39.02158737182617,38.97400852870576,39.021587,19.895079294840492,19.895079294840492
2022-05-19 13:00:00,60.583333333333336,36.007110595703125,36.81067755327901,36.00711,24.57622273763021,24.57622273763021
2022-05-19 14:00:00,60.75,38.28746795654297,40.66849699622446,38.287468,22.46253204345703,22.46253204345703
2022-05-19 15:00:00,61.458333333333336,41.091102600097656,43.99110399618031,41.091103,20.36723073323568,20.36723073323568
2022-05-19 16:00:00,62.375,39.299991607666016,41.98330229044489,39.29999,23.075008392333984,23.075008392333984
2022-05-19 17:00:00,61.583333333333336,40.13591003417969,42.18795052682443,40.13591,21.447423299153648,21.447423299153648
2022-05-19 18:00:00,61.208333333333336,41.28511428833008,42.61533511100575,41.285114,19.923219045003258,19.923219045003258
2022-05-19 19:00:00,59.916666666666664,40.85600280761719,42.29295426835098,40.856003,19.060663859049477,19.060663859049477
2022-05-19 20:00:00,58.583333333333336,47.462467193603516,49.71849827935989,47.462467,11.12086613972982,11.12086613972982
2022-05-19 21:00:00,58.291666666666664,42.22919464111328,41.743363568960795,42.229195,16.062472025553383,16.062472025553383
2022-05-19 22:00:00,58.375,41.50054931640625,41.18614349715588,41.50055,16.87445068359375,16.87445068359375
2022-05-19 23:00:00,57.458333333333336,42.44379425048828,43.31193022435725,42.443794,15.014539082845054,15.014539082845054
2022-05-20 00:00:00,57.458333333333336,43.58894348144531,43.96207436048492,43.588943,13.869389851888023,13.869389851888023
2022-05-20 01:00:00,58.291666666666664,40.28334045410156,39.491493854526404,40.28334,18.008326212565102,18.008326212565102
2022-05-20 02:00:00,60.833333333333336,39.81182861328125,39.648580593060686,39.81183,21.021504720052086,21.021504720052086
2022-05-20 03:00:00,60.958333333333336,39.622581481933594,39.16889367104568,39.62258,21.335751851399742,21.335751851399742
2022-05-20 04:00:00,61.375,41.22490692138672,41.54047397772546,41.224907,20.15009307861328,20.15009307861328
2022-05-20 05:00:00,61.625,43.17757034301758,42.64186586581433,43.17757,18.447429656982422,18.447429656982422
2022-05-20 06:00:00,61.333333333333336,41.21471405029297,42.89092659059009,41.214714,20.118619283040367,20.118619283040367
2022-05-20 07:00:00,58.916666666666664,38.497962951660156,43.66025166132222,38.497963,20.418703715006508,20.418703715006508
2022-05-20 08:00:00,55.083333333333336,44.110504150390625,47.04624963485101,44.110504,10.97282918294271,10.97282918294271
2022-05-20 09:00:00,51.458333333333336,44.20793151855469,47.481083837185686,44.20793,7.250401814778648,7.250401814778648
2022-05-20 10:00:00,50.125,44.79705810546875,47.00306162790429,44.79706,5.32794189453125,5.32794189453125
2022-05-20 11:00:00,49.75,48.07621765136719,48.81405076310088,48.076218,1.6737823486328125,1.6737823486328125
2022-05-20 12:00:00,48.291666666666664,52.613338470458984,51.873797765437324,52.61334,-4.32167180379232,4.32167180379232
2022-05-20 13:00:00,47.583333333333336,42.954803466796875,45.8661654240083,42.954803,4.628529866536461,4.628529866536461
2022-05-20 14:00:00,48.333333333333336,45.06831359863281,47.43220097777672,45.068314,3.265019734700523,3.265019734700523
2022-05-20 15:00:00,48.541666666666664,43.42623519897461,46.599021779929906,43.426235,5.115431467692055,5.115431467692055
2022-05-20 16:00:00,50.041666666666664,42.7557373046875,45.42803030879251,42.755737,7.285929361979164,7.285929361979164
2022-05-20 17:00:00,50.25,49.39535903930664,51.12628320530551,49.39536,0.8546409606933594,0.8546409606933594
2022-05-20 18:00:00,50.5,45.725677490234375,48.42297824750417,45.725677,4.774322509765625,4.774322509765625
2022-05-20 19:00:00,52.791666666666664,42.901344299316406,45.49099192360088,42.901344,9.890322367350258,9.890322367350258
2022-05-20 20:00:00,53.541666666666664,38.219120025634766,43.79200521482195,38.21912,15.322546641031899,15.322546641031899
2022-05-20 21:00:00,55.0,40.63888931274414,44.948793588177516,40.63889,14.36111068725586,14.36111068725586
2022-05-20 22:00:00,57.333333333333336,42.27305603027344,45.560567864315864,42.273056,15.060277303059898,15.060277303059898
2022-05-20 23:00:00,58.583333333333336,40.64623260498047,43.96622803614491,40.646233,17.937100728352867,17.937100728352867
2022-05-21 00:00:00,58.041666666666664,40.49909591674805,46.52803941485565,40.499096,17.542570749918617,17.542570749918617
2022-05-21 01:00:00,58.708333333333336,43.996604919433594,46.949067313856204,43.996605,14.711728413899742,14.711728413899742
2022-05-21 02:00:00,59.0,46.754791259765625,50.91572362356497,46.75479,12.245208740234375,12.245208740234375
2022-05-21 03:00:00,60.541666666666664,42.03321075439453,45.500856199853715,42.03321,18.508455912272133,18.508455912272133
2022-05-21 04:00:00,60.541666666666664,45.17946243286133,47.74609038926251,45.179462,15.362204233805336,15.362204233805336
2022-05-21 05:00:00,61.125,43.127559661865234,45.48904721958767,43.12756,17.997440338134766,17.997440338134766
2022-05-21 06:00:00,61.791666666666664,41.151611328125,43.34916399639857,41.15161,20.640055338541664,20.640055338541664
2022-05-21 07:00:00,63.041666666666664,41.48754119873047,45.32799115649707,41.48754,21.554125467936196,21.554125467936196
2022-05-21 08:00:00,67.16666666666667,43.4598388671875,43.94177552734771,43.45984,23.70682779947917,23.70682779947917
2022-05-21 09:00:00,69.45833333333333,41.30643844604492,42.773621457971146,41.30644,28.151894887288407,28.151894887288407
2022-05-21 10:00:00,71.29166666666667,42.6961669921875,46.98250198604371,42.696167,28.59549967447917,28.59549967447917
2022-05-21 11:00:00,71.41666666666667,46.27134704589844,48.78742490209901,46.271347,25.145319620768234,25.145319620768234
2022-05-21 12:00:00,72.08333333333333,41.25684356689453,43.878766473638294,41.256844,30.826489766438797,30.826489766438797
2022-05-21 13:00:00,73.41666666666667,45.79582214355469,47.46969365727631,45.795822,27.620844523111984,27.620844523111984
2022-05-21 14:00:00,72.95833333333333,46.70574188232422,49.68362520222164,46.70574,26.25259145100911,26.25259145100911
2022-05-21 15:00:00,72.875,48.471160888671875,50.72964356662703,48.47116,24.403839111328125,24.403839111328125
2022-05-21 16:00:00,71.45833333333333,50.594547271728516,53.519783158789615,50.594547,20.863786061604813,20.863786061604813
2022-05-21 17:00:00,71.75,46.236175537109375,48.979350729198174,46.236176,25.513824462890625,25.513824462890625
2022-05-21 18:00:00,71.875,46.648963928222656,48.24155786562601,46.648964,25.226036071777344,25.226036071777344
2022-05-21 19:00:00,70.5,48.765235900878906,49.42189998132414,48.765236,21.734764099121094,21.734764099121094
2022-05-21 20:00:00,70.33333333333333,46.94444274902344,47.67639909699563,46.944443,23.38889058430989,23.38889058430989
2022-05-21 21:00:00,69.91666666666667,51.408973693847656,52.503869799303345,51.408974,18.507692972819015,18.507692972819015
2022-05-21 22:00:00,68.33333333333333,57.98957061767578,56.92882195219688,57.98957,10.343762715657547,10.343762715657547
2022-05-21 23:00:00,68.625,55.146949768066406,54.931466714558965,55.14695,13.478050231933594,13.478050231933594
2022-05-22 00:00:00,68.875,53.46565246582031,53.32935587027853,53.465652,15.409347534179688,15.409347534179688
2022-05-22 01:00:00,68.45833333333333,54.324520111083984,54.858662056614584,54.32452,14.133813222249344,14.133813222249344
2022-05-22 02:00:00,66.41666666666667,55.559261322021484,55.664469664412735,55.55926,10.857405344645187,10.857405344645187
2022-05-22 03:00:00,65.5,58.84624481201172,57.24195672397486,58.846245,6.653755187988281,6.653755187988281
2022-05-22 04:00:00,65.91666666666667,53.55085754394531,52.718662466472715,53.550858,12.365809122721359,12.365809122721359
